{
  "_version": 310,
  "_FontManager__default_weight": "normal",
  "default_size": null,
  "defaultFamily": {
    "ttf": "DejaVu Sans",
    "afm": "Helvetica"
  },
  "ttflist": [
    {
      "fname": "fonts\\ttf\\DejaVuSansDisplay.ttf",
      "name": "DejaVu Sans Display",
      "style": "normal",
      "variant": "normal",
      "weight": 400,
      "stretch": "normal",
      "size": "scalable",
      "__class__": "FontEntry"
    },
    {
      "fname": "fonts\\ttf\\DejaVuSansMono-BoldOblique.ttf",
      "name": "DejaVu Sans Mono",
      "style": "oblique",
      "variant": "normal",
      "weight": "bold",
      "stretch": "normal",
      "size": "scalable",
      "__class__": "FontEntry"
    },
    {
      "fname": "fonts\\ttf\\STIXGeneral.ttf",
      "name": "STIXGeneral",
      "style": "normal",
      "variant": "normal",
      "weight": "regular",
      "stretch": "normal",
      "size": "scalable",
      "__class__": "FontEntry"
    },
    {
      "fname": "fonts\\ttf\\DejaVuSansMono-Oblique.ttf",
      "name": "DejaVu Sans Mono",
      "style": "oblique",
      "variant": "normal",
      "weight": 400,
      "stretch": "normal",
      "size": "scalable",
      "__class__": "FontEntry"
    },
    {
      "fname": "fonts\\ttf\\STIXSizFourSymBol.ttf",
      "name": "STIXSizeFourSym",
      "style": "normal",
      "variant": "normal",
      "weight": "bold",
      "stretch": "normal",
      "size": "scalable",
      "__class__": "FontEntry"
    },
    {
      "fname": "fonts\\ttf\\STIXSizOneSymBol.ttf",
      "name": "STIXSizeOneSym",
      "style": "normal",
      "variant": "normal",
      "weight": "bold",
      "stretch": "normal",
      "size": "scalable",
      "__class__": "FontEntry"
    },
    {
      "fname": "fonts\\ttf\\STIXSizThreeSymBol.ttf",
      "name": "STIXSizeThreeSym",
      "style": "normal",
      "variant": "normal",
      "weight": "bold",
      "stretch": "normal",
      "size": "scalable",
      "__class__": "FontEntry"
    },
    {
      "fname": "fonts\\ttf\\cmr10.ttf",
      "name": "cmr10",
      "style": "normal",
      "variant": "normal",
      "weight": 400,
      "stretch": "normal",
      "size": "scalable",
      "__class__": "FontEntry"
    },
    {
      "fname": "fonts\\ttf\\STIXSizFourSymReg.ttf",
      "name": "STIXSizeFourSym",
      "style": "normal",
      "variant": "normal",
      "weight": "regular",
      "stretch": "normal",
      "size": "scalable",
      "__class__": "FontEntry"
    },
    {
      "fname": "fonts\\ttf\\DejaVuSansMono-Bold.ttf",
      "name": "DejaVu Sans Mono",
      "style": "normal",
      "variant": "normal",
      "weight": "bold",
      "stretch": "normal",
      "size": "scalable",
      "__class__": "FontEntry"
    },
    {
      "fname": "fonts\\ttf\\cmtt10.ttf",
      "name": "cmtt10",
      "style": "normal",
      "variant": "normal",
      "weight": 400,
      "stretch": "normal",
      "size": "scalable",
      "__class__": "FontEntry"
    },
    {
      "fname": "fonts\\ttf\\STIXSizFiveSymReg.ttf",
      "name": "STIXSizeFiveSym",
      "style": "normal",
      "variant": "normal",
      "weight": "regular",
      "stretch": "normal",
      "size": "scalable",
      "__class__": "FontEntry"
    },
    {
      "fname": "fonts\\ttf\\cmmi10.ttf",
      "name": "cmmi10",
      "style": "normal",
      "variant": "normal",
      "weight": 400,
      "stretch": "normal",
      "size": "scalable",
      "__class__": "FontEntry"
    },
    {
      "fname": "fonts\\ttf\\DejaVuSerif-Bold.ttf",
      "name": "DejaVu Serif",
      "style": "normal",
      "variant": "normal",
      "weight": "bold",
      "stretch": "normal",
      "size": "scalable",
      "__class__": "FontEntry"
    },
    {
      "fname": "fonts\\ttf\\STIXNonUniBol.ttf",
      "name": "STIXNonUnicode",
      "style": "normal",
      "variant": "normal",
      "weight": "bold",
      "stretch": "normal",
      "size": "scalable",
      "__class__": "FontEntry"
    },
    {
      "fname": "fonts\\ttf\\STIXSizOneSymReg.ttf",
      "name": "STIXSizeOneSym",
      "style": "normal",
      "variant": "normal",
      "weight": "regular",
      "stretch": "normal",
      "size": "scalable",
      "__class__": "FontEntry"
    },
    {
      "fname": "fonts\\ttf\\cmss10.ttf",
      "name": "cmss10",
      "style": "normal",
      "variant": "normal",
      "weight": 400,
      "stretch": "normal",
      "size": "scalable",
      "__class__": "FontEntry"
    },
    {
      "fname": "fonts\\ttf\\cmex10.ttf",
      "name": "cmex10",
      "style": "normal",
      "variant": "normal",
      "weight": 400,
      "stretch": "normal",
      "size": "scalable",
      "__class__": "FontEntry"
    },
    {
      "fname": "fonts\\ttf\\DejaVuSans-Bold.ttf",
      "name": "DejaVu Sans",
      "style": "normal",
      "variant": "normal",
      "weight": "bold",
      "stretch": "normal",
      "size": "scalable",
      "__class__": "FontEntry"
    },
    {
      "fname": "fonts\\ttf\\DejaVuSerif.ttf",
      "name": "DejaVu Serif",
      "style": "normal",
      "variant": "normal",
      "weight": 400,
      "stretch": "normal",
      "size": "scalable",
      "__class__": "FontEntry"
    },
    {
      "fname": "fonts\\ttf\\STIXGeneralBol.ttf",
      "name": "STIXGeneral",
      "style": "normal",
      "variant": "normal",
      "weight": "bold",
      "stretch": "normal",
      "size": "scalable",
      "__class__": "FontEntry"
    },
    {
      "fname": "fonts\\ttf\\STIXNonUniIta.ttf",
      "name": "STIXNonUnicode",
      "style": "italic",
      "variant": "normal",
      "weight": 400,
      "stretch": "normal",
      "size": "scalable",
      "__class__": "FontEntry"
    },
    {
      "fname": "fonts\\ttf\\DejaVuSans-BoldOblique.ttf",
      "name": "DejaVu Sans",
      "style": "oblique",
      "variant": "normal",
      "weight": "bold",
      "stretch": "normal",
      "size": "scalable",
      "__class__": "FontEntry"
    },
    {
      "fname": "fonts\\ttf\\STIXSizThreeSymReg.ttf",
      "name": "STIXSizeThreeSym",
      "style": "normal",
      "variant": "normal",
      "weight": "regular",
      "stretch": "normal",
      "size": "scalable",
      "__class__": "FontEntry"
    },
    {
      "fname": "fonts\\ttf\\cmb10.ttf",
      "name": "cmb10",
      "style": "normal",
      "variant": "normal",
      "weight": 400,
      "stretch": "normal",
      "size": "scalable",
      "__class__": "FontEntry"
    },
    {
      "fname": "fonts\\ttf\\DejaVuSansMono.ttf",
      "name": "DejaVu Sans Mono",
      "style": "normal",
      "variant": "normal",
      "weight": 400,
      "stretch": "normal",
      "size": "scalable",
      "__class__": "FontEntry"
    },
    {
      "fname": "fonts\\ttf\\STIXSizTwoSymBol.ttf",
      "name": "STIXSizeTwoSym",
      "style": "normal",
      "variant": "normal",
      "weight": "bold",
      "stretch": "normal",
      "size": "scalable",
      "__class__": "FontEntry"
    },
    {
      "fname": "fonts\\ttf\\STIXSizTwoSymReg.ttf",
      "name": "STIXSizeTwoSym",
      "style": "normal",
      "variant": "normal",
      "weight": "regular",
      "stretch": "normal",
      "size": "scalable",
      "__class__": "FontEntry"
    },
    {
      "fname": "fonts\\ttf\\DejaVuSans-Oblique.ttf",
      "name": "DejaVu Sans",
      "style": "oblique",
      "variant": "normal",
      "weight": 400,
      "stretch": "normal",
      "size": "scalable",
      "__class__": "FontEntry"
    },
    {
      "fname": "fonts\\ttf\\DejaVuSerif-BoldItalic.ttf",
      "name": "DejaVu Serif",
      "style": "italic",
      "variant": "normal",
      "weight": "bold",
      "stretch": "normal",
      "size": "scalable",
      "__class__": "FontEntry"
    },
    {
      "fname": "fonts\\ttf\\DejaVuSerif-Italic.ttf",
      "name": "DejaVu Serif",
      "style": "italic",
      "variant": "normal",
      "weight": 400,
      "stretch": "normal",
      "size": "scalable",
      "__class__": "FontEntry"
    },
    {
      "fname": "fonts\\ttf\\STIXNonUni.ttf",
      "name": "STIXNonUnicode",
      "style": "normal",
      "variant": "normal",
      "weight": "regular",
      "stretch": "normal",
      "size": "scalable",
      "__class__": "FontEntry"
    },
    {
      "fname": "fonts\\ttf\\STIXGeneralBolIta.ttf",
      "name": "STIXGeneral",
      "style": "italic",
      "variant": "normal",
      "weight": "bold",
      "stretch": "normal",
      "size": "scalable",
      "__class__": "FontEntry"
    },
    {
      "fname": "fonts\\ttf\\DejaVuSerifDisplay.ttf",
      "name": "DejaVu Serif Display",
      "style": "normal",
      "variant": "normal",
      "weight": 400,
      "stretch": "normal",
      "size": "scalable",
      "__class__": "FontEntry"
    },
    {
      "fname": "fonts\\ttf\\STIXGeneralItalic.ttf",
      "name": "STIXGeneral",
      "style": "italic",
      "variant": "normal",
      "weight": 400,
      "stretch": "normal",
      "size": "scalable",
      "__class__": "FontEntry"
    },
    {
      "fname": "fonts\\ttf\\cmsy10.ttf",
      "name": "cmsy10",
      "style": "normal",
      "variant": "normal",
      "weight": 400,
      "stretch": "normal",
      "size": "scalable",
      "__class__": "FontEntry"
    },
    {
      "fname": "fonts\\ttf\\DejaVuSans.ttf",
      "name": "DejaVu Sans",
      "style": "normal",
      "variant": "normal",
      "weight": 400,
      "stretch": "normal",
      "size": "scalable",
      "__class__": "FontEntry"
    },
    {
      "fname": "fonts\\ttf\\STIXNonUniBolIta.ttf",
      "name": "STIXNonUnicode",
      "style": "italic",
      "variant": "normal",
      "weight": "bold",
      "stretch": "normal",
      "size": "scalable",
      "__class__": "FontEntry"
    },
    {
      "fname": "C:\\WINDOWS\\Fonts\\georgiai.ttf",
      "name": "Georgia",
      "style": "italic",
      "variant": "normal",
      "weight": 400,
      "stretch": "normal",
      "size": "scalable",
      "__class__": "FontEntry"
    },
    {
      "fname": "C:\\WINDOWS\\Fonts\\calibrib.ttf",
      "name": "Calibri",
      "style": "normal",
      "variant": "normal",
      "weight": "bold",
      "stretch": "normal",
      "size": "scalable",
      "__class__": "FontEntry"
    },
    {
      "fname": "C:\\Windows\\Fonts\\BASKVILL.TTF",
      "name": "Baskerville Old Face",
      "style": "normal",
      "variant": "normal",
      "weight": 400,
      "stretch": "normal",
      "size": "scalable",
      "__class__": "FontEntry"
    },
    {
      "fname": "C:\\Windows\\Fonts\\segoeuib.ttf",
      "name": "Segoe UI",
      "style": "normal",
      "variant": "normal",
      "weight": "bold",
      "stretch": "normal",
      "size": "scalable",
      "__class__": "FontEntry"
    },
    {
      "fname": "C:\\Windows\\Fonts\\msgothic.ttc",
      "name": "MS Gothic",
      "style": "normal",
      "variant": "normal",
      "weight": 400,
      "stretch": "normal",
      "size": "scalable",
      "__class__": "FontEntry"
    },
    {
      "fname": "C:\\WINDOWS\\Fonts\\FRSCRIPT.TTF",
      "name": "French Script MT",
      "style": "normal",
      "variant": "normal",
      "weight": 400,
      "stretch": "normal",
      "size": "scalable",
      "__class__": "FontEntry"
    },
    {
      "fname": "C:\\Windows\\Fonts\\mvboli.ttf",
      "name": "MV Boli",
      "style": "normal",
      "variant": "normal",
      "weight": 400,
      "stretch": "normal",
      "size": "scalable",
      "__class__": "FontEntry"
    },
    {
      "fname": "C:\\WINDOWS\\Fonts\\comici.ttf",
      "name": "Comic Sans MS",
      "style": "italic",
      "variant": "normal",
      "weight": 400,
      "stretch": "normal",
      "size": "scalable",
      "__class__": "FontEntry"
    },
    {
      "fname": "C:\\WINDOWS\\Fonts\\BRLNSDB.TTF",
      "name": "Berlin Sans FB Demi",
      "style": "normal",
      "variant": "normal",
      "weight": "demi",
      "stretch": "normal",
      "size": "scalable",
      "__class__": "FontEntry"
    },
    {
      "fname": "C:\\WINDOWS\\Fonts\\constani.ttf",
      "name": "Constantia",
      "style": "italic",
      "variant": "normal",
      "weight": 400,
      "stretch": "normal",
      "size": "scalable",
      "__class__": "FontEntry"
    },
    {
      "fname": "C:\\Windows\\Fonts\\comic.ttf",
      "name": "Comic Sans MS",
      "style": "normal",
      "variant": "normal",
      "weight": 400,
      "stretch": "normal",
      "size": "scalable",
      "__class__": "FontEntry"
    },
    {
      "fname": "C:\\WINDOWS\\Fonts\\malgun.ttf",
      "name": "Malgun Gothic",
      "style": "normal",
      "variant": "normal",
      "weight": 400,
      "stretch": "normal",
      "size": "scalable",
      "__class__": "FontEntry"
    },
    {
      "fname": "C:\\WINDOWS\\Fonts\\NIAGSOL.TTF",
      "name": "Niagara Solid",
      "style": "normal",
      "variant": "normal",
      "weight": 400,
      "stretch": "normal",
      "size": "scalable",
      "__class__": "FontEntry"
    },
    {
      "fname": "C:\\WINDOWS\\Fonts\\timesbi.ttf",
      "name": "Times New Roman",
      "style": "italic",
      "variant": "normal",
      "weight": "roman",
      "stretch": "normal",
      "size": "scalable",
      "__class__": "FontEntry"
    },
    {
      "fname": "C:\\Windows\\Fonts\\corbelli.ttf",
      "name": "Corbel",
      "style": "italic",
      "variant": "normal",
      "weight": "light",
      "stretch": "normal",
      "size": "scalable",
      "__class__": "FontEntry"
    },
    {
      "fname": "C:\\Windows\\Fonts\\sylfaen.ttf",
      "name": "Sylfaen",
      "style": "normal",
      "variant": "normal",
      "weight": 400,
      "stretch": "normal",
      "size": "scalable",
      "__class__": "FontEntry"
    },
    {
      "fname": "C:\\Windows\\Fonts\\courbi.ttf",
      "name": "Courier New",
      "style": "italic",
      "variant": "normal",
      "weight": "bold",
      "stretch": "normal",
      "size": "scalable",
      "__class__": "FontEntry"
    },
    {
      "fname": "C:\\WINDOWS\\Fonts\\holomdl2.ttf",
      "name": "HoloLens MDL2 Assets",
      "style": "normal",
      "variant": "normal",
      "weight": 400,
      "stretch": "normal",
      "size": "scalable",
      "__class__": "FontEntry"
    },
    {
      "fname": "C:\\WINDOWS\\Fonts\\Candarab.ttf",
      "name": "Candara",
      "style": "normal",
      "variant": "normal",
      "weight": "bold",
      "stretch": "normal",
      "size": "scalable",
      "__class__": "FontEntry"
    },
    {
      "fname": "C:\\WINDOWS\\Fonts\\SourceSansPro-ExtraLight.ttf",
      "name": "Source Sans Pro",
      "style": "normal",
      "variant": "normal",
      "weight": "light",
      "stretch": "normal",
      "size": "scalable",
      "__class__": "FontEntry"
    },
    {
      "fname": "C:\\WINDOWS\\Fonts\\cambriai.ttf",
      "name": "Cambria",
      "style": "italic",
      "variant": "normal",
      "weight": 400,
      "stretch": "normal",
      "size": "scalable",
      "__class__": "FontEntry"
    },
    {
      "fname": "C:\\WINDOWS\\Fonts\\ANTQUAI.TTF",
      "name": "Book Antiqua",
      "style": "italic",
      "variant": "normal",
      "weight": "book",
      "stretch": "normal",
      "size": "scalable",
      "__class__": "FontEntry"
    },
    {
      "fname": "C:\\WINDOWS\\Fonts\\segoescb.ttf",
      "name": "Segoe Script",
      "style": "normal",
      "variant": "normal",
      "weight": "bold",
      "stretch": "normal",
      "size": "scalable",
      "__class__": "FontEntry"
    },
    {
      "fname": "C:\\Windows\\Fonts\\segoepr.ttf",
      "name": "Segoe Print",
      "style": "normal",
      "variant": "normal",
      "weight": 400,
      "stretch": "normal",
      "size": "scalable",
      "__class__": "FontEntry"
    },
    {
      "fname": "C:\\WINDOWS\\Fonts\\MTCORSVA.TTF",
      "name": "Monotype Corsiva",
      "style": "normal",
      "variant": "normal",
      "weight": 400,
      "stretch": "normal",
      "size": "scalable",
      "__class__": "FontEntry"
    },
    {
      "fname": "C:\\WINDOWS\\Fonts\\segoeprb.ttf",
      "name": "Segoe Print",
      "style": "normal",
      "variant": "normal",
      "weight": "bold",
      "stretch": "normal",
      "size": "scalable",
      "__class__": "FontEntry"
    },
    {
      "fname": "C:\\Windows\\Fonts\\courbd.ttf",
      "name": "Courier New",
      "style": "normal",
      "variant": "normal",
      "weight": "bold",
      "stretch": "normal",
      "size": "scalable",
      "__class__": "FontEntry"
    },
    {
      "fname": "C:\\WINDOWS\\Fonts\\simsunb.ttf",
      "name": "SimSun-ExtB",
      "style": "normal",
      "variant": "normal",
      "weight": 400,
      "stretch": "normal",
      "size": "scalable",
      "__class__": "FontEntry"
    },
    {
      "fname": "C:\\Windows\\Fonts\\taileb.ttf",
      "name": "Microsoft Tai Le",
      "style": "normal",
      "variant": "normal",
      "weight": "bold",
      "stretch": "normal",
      "size": "scalable",
      "__class__": "FontEntry"
    },
    {
      "fname": "C:\\Windows\\Fonts\\LFAXI.TTF",
      "name": "Lucida Fax",
      "style": "italic",
      "variant": "normal",
      "weight": 400,
      "stretch": "normal",
      "size": "scalable",
      "__class__": "FontEntry"
    },
    {
      "fname": "C:\\Windows\\Fonts\\HARNGTON.TTF",
      "name": "Harrington",
      "style": "normal",
      "variant": "normal",
      "weight": 400,
      "stretch": "normal",
      "size": "scalable",
      "__class__": "FontEntry"
    },
    {
      "fname": "C:\\WINDOWS\\Fonts\\Candarali.ttf",
      "name": "Candara",
      "style": "italic",
      "variant": "normal",
      "weight": "light",
      "stretch": "normal",
      "size": "scalable",
      "__class__": "FontEntry"
    },
    {
      "fname": "C:\\WINDOWS\\Fonts\\arialnbi.ttf",
      "name": "Arial",
      "style": "italic",
      "variant": "normal",
      "weight": "bold",
      "stretch": "condensed",
      "size": "scalable",
      "__class__": "FontEntry"
    },
    {
      "fname": "C:\\Windows\\Fonts\\verdanai.ttf",
      "name": "Verdana",
      "style": "italic",
      "variant": "normal",
      "weight": 400,
      "stretch": "normal",
      "size": "scalable",
      "__class__": "FontEntry"
    },
    {
      "fname": "C:\\Windows\\Fonts\\wingding.ttf",
      "name": "Wingdings",
      "style": "normal",
      "variant": "normal",
      "weight": 400,
      "stretch": "normal",
      "size": "scalable",
      "__class__": "FontEntry"
    },
    {
      "fname": "C:\\Windows\\Fonts\\Candaral.ttf",
      "name": "Candara",
      "style": "normal",
      "variant": "normal",
      "weight": "light",
      "stretch": "normal",
      "size": "scalable",
      "__class__": "FontEntry"
    },
    {
      "fname": "C:\\WINDOWS\\Fonts\\seguibl.ttf",
      "name": "Segoe UI",
      "style": "normal",
      "variant": "normal",
      "weight": "black",
      "stretch": "normal",
      "size": "scalable",
      "__class__": "FontEntry"
    },
    {
      "fname": "C:\\WINDOWS\\Fonts\\javatext.ttf",
      "name": "Javanese Text",
      "style": "normal",
      "variant": "normal",
      "weight": 400,
      "stretch": "normal",
      "size": "scalable",
      "__class__": "FontEntry"
    },
    {
      "fname": "C:\\WINDOWS\\Fonts\\GARA.TTF",
      "name": "Garamond",
      "style": "normal",
      "variant": "normal",
      "weight": 400,
      "stretch": "normal",
      "size": "scalable",
      "__class__": "FontEntry"
    },
    {
      "fname": "C:\\Windows\\Fonts\\BERNHC.TTF",
      "name": "Bernard MT Condensed",
      "style": "normal",
      "variant": "normal",
      "weight": 400,
      "stretch": "condensed",
      "size": "scalable",
      "__class__": "FontEntry"
    },
    {
      "fname": "C:\\Windows\\Fonts\\verdanab.ttf",
      "name": "Verdana",
      "style": "normal",
      "variant": "normal",
      "weight": "bold",
      "stretch": "normal",
      "size": "scalable",
      "__class__": "FontEntry"
    },
    {
      "fname": "C:\\WINDOWS\\Fonts\\NirmalaB.ttf",
      "name": "Nirmala UI",
      "style": "normal",
      "variant": "normal",
      "weight": "bold",
      "stretch": "normal",
      "size": "scalable",
      "__class__": "FontEntry"
    },
    {
      "fname": "C:\\WINDOWS\\Fonts\\MSUIGHUB.TTF",
      "name": "Microsoft Uighur",
      "style": "normal",
      "variant": "normal",
      "weight": "bold",
      "stretch": "normal",
      "size": "scalable",
      "__class__": "FontEntry"
    },
    {
      "fname": "C:\\WINDOWS\\Fonts\\msyi.ttf",
      "name": "Microsoft Yi Baiti",
      "style": "normal",
      "variant": "normal",
      "weight": 400,
      "stretch": "normal",
      "size": "scalable",
      "__class__": "FontEntry"
    },
    {
      "fname": "C:\\WINDOWS\\Fonts\\seguisbi.ttf",
      "name": "Segoe UI",
      "style": "italic",
      "variant": "normal",
      "weight": "semibold",
      "stretch": "normal",
      "size": "scalable",
      "__class__": "FontEntry"
    },
    {
      "fname": "C:\\WINDOWS\\Fonts\\BELLI.TTF",
      "name": "Bell MT",
      "style": "italic",
      "variant": "normal",
      "weight": 400,
      "stretch": "normal",
      "size": "scalable",
      "__class__": "FontEntry"
    },
    {
      "fname": "C:\\WINDOWS\\Fonts\\Lato-Regular.ttf",
      "name": "Lato",
      "style": "normal",
      "variant": "normal",
      "weight": "regular",
      "stretch": "normal",
      "size": "scalable",
      "__class__": "FontEntry"
    },
    {
      "fname": "C:\\Windows\\Fonts\\OLDENGL.TTF",
      "name": "Old English Text MT",
      "style": "normal",
      "variant": "normal",
      "weight": 400,
      "stretch": "normal",
      "size": "scalable",
      "__class__": "FontEntry"
    },
    {
      "fname": "C:\\WINDOWS\\Fonts\\palai.ttf",
      "name": "Palatino Linotype",
      "style": "italic",
      "variant": "normal",
      "weight": 400,
      "stretch": "normal",
      "size": "scalable",
      "__class__": "FontEntry"
    },
    {
      "fname": "C:\\Windows\\Fonts\\COLONNA.TTF",
      "name": "Colonna MT",
      "style": "normal",
      "variant": "normal",
      "weight": 400,
      "stretch": "normal",
      "size": "scalable",
      "__class__": "FontEntry"
    },
    {
      "fname": "C:\\Windows\\Fonts\\GARAIT.TTF",
      "name": "Garamond",
      "style": "italic",
      "variant": "normal",
      "weight": 400,
      "stretch": "normal",
      "size": "scalable",
      "__class__": "FontEntry"
    },
    {
      "fname": "C:\\WINDOWS\\Fonts\\msyhbd.ttc",
      "name": "Microsoft YaHei",
      "style": "normal",
      "variant": "normal",
      "weight": "bold",
      "stretch": "normal",
      "size": "scalable",
      "__class__": "FontEntry"
    },
    {
      "fname": "C:\\Windows\\Fonts\\ALGER.TTF",
      "name": "Algerian",
      "style": "normal",
      "variant": "normal",
      "weight": 400,
      "stretch": "normal",
      "size": "scalable",
      "__class__": "FontEntry"
    },
    {
      "fname": "C:\\WINDOWS\\Fonts\\REFSPCL.TTF",
      "name": "MS Reference Specialty",
      "style": "normal",
      "variant": "normal",
      "weight": 400,
      "stretch": "normal",
      "size": "scalable",
      "__class__": "FontEntry"
    },
    {
      "fname": "C:\\Windows\\Fonts\\MTEXTRA.TTF",
      "name": "MT Extra",
      "style": "normal",
      "variant": "normal",
      "weight": 400,
      "stretch": "normal",
      "size": "scalable",
      "__class__": "FontEntry"
    },
    {
      "fname": "C:\\WINDOWS\\Fonts\\segoeuii.ttf",
      "name": "Segoe UI",
      "style": "italic",
      "variant": "normal",
      "weight": 400,
      "stretch": "normal",
      "size": "scalable",
      "__class__": "FontEntry"
    },
    {
      "fname": "C:\\Windows\\Fonts\\Rajdhani-Regular.ttf",
      "name": "Rajdhani",
      "style": "normal",
      "variant": "normal",
      "weight": 400,
      "stretch": "normal",
      "size": "scalable",
      "__class__": "FontEntry"
    },
    {
      "fname": "C:\\Windows\\Fonts\\gadugib.ttf",
      "name": "Gadugi",
      "style": "normal",
      "variant": "normal",
      "weight": "bold",
      "stretch": "normal",
      "size": "scalable",
      "__class__": "FontEntry"
    },
    {
      "fname": "C:\\Windows\\Fonts\\YuGothM.ttc",
      "name": "Yu Gothic",
      "style": "normal",
      "variant": "normal",
      "weight": "medium",
      "stretch": "normal",
      "size": "scalable",
      "__class__": "FontEntry"
    },
    {
      "fname": "C:\\WINDOWS\\Fonts\\LBRITED.TTF",
      "name": "Lucida Bright",
      "style": "normal",
      "variant": "normal",
      "weight": "demibold",
      "stretch": "normal",
      "size": "scalable",
      "__class__": "FontEntry"
    },
    {
      "fname": "C:\\Windows\\Fonts\\GOTHICBI.TTF",
      "name": "Century Gothic",
      "style": "italic",
      "variant": "normal",
      "weight": "bold",
      "stretch": "normal",
      "size": "scalable",
      "__class__": "FontEntry"
    },
    {
      "fname": "C:\\WINDOWS\\Fonts\\NIAGENG.TTF",
      "name": "Niagara Engraved",
      "style": "normal",
      "variant": "normal",
      "weight": 400,
      "stretch": "normal",
      "size": "scalable",
      "__class__": "FontEntry"
    },
    {
      "fname": "C:\\Windows\\Fonts\\Candaraz.ttf",
      "name": "Candara",
      "style": "italic",
      "variant": "normal",
      "weight": "bold",
      "stretch": "normal",
      "size": "scalable",
      "__class__": "FontEntry"
    },
    {
      "fname": "C:\\WINDOWS\\Fonts\\CALIFR.TTF",
      "name": "Californian FB",
      "style": "normal",
      "variant": "normal",
      "weight": 400,
      "stretch": "normal",
      "size": "scalable",
      "__class__": "FontEntry"
    },
    {
      "fname": "C:\\Windows\\Fonts\\BAUHS93.TTF",
      "name": "Bauhaus 93",
      "style": "normal",
      "variant": "normal",
      "weight": 400,
      "stretch": "normal",
      "size": "scalable",
      "__class__": "FontEntry"
    },
    {
      "fname": "C:\\Windows\\Fonts\\calibrii.ttf",
      "name": "Calibri",
      "style": "italic",
      "variant": "normal",
      "weight": 400,
      "stretch": "normal",
      "size": "scalable",
      "__class__": "FontEntry"
    },
    {
      "fname": "C:\\WINDOWS\\Fonts\\YuGothR.ttc",
      "name": "Yu Gothic",
      "style": "normal",
      "variant": "normal",
      "weight": "regular",
      "stretch": "normal",
      "size": "scalable",
      "__class__": "FontEntry"
    },
    {
      "fname": "C:\\WINDOWS\\Fonts\\PAPYRUS.TTF",
      "name": "Papyrus",
      "style": "normal",
      "variant": "normal",
      "weight": 400,
      "stretch": "normal",
      "size": "scalable",
      "__class__": "FontEntry"
    },
    {
      "fname": "C:\\Windows\\Fonts\\constan.ttf",
      "name": "Constantia",
      "style": "normal",
      "variant": "normal",
      "weight": 400,
      "stretch": "normal",
      "size": "scalable",
      "__class__": "FontEntry"
    },
    {
      "fname": "C:\\WINDOWS\\Fonts\\palab.ttf",
      "name": "Palatino Linotype",
      "style": "normal",
      "variant": "normal",
      "weight": "bold",
      "stretch": "normal",
      "size": "scalable",
      "__class__": "FontEntry"
    },
    {
      "fname": "C:\\WINDOWS\\Fonts\\HTOWERT.TTF",
      "name": "High Tower Text",
      "style": "normal",
      "variant": "normal",
      "weight": 400,
      "stretch": "normal",
      "size": "scalable",
      "__class__": "FontEntry"
    },
    {
      "fname": "C:\\WINDOWS\\Fonts\\DUBAI-LIGHT.TTF",
      "name": "Dubai",
      "style": "normal",
      "variant": "normal",
      "weight": "light",
      "stretch": "normal",
      "size": "scalable",
      "__class__": "FontEntry"
    },
    {
      "fname": "C:\\Windows\\Fonts\\tahoma.ttf",
      "name": "Tahoma",
      "style": "normal",
      "variant": "normal",
      "weight": 400,
      "stretch": "normal",
      "size": "scalable",
      "__class__": "FontEntry"
    },
    {
      "fname": "C:\\WINDOWS\\Fonts\\seguisym.ttf",
      "name": "Segoe UI Symbol",
      "style": "normal",
      "variant": "normal",
      "weight": 400,
      "stretch": "normal",
      "size": "scalable",
      "__class__": "FontEntry"
    },
    {
      "fname": "C:\\Windows\\Fonts\\PRISTINA.TTF",
      "name": "Pristina",
      "style": "normal",
      "variant": "normal",
      "weight": 400,
      "stretch": "normal",
      "size": "scalable",
      "__class__": "FontEntry"
    },
    {
      "fname": "C:\\Windows\\Fonts\\segoeuiz.ttf",
      "name": "Segoe UI",
      "style": "italic",
      "variant": "normal",
      "weight": "bold",
      "stretch": "normal",
      "size": "scalable",
      "__class__": "FontEntry"
    },
    {
      "fname": "C:\\WINDOWS\\Fonts\\msyh.ttc",
      "name": "Microsoft YaHei",
      "style": "normal",
      "variant": "normal",
      "weight": 400,
      "stretch": "normal",
      "size": "scalable",
      "__class__": "FontEntry"
    },
    {
      "fname": "C:\\Windows\\Fonts\\calibril.ttf",
      "name": "Calibri",
      "style": "normal",
      "variant": "normal",
      "weight": "light",
      "stretch": "normal",
      "size": "scalable",
      "__class__": "FontEntry"
    },
    {
      "fname": "C:\\Windows\\Fonts\\LFAXDI.TTF",
      "name": "Lucida Fax",
      "style": "italic",
      "variant": "normal",
      "weight": "demibold",
      "stretch": "normal",
      "size": "scalable",
      "__class__": "FontEntry"
    },
    {
      "fname": "C:\\WINDOWS\\Fonts\\GOTHIC.TTF",
      "name": "Century Gothic",
      "style": "normal",
      "variant": "normal",
      "weight": 400,
      "stretch": "normal",
      "size": "scalable",
      "__class__": "FontEntry"
    },
    {
      "fname": "C:\\Windows\\Fonts\\ntailu.ttf",
      "name": "Microsoft New Tai Lue",
      "style": "normal",
      "variant": "normal",
      "weight": 400,
      "stretch": "normal",
      "size": "scalable",
      "__class__": "FontEntry"
    },
    {
      "fname": "C:\\WINDOWS\\Fonts\\MISTRAL.TTF",
      "name": "Mistral",
      "style": "normal",
      "variant": "normal",
      "weight": 400,
      "stretch": "normal",
      "size": "scalable",
      "__class__": "FontEntry"
    },
    {
      "fname": "C:\\WINDOWS\\Fonts\\segoeui.ttf",
      "name": "Segoe UI",
      "style": "normal",
      "variant": "normal",
      "weight": 400,
      "stretch": "normal",
      "size": "scalable",
      "__class__": "FontEntry"
    },
    {
      "fname": "C:\\Windows\\Fonts\\CENTAUR.TTF",
      "name": "Centaur",
      "style": "normal",
      "variant": "normal",
      "weight": 400,
      "stretch": "normal",
      "size": "scalable",
      "__class__": "FontEntry"
    },
    {
      "fname": "C:\\WINDOWS\\Fonts\\GOTHICI.TTF",
      "name": "Century Gothic",
      "style": "italic",
      "variant": "normal",
      "weight": 400,
      "stretch": "normal",
      "size": "scalable",
      "__class__": "FontEntry"
    },
    {
      "fname": "C:\\WINDOWS\\Fonts\\DUBAI-REGULAR.TTF",
      "name": "Dubai",
      "style": "normal",
      "variant": "normal",
      "weight": "regular",
      "stretch": "normal",
      "size": "scalable",
      "__class__": "FontEntry"
    },
    {
      "fname": "C:\\Windows\\Fonts\\LATINWD.TTF",
      "name": "Wide Latin",
      "style": "normal",
      "variant": "normal",
      "weight": 400,
      "stretch": "expanded",
      "size": "scalable",
      "__class__": "FontEntry"
    },
    {
      "fname": "C:\\Windows\\Fonts\\DUBAI-MEDIUM.TTF",
      "name": "Dubai",
      "style": "normal",
      "variant": "normal",
      "weight": "medium",
      "stretch": "normal",
      "size": "scalable",
      "__class__": "FontEntry"
    },
    {
      "fname": "C:\\WINDOWS\\Fonts\\consola.ttf",
      "name": "Consolas",
      "style": "normal",
      "variant": "normal",
      "weight": 400,
      "stretch": "normal",
      "size": "scalable",
      "__class__": "FontEntry"
    },
    {
      "fname": "C:\\WINDOWS\\Fonts\\BRLNSR.TTF",
      "name": "Berlin Sans FB",
      "style": "normal",
      "variant": "normal",
      "weight": 400,
      "stretch": "normal",
      "size": "scalable",
      "__class__": "FontEntry"
    },
    {
      "fname": "C:\\Windows\\Fonts\\LCALLIG.TTF",
      "name": "Lucida Calligraphy",
      "style": "italic",
      "variant": "normal",
      "weight": 400,
      "stretch": "normal",
      "size": "scalable",
      "__class__": "FontEntry"
    },
    {
      "fname": "C:\\Windows\\Fonts\\MOD20.TTF",
      "name": "Modern No. 20",
      "style": "normal",
      "variant": "normal",
      "weight": 400,
      "stretch": "normal",
      "size": "scalable",
      "__class__": "FontEntry"
    },
    {
      "fname": "C:\\WINDOWS\\Fonts\\Sitka.ttc",
      "name": "Sitka Small",
      "style": "normal",
      "variant": "normal",
      "weight": 400,
      "stretch": "normal",
      "size": "scalable",
      "__class__": "FontEntry"
    },
    {
      "fname": "C:\\WINDOWS\\Fonts\\SourceSansPro-Regular.ttf",
      "name": "Source Sans Pro",
      "style": "normal",
      "variant": "normal",
      "weight": "regular",
      "stretch": "normal",
      "size": "scalable",
      "__class__": "FontEntry"
    },
    {
      "fname": "C:\\Windows\\Fonts\\ITCKRIST.TTF",
      "name": "Kristen ITC",
      "style": "normal",
      "variant": "normal",
      "weight": 400,
      "stretch": "normal",
      "size": "scalable",
      "__class__": "FontEntry"
    },
    {
      "fname": "C:\\Windows\\Fonts\\NirmalaS.ttf",
      "name": "Nirmala UI",
      "style": "normal",
      "variant": "normal",
      "weight": "light",
      "stretch": "normal",
      "size": "scalable",
      "__class__": "FontEntry"
    },
    {
      "fname": "C:\\Windows\\Fonts\\BELLB.TTF",
      "name": "Bell MT",
      "style": "normal",
      "variant": "normal",
      "weight": "bold",
      "stretch": "normal",
      "size": "scalable",
      "__class__": "FontEntry"
    },
    {
      "fname": "C:\\WINDOWS\\Fonts\\MAGNETOB.TTF",
      "name": "Magneto",
      "style": "normal",
      "variant": "normal",
      "weight": "bold",
      "stretch": "normal",
      "size": "scalable",
      "__class__": "FontEntry"
    },
    {
      "fname": "C:\\Windows\\Fonts\\corbelb.ttf",
      "name": "Corbel",
      "style": "normal",
      "variant": "normal",
      "weight": "bold",
      "stretch": "normal",
      "size": "scalable",
      "__class__": "FontEntry"
    },
    {
      "fname": "C:\\WINDOWS\\Fonts\\DUBAI-BOLD.TTF",
      "name": "Dubai",
      "style": "normal",
      "variant": "normal",
      "weight": "bold",
      "stretch": "normal",
      "size": "scalable",
      "__class__": "FontEntry"
    },
    {
      "fname": "C:\\WINDOWS\\Fonts\\symbol.ttf",
      "name": "Symbol",
      "style": "normal",
      "variant": "normal",
      "weight": 400,
      "stretch": "normal",
      "size": "scalable",
      "__class__": "FontEntry"
    },
    {
      "fname": "C:\\WINDOWS\\Fonts\\Rajdhani-SemiBold.ttf",
      "name": "Rajdhani",
      "style": "normal",
      "variant": "normal",
      "weight": "semibold",
      "stretch": "normal",
      "size": "scalable",
      "__class__": "FontEntry"
    },
    {
      "fname": "C:\\Windows\\Fonts\\segoeuil.ttf",
      "name": "Segoe UI",
      "style": "normal",
      "variant": "normal",
      "weight": "light",
      "stretch": "normal",
      "size": "scalable",
      "__class__": "FontEntry"
    },
    {
      "fname": "C:\\WINDOWS\\Fonts\\cambriab.ttf",
      "name": "Cambria",
      "style": "normal",
      "variant": "normal",
      "weight": "bold",
      "stretch": "normal",
      "size": "scalable",
      "__class__": "FontEntry"
    },
    {
      "fname": "C:\\Windows\\Fonts\\SourceSansPro-Light.ttf",
      "name": "Source Sans Pro",
      "style": "normal",
      "variant": "normal",
      "weight": "light",
      "stretch": "normal",
      "size": "scalable",
      "__class__": "FontEntry"
    },
    {
      "fname": "C:\\Windows\\Fonts\\COOPBL.TTF",
      "name": "Cooper Black",
      "style": "normal",
      "variant": "normal",
      "weight": "black",
      "stretch": "normal",
      "size": "scalable",
      "__class__": "FontEntry"
    },
    {
      "fname": "C:\\Windows\\Fonts\\BOOKOSBI.TTF",
      "name": "Bookman Old Style",
      "style": "italic",
      "variant": "normal",
      "weight": "book",
      "stretch": "normal",
      "size": "scalable",
      "__class__": "FontEntry"
    },
    {
      "fname": "C:\\Windows\\Fonts\\JOKERMAN.TTF",
      "name": "Jokerman",
      "style": "normal",
      "variant": "normal",
      "weight": 400,
      "stretch": "normal",
      "size": "scalable",
      "__class__": "FontEntry"
    },
    {
      "fname": "C:\\Windows\\Fonts\\trebucbd.ttf",
      "name": "Trebuchet MS",
      "style": "normal",
      "variant": "normal",
      "weight": "bold",
      "stretch": "normal",
      "size": "scalable",
      "__class__": "FontEntry"
    },
    {
      "fname": "C:\\Windows\\Fonts\\framdit.ttf",
      "name": "Franklin Gothic Medium",
      "style": "italic",
      "variant": "normal",
      "weight": "medium",
      "stretch": "normal",
      "size": "scalable",
      "__class__": "FontEntry"
    },
    {
      "fname": "C:\\WINDOWS\\Fonts\\Lato-Bold_0.ttf",
      "name": "Lato",
      "style": "normal",
      "variant": "normal",
      "weight": "bold",
      "stretch": "normal",
      "size": "scalable",
      "__class__": "FontEntry"
    },
    {
      "fname": "C:\\Windows\\Fonts\\calibrili.ttf",
      "name": "Calibri",
      "style": "italic",
      "variant": "normal",
      "weight": "light",
      "stretch": "normal",
      "size": "scalable",
      "__class__": "FontEntry"
    },
    {
      "fname": "C:\\WINDOWS\\Fonts\\BSSYM7.TTF",
      "name": "Bookshelf Symbol 7",
      "style": "normal",
      "variant": "normal",
      "weight": "book",
      "stretch": "normal",
      "size": "scalable",
      "__class__": "FontEntry"
    },
    {
      "fname": "C:\\Windows\\Fonts\\STENCIL.TTF",
      "name": "Stencil",
      "style": "normal",
      "variant": "normal",
      "weight": 400,
      "stretch": "normal",
      "size": "scalable",
      "__class__": "FontEntry"
    },
    {
      "fname": "C:\\WINDOWS\\Fonts\\FREESCPT.TTF",
      "name": "Freestyle Script",
      "style": "normal",
      "variant": "normal",
      "weight": 400,
      "stretch": "normal",
      "size": "scalable",
      "__class__": "FontEntry"
    },
    {
      "fname": "C:\\Windows\\Fonts\\LBRITE.TTF",
      "name": "Lucida Bright",
      "style": "normal",
      "variant": "normal",
      "weight": 400,
      "stretch": "normal",
      "size": "scalable",
      "__class__": "FontEntry"
    },
    {
      "fname": "C:\\WINDOWS\\Fonts\\consolaz.ttf",
      "name": "Consolas",
      "style": "italic",
      "variant": "normal",
      "weight": "bold",
      "stretch": "normal",
      "size": "scalable",
      "__class__": "FontEntry"
    },
    {
      "fname": "C:\\WINDOWS\\Fonts\\LBRITEI.TTF",
      "name": "Lucida Bright",
      "style": "italic",
      "variant": "normal",
      "weight": 400,
      "stretch": "normal",
      "size": "scalable",
      "__class__": "FontEntry"
    },
    {
      "fname": "C:\\Windows\\Fonts\\MSUIGHUR.TTF",
      "name": "Microsoft Uighur",
      "style": "normal",
      "variant": "normal",
      "weight": 400,
      "stretch": "normal",
      "size": "scalable",
      "__class__": "FontEntry"
    },
    {
      "fname": "C:\\WINDOWS\\Fonts\\bahnschrift.ttf",
      "name": "Bahnschrift",
      "style": "normal",
      "variant": "normal",
      "weight": 400,
      "stretch": "normal",
      "size": "scalable",
      "__class__": "FontEntry"
    },
    {
      "fname": "C:\\WINDOWS\\Fonts\\SourceSansPro-SemiBold.ttf",
      "name": "Source Sans Pro",
      "style": "normal",
      "variant": "normal",
      "weight": "semibold",
      "stretch": "normal",
      "size": "scalable",
      "__class__": "FontEntry"
    },
    {
      "fname": "C:\\WINDOWS\\Fonts\\OUTLOOK.TTF",
      "name": "MS Outlook",
      "style": "normal",
      "variant": "normal",
      "weight": 400,
      "stretch": "normal",
      "size": "scalable",
      "__class__": "FontEntry"
    },
    {
      "fname": "C:\\WINDOWS\\Fonts\\seguibli.ttf",
      "name": "Segoe UI",
      "style": "italic",
      "variant": "normal",
      "weight": "black",
      "stretch": "normal",
      "size": "scalable",
      "__class__": "FontEntry"
    },
    {
      "fname": "C:\\Windows\\Fonts\\segoesc.ttf",
      "name": "Segoe Script",
      "style": "normal",
      "variant": "normal",
      "weight": 400,
      "stretch": "normal",
      "size": "scalable",
      "__class__": "FontEntry"
    },
    {
      "fname": "C:\\WINDOWS\\Fonts\\CALIFI.TTF",
      "name": "Californian FB",
      "style": "italic",
      "variant": "normal",
      "weight": 400,
      "stretch": "normal",
      "size": "scalable",
      "__class__": "FontEntry"
    },
    {
      "fname": "C:\\WINDOWS\\Fonts\\Lato-HairlineItalic.ttf",
      "name": "Lato",
      "style": "italic",
      "variant": "normal",
      "weight": 400,
      "stretch": "normal",
      "size": "scalable",
      "__class__": "FontEntry"
    },
    {
      "fname": "C:\\Windows\\Fonts\\ANTQUABI.TTF",
      "name": "Book Antiqua",
      "style": "italic",
      "variant": "normal",
      "weight": "book",
      "stretch": "normal",
      "size": "scalable",
      "__class__": "FontEntry"
    },
    {
      "fname": "C:\\WINDOWS\\Fonts\\BOOKOSI.TTF",
      "name": "Bookman Old Style",
      "style": "italic",
      "variant": "normal",
      "weight": "book",
      "stretch": "normal",
      "size": "scalable",
      "__class__": "FontEntry"
    },
    {
      "fname": "C:\\Windows\\Fonts\\LeelawUI.ttf",
      "name": "Leelawadee UI",
      "style": "normal",
      "variant": "normal",
      "weight": 400,
      "stretch": "normal",
      "size": "scalable",
      "__class__": "FontEntry"
    },
    {
      "fname": "C:\\WINDOWS\\Fonts\\georgiaz.ttf",
      "name": "Georgia",
      "style": "italic",
      "variant": "normal",
      "weight": "bold",
      "stretch": "normal",
      "size": "scalable",
      "__class__": "FontEntry"
    },
    {
      "fname": "C:\\Windows\\Fonts\\trebuc.ttf",
      "name": "Trebuchet MS",
      "style": "normal",
      "variant": "normal",
      "weight": 400,
      "stretch": "normal",
      "size": "scalable",
      "__class__": "FontEntry"
    },
    {
      "fname": "C:\\Windows\\Fonts\\calibriz.ttf",
      "name": "Calibri",
      "style": "italic",
      "variant": "normal",
      "weight": "bold",
      "stretch": "normal",
      "size": "scalable",
      "__class__": "FontEntry"
    },
    {
      "fname": "C:\\Windows\\Fonts\\ariali.ttf",
      "name": "Arial",
      "style": "italic",
      "variant": "normal",
      "weight": 400,
      "stretch": "normal",
      "size": "scalable",
      "__class__": "FontEntry"
    },
    {
      "fname": "C:\\WINDOWS\\Fonts\\seguisli.ttf",
      "name": "Segoe UI",
      "style": "italic",
      "variant": "normal",
      "weight": "light",
      "stretch": "normal",
      "size": "scalable",
      "__class__": "FontEntry"
    },
    {
      "fname": "C:\\Windows\\Fonts\\Rajdhani-Light.ttf",
      "name": "Rajdhani",
      "style": "normal",
      "variant": "normal",
      "weight": "light",
      "stretch": "normal",
      "size": "scalable",
      "__class__": "FontEntry"
    },
    {
      "fname": "C:\\WINDOWS\\Fonts\\BELL.TTF",
      "name": "Bell MT",
      "style": "normal",
      "variant": "normal",
      "weight": 400,
      "stretch": "normal",
      "size": "scalable",
      "__class__": "FontEntry"
    },
    {
      "fname": "C:\\Windows\\Fonts\\LBRITEDI.TTF",
      "name": "Lucida Bright",
      "style": "italic",
      "variant": "normal",
      "weight": "demibold",
      "stretch": "normal",
      "size": "scalable",
      "__class__": "FontEntry"
    },
    {
      "fname": "C:\\Windows\\Fonts\\Candara.ttf",
      "name": "Candara",
      "style": "normal",
      "variant": "normal",
      "weight": 400,
      "stretch": "normal",
      "size": "scalable",
      "__class__": "FontEntry"
    },
    {
      "fname": "C:\\Windows\\Fonts\\comicz.ttf",
      "name": "Comic Sans MS",
      "style": "italic",
      "variant": "normal",
      "weight": "bold",
      "stretch": "normal",
      "size": "scalable",
      "__class__": "FontEntry"
    },
    {
      "fname": "C:\\Windows\\Fonts\\seguisb.ttf",
      "name": "Segoe UI",
      "style": "normal",
      "variant": "normal",
      "weight": "semibold",
      "stretch": "normal",
      "size": "scalable",
      "__class__": "FontEntry"
    },
    {
      "fname": "C:\\Windows\\Fonts\\BRLNSB.TTF",
      "name": "Berlin Sans FB",
      "style": "normal",
      "variant": "normal",
      "weight": "bold",
      "stretch": "normal",
      "size": "scalable",
      "__class__": "FontEntry"
    },
    {
      "fname": "C:\\Windows\\Fonts\\constanz.ttf",
      "name": "Constantia",
      "style": "italic",
      "variant": "normal",
      "weight": "bold",
      "stretch": "normal",
      "size": "scalable",
      "__class__": "FontEntry"
    },
    {
      "fname": "C:\\WINDOWS\\Fonts\\constanb.ttf",
      "name": "Constantia",
      "style": "normal",
      "variant": "normal",
      "weight": "bold",
      "stretch": "normal",
      "size": "scalable",
      "__class__": "FontEntry"
    },
    {
      "fname": "C:\\Windows\\Fonts\\Lato-Hairline.ttf",
      "name": "Lato",
      "style": "normal",
      "variant": "normal",
      "weight": 400,
      "stretch": "normal",
      "size": "scalable",
      "__class__": "FontEntry"
    },
    {
      "fname": "C:\\Windows\\Fonts\\ONYX.TTF",
      "name": "Onyx",
      "style": "normal",
      "variant": "normal",
      "weight": 400,
      "stretch": "normal",
      "size": "scalable",
      "__class__": "FontEntry"
    },
    {
      "fname": "C:\\Windows\\Fonts\\SourceSansPro-BoldItalic.ttf",
      "name": "Source Sans Pro",
      "style": "italic",
      "variant": "normal",
      "weight": "bold",
      "stretch": "normal",
      "size": "scalable",
      "__class__": "FontEntry"
    },
    {
      "fname": "C:\\Windows\\Fonts\\ANTQUAB.TTF",
      "name": "Book Antiqua",
      "style": "normal",
      "variant": "normal",
      "weight": "book",
      "stretch": "normal",
      "size": "scalable",
      "__class__": "FontEntry"
    },
    {
      "fname": "C:\\Windows\\Fonts\\mmrtext.ttf",
      "name": "Myanmar Text",
      "style": "normal",
      "variant": "normal",
      "weight": 400,
      "stretch": "normal",
      "size": "scalable",
      "__class__": "FontEntry"
    },
    {
      "fname": "C:\\Windows\\Fonts\\times.ttf",
      "name": "Times New Roman",
      "style": "normal",
      "variant": "normal",
      "weight": "roman",
      "stretch": "normal",
      "size": "scalable",
      "__class__": "FontEntry"
    },
    {
      "fname": "C:\\WINDOWS\\Fonts\\BOD_PSTC.TTF",
      "name": "Bodoni MT",
      "style": "normal",
      "variant": "normal",
      "weight": 400,
      "stretch": "normal",
      "size": "scalable",
      "__class__": "FontEntry"
    },
    {
      "fname": "C:\\Windows\\Fonts\\SourceSansPro-SemiBoldItalic.ttf",
      "name": "Source Sans Pro",
      "style": "italic",
      "variant": "normal",
      "weight": "semibold",
      "stretch": "normal",
      "size": "scalable",
      "__class__": "FontEntry"
    },
    {
      "fname": "C:\\Windows\\Fonts\\gadugi.ttf",
      "name": "Gadugi",
      "style": "normal",
      "variant": "normal",
      "weight": 400,
      "stretch": "normal",
      "size": "scalable",
      "__class__": "FontEntry"
    },
    {
      "fname": "C:\\Windows\\Fonts\\PLAYBILL.TTF",
      "name": "Playbill",
      "style": "normal",
      "variant": "normal",
      "weight": 400,
      "stretch": "normal",
      "size": "scalable",
      "__class__": "FontEntry"
    },
    {
      "fname": "C:\\WINDOWS\\Fonts\\SitkaB.ttc",
      "name": "Sitka Small",
      "style": "normal",
      "variant": "normal",
      "weight": "bold",
      "stretch": "normal",
      "size": "scalable",
      "__class__": "FontEntry"
    },
    {
      "fname": "C:\\WINDOWS\\Fonts\\MATURASC.TTF",
      "name": "Matura MT Script Capitals",
      "style": "normal",
      "variant": "normal",
      "weight": 400,
      "stretch": "normal",
      "size": "scalable",
      "__class__": "FontEntry"
    },
    {
      "fname": "C:\\Windows\\Fonts\\mingliub.ttc",
      "name": "MingLiU-ExtB",
      "style": "normal",
      "variant": "normal",
      "weight": 400,
      "stretch": "normal",
      "size": "scalable",
      "__class__": "FontEntry"
    },
    {
      "fname": "C:\\Windows\\Fonts\\FTLTLT.TTF",
      "name": "Footlight MT Light",
      "style": "normal",
      "variant": "normal",
      "weight": "light",
      "stretch": "normal",
      "size": "scalable",
      "__class__": "FontEntry"
    },
    {
      "fname": "C:\\WINDOWS\\Fonts\\phagspab.ttf",
      "name": "Microsoft PhagsPa",
      "style": "normal",
      "variant": "normal",
      "weight": "bold",
      "stretch": "normal",
      "size": "scalable",
      "__class__": "FontEntry"
    },
    {
      "fname": "C:\\WINDOWS\\Fonts\\POORICH.TTF",
      "name": "Poor Richard",
      "style": "normal",
      "variant": "normal",
      "weight": 400,
      "stretch": "normal",
      "size": "scalable",
      "__class__": "FontEntry"
    },
    {
      "fname": "C:\\WINDOWS\\Fonts\\monbaiti.ttf",
      "name": "Mongolian Baiti",
      "style": "normal",
      "variant": "normal",
      "weight": 400,
      "stretch": "normal",
      "size": "scalable",
      "__class__": "FontEntry"
    },
    {
      "fname": "C:\\WINDOWS\\Fonts\\HTOWERTI.TTF",
      "name": "High Tower Text",
      "style": "italic",
      "variant": "normal",
      "weight": 400,
      "stretch": "normal",
      "size": "scalable",
      "__class__": "FontEntry"
    },
    {
      "fname": "C:\\WINDOWS\\Fonts\\Lato-BlackItalic.ttf",
      "name": "Lato",
      "style": "italic",
      "variant": "normal",
      "weight": "black",
      "stretch": "normal",
      "size": "scalable",
      "__class__": "FontEntry"
    },
    {
      "fname": "C:\\WINDOWS\\Fonts\\Nirmala.ttf",
      "name": "Nirmala UI",
      "style": "normal",
      "variant": "normal",
      "weight": 400,
      "stretch": "normal",
      "size": "scalable",
      "__class__": "FontEntry"
    },
    {
      "fname": "C:\\Windows\\Fonts\\corbeli.ttf",
      "name": "Corbel",
      "style": "italic",
      "variant": "normal",
      "weight": 400,
      "stretch": "normal",
      "size": "scalable",
      "__class__": "FontEntry"
    },
    {
      "fname": "C:\\Windows\\Fonts\\Lato-Light.ttf",
      "name": "Lato",
      "style": "normal",
      "variant": "normal",
      "weight": "light",
      "stretch": "normal",
      "size": "scalable",
      "__class__": "FontEntry"
    },
    {
      "fname": "C:\\Windows\\Fonts\\SourceSansPro-BlackItalic.ttf",
      "name": "Source Sans Pro",
      "style": "italic",
      "variant": "normal",
      "weight": "black",
      "stretch": "normal",
      "size": "scalable",
      "__class__": "FontEntry"
    },
    {
      "fname": "C:\\Windows\\Fonts\\BRADHITC.TTF",
      "name": "Bradley Hand ITC",
      "style": "normal",
      "variant": "normal",
      "weight": 400,
      "stretch": "normal",
      "size": "scalable",
      "__class__": "FontEntry"
    },
    {
      "fname": "C:\\Windows\\Fonts\\SourceSansPro-LightItalic.ttf",
      "name": "Source Sans Pro",
      "style": "italic",
      "variant": "normal",
      "weight": "light",
      "stretch": "normal",
      "size": "scalable",
      "__class__": "FontEntry"
    },
    {
      "fname": "C:\\Windows\\Fonts\\arial.ttf",
      "name": "Arial",
      "style": "normal",
      "variant": "normal",
      "weight": 400,
      "stretch": "normal",
      "size": "scalable",
      "__class__": "FontEntry"
    },
    {
      "fname": "C:\\Windows\\Fonts\\lucon.ttf",
      "name": "Lucida Console",
      "style": "normal",
      "variant": "normal",
      "weight": 400,
      "stretch": "normal",
      "size": "scalable",
      "__class__": "FontEntry"
    },
    {
      "fname": "C:\\Windows\\Fonts\\arialbi.ttf",
      "name": "Arial",
      "style": "italic",
      "variant": "normal",
      "weight": "bold",
      "stretch": "normal",
      "size": "scalable",
      "__class__": "FontEntry"
    },
    {
      "fname": "C:\\WINDOWS\\Fonts\\CALIFB.TTF",
      "name": "Californian FB",
      "style": "normal",
      "variant": "normal",
      "weight": "bold",
      "stretch": "normal",
      "size": "scalable",
      "__class__": "FontEntry"
    },
    {
      "fname": "C:\\Windows\\Fonts\\trebucit.ttf",
      "name": "Trebuchet MS",
      "style": "italic",
      "variant": "normal",
      "weight": 400,
      "stretch": "normal",
      "size": "scalable",
      "__class__": "FontEntry"
    },
    {
      "fname": "C:\\Windows\\Fonts\\cour.ttf",
      "name": "Courier New",
      "style": "normal",
      "variant": "normal",
      "weight": 400,
      "stretch": "normal",
      "size": "scalable",
      "__class__": "FontEntry"
    },
    {
      "fname": "C:\\WINDOWS\\Fonts\\PARCHM.TTF",
      "name": "Parchment",
      "style": "normal",
      "variant": "normal",
      "weight": 400,
      "stretch": "normal",
      "size": "scalable",
      "__class__": "FontEntry"
    },
    {
      "fname": "C:\\Windows\\Fonts\\trebucbi.ttf",
      "name": "Trebuchet MS",
      "style": "italic",
      "variant": "normal",
      "weight": "bold",
      "stretch": "normal",
      "size": "scalable",
      "__class__": "FontEntry"
    },
    {
      "fname": "C:\\WINDOWS\\Fonts\\WINGDNG2.TTF",
      "name": "Wingdings 2",
      "style": "normal",
      "variant": "normal",
      "weight": 400,
      "stretch": "normal",
      "size": "scalable",
      "__class__": "FontEntry"
    },
    {
      "fname": "C:\\Windows\\Fonts\\arialnb.ttf",
      "name": "Arial",
      "style": "normal",
      "variant": "normal",
      "weight": "bold",
      "stretch": "condensed",
      "size": "scalable",
      "__class__": "FontEntry"
    },
    {
      "fname": "C:\\WINDOWS\\Fonts\\BRITANIC.TTF",
      "name": "Britannic Bold",
      "style": "normal",
      "variant": "normal",
      "weight": "bold",
      "stretch": "normal",
      "size": "scalable",
      "__class__": "FontEntry"
    },
    {
      "fname": "C:\\WINDOWS\\Fonts\\arialni.ttf",
      "name": "Arial",
      "style": "italic",
      "variant": "normal",
      "weight": 400,
      "stretch": "condensed",
      "size": "scalable",
      "__class__": "FontEntry"
    },
    {
      "fname": "C:\\Windows\\Fonts\\arialbd.ttf",
      "name": "Arial",
      "style": "normal",
      "variant": "normal",
      "weight": "bold",
      "stretch": "normal",
      "size": "scalable",
      "__class__": "FontEntry"
    },
    {
      "fname": "C:\\WINDOWS\\Fonts\\SourceSansPro-Italic.ttf",
      "name": "Source Sans Pro",
      "style": "italic",
      "variant": "normal",
      "weight": 400,
      "stretch": "normal",
      "size": "scalable",
      "__class__": "FontEntry"
    },
    {
      "fname": "C:\\WINDOWS\\Fonts\\consolai.ttf",
      "name": "Consolas",
      "style": "italic",
      "variant": "normal",
      "weight": 400,
      "stretch": "normal",
      "size": "scalable",
      "__class__": "FontEntry"
    },
    {
      "fname": "C:\\WINDOWS\\Fonts\\segmdl2.ttf",
      "name": "Segoe MDL2 Assets",
      "style": "normal",
      "variant": "normal",
      "weight": 400,
      "stretch": "normal",
      "size": "scalable",
      "__class__": "FontEntry"
    },
    {
      "fname": "C:\\Windows\\Fonts\\Rajdhani-Medium.ttf",
      "name": "Rajdhani",
      "style": "normal",
      "variant": "normal",
      "weight": "medium",
      "stretch": "normal",
      "size": "scalable",
      "__class__": "FontEntry"
    },
    {
      "fname": "C:\\Windows\\Fonts\\GOTHICB.TTF",
      "name": "Century Gothic",
      "style": "normal",
      "variant": "normal",
      "weight": "bold",
      "stretch": "normal",
      "size": "scalable",
      "__class__": "FontEntry"
    },
    {
      "fname": "C:\\Windows\\Fonts\\mmrtextb.ttf",
      "name": "Myanmar Text",
      "style": "normal",
      "variant": "normal",
      "weight": "bold",
      "stretch": "normal",
      "size": "scalable",
      "__class__": "FontEntry"
    },
    {
      "fname": "C:\\Windows\\Fonts\\Inkfree.ttf",
      "name": "Ink Free",
      "style": "normal",
      "variant": "normal",
      "weight": 400,
      "stretch": "normal",
      "size": "scalable",
      "__class__": "FontEntry"
    },
    {
      "fname": "C:\\WINDOWS\\Fonts\\BOOKOSB.TTF",
      "name": "Bookman Old Style",
      "style": "normal",
      "variant": "normal",
      "weight": "book",
      "stretch": "normal",
      "size": "scalable",
      "__class__": "FontEntry"
    },
    {
      "fname": "C:\\Windows\\Fonts\\CHILLER.TTF",
      "name": "Chiller",
      "style": "normal",
      "variant": "normal",
      "weight": 400,
      "stretch": "normal",
      "size": "scalable",
      "__class__": "FontEntry"
    },
    {
      "fname": "C:\\Windows\\Fonts\\LeelaUIb.ttf",
      "name": "Leelawadee UI",
      "style": "normal",
      "variant": "normal",
      "weight": "bold",
      "stretch": "normal",
      "size": "scalable",
      "__class__": "FontEntry"
    },
    {
      "fname": "C:\\WINDOWS\\Fonts\\LFAXD.TTF",
      "name": "Lucida Fax",
      "style": "normal",
      "variant": "normal",
      "weight": "demibold",
      "stretch": "normal",
      "size": "scalable",
      "__class__": "FontEntry"
    },
    {
      "fname": "C:\\Windows\\Fonts\\georgia.ttf",
      "name": "Georgia",
      "style": "normal",
      "variant": "normal",
      "weight": 400,
      "stretch": "normal",
      "size": "scalable",
      "__class__": "FontEntry"
    },
    {
      "fname": "C:\\Windows\\Fonts\\verdanaz.ttf",
      "name": "Verdana",
      "style": "italic",
      "variant": "normal",
      "weight": "bold",
      "stretch": "normal",
      "size": "scalable",
      "__class__": "FontEntry"
    },
    {
      "fname": "C:\\WINDOWS\\Fonts\\VINERITC.TTF",
      "name": "Viner Hand ITC",
      "style": "normal",
      "variant": "normal",
      "weight": 400,
      "stretch": "normal",
      "size": "scalable",
      "__class__": "FontEntry"
    },
    {
      "fname": "C:\\Windows\\Fonts\\msyhl.ttc",
      "name": "Microsoft YaHei",
      "style": "normal",
      "variant": "normal",
      "weight": "light",
      "stretch": "normal",
      "size": "scalable",
      "__class__": "FontEntry"
    },
    {
      "fname": "C:\\WINDOWS\\Fonts\\SNAP____.TTF",
      "name": "Snap ITC",
      "style": "normal",
      "variant": "normal",
      "weight": 400,
      "stretch": "normal",
      "size": "scalable",
      "__class__": "FontEntry"
    },
    {
      "fname": "C:\\Windows\\Fonts\\malgunsl.ttf",
      "name": "Malgun Gothic",
      "style": "normal",
      "variant": "normal",
      "weight": "light",
      "stretch": "normal",
      "size": "scalable",
      "__class__": "FontEntry"
    },
    {
      "fname": "C:\\WINDOWS\\Fonts\\simsun.ttc",
      "name": "SimSun",
      "style": "normal",
      "variant": "normal",
      "weight": 400,
      "stretch": "normal",
      "size": "scalable",
      "__class__": "FontEntry"
    },
    {
      "fname": "C:\\Windows\\Fonts\\SitkaI.ttc",
      "name": "Sitka Small",
      "style": "italic",
      "variant": "normal",
      "weight": 400,
      "stretch": "normal",
      "size": "scalable",
      "__class__": "FontEntry"
    },
    {
      "fname": "C:\\Windows\\Fonts\\cambriaz.ttf",
      "name": "Cambria",
      "style": "italic",
      "variant": "normal",
      "weight": "bold",
      "stretch": "normal",
      "size": "scalable",
      "__class__": "FontEntry"
    },
    {
      "fname": "C:\\WINDOWS\\Fonts\\GARABD.TTF",
      "name": "Garamond",
      "style": "normal",
      "variant": "normal",
      "weight": "bold",
      "stretch": "normal",
      "size": "scalable",
      "__class__": "FontEntry"
    },
    {
      "fname": "C:\\WINDOWS\\Fonts\\Lato-Italic.ttf",
      "name": "Lato",
      "style": "italic",
      "variant": "normal",
      "weight": 400,
      "stretch": "normal",
      "size": "scalable",
      "__class__": "FontEntry"
    },
    {
      "fname": "C:\\WINDOWS\\Fonts\\seguiemj.ttf",
      "name": "Segoe UI Emoji",
      "style": "normal",
      "variant": "normal",
      "weight": 400,
      "stretch": "normal",
      "size": "scalable",
      "__class__": "FontEntry"
    },
    {
      "fname": "C:\\Windows\\Fonts\\JUICE___.TTF",
      "name": "Juice ITC",
      "style": "normal",
      "variant": "normal",
      "weight": 400,
      "stretch": "normal",
      "size": "scalable",
      "__class__": "FontEntry"
    },
    {
      "fname": "C:\\Windows\\Fonts\\seguili.ttf",
      "name": "Segoe UI",
      "style": "italic",
      "variant": "normal",
      "weight": "light",
      "stretch": "normal",
      "size": "scalable",
      "__class__": "FontEntry"
    },
    {
      "fname": "C:\\Windows\\Fonts\\malgunbd.ttf",
      "name": "Malgun Gothic",
      "style": "normal",
      "variant": "normal",
      "weight": "bold",
      "stretch": "normal",
      "size": "scalable",
      "__class__": "FontEntry"
    },
    {
      "fname": "C:\\Windows\\Fonts\\ntailub.ttf",
      "name": "Microsoft New Tai Lue",
      "style": "normal",
      "variant": "normal",
      "weight": "bold",
      "stretch": "normal",
      "size": "scalable",
      "__class__": "FontEntry"
    },
    {
      "fname": "C:\\Windows\\Fonts\\VLADIMIR.TTF",
      "name": "Vladimir Script",
      "style": "normal",
      "variant": "normal",
      "weight": 400,
      "stretch": "normal",
      "size": "scalable",
      "__class__": "FontEntry"
    },
    {
      "fname": "C:\\Windows\\Fonts\\RAVIE.TTF",
      "name": "Ravie",
      "style": "normal",
      "variant": "normal",
      "weight": 400,
      "stretch": "normal",
      "size": "scalable",
      "__class__": "FontEntry"
    },
    {
      "fname": "C:\\WINDOWS\\Fonts\\verdana.ttf",
      "name": "Verdana",
      "style": "normal",
      "variant": "normal",
      "weight": 400,
      "stretch": "normal",
      "size": "scalable",
      "__class__": "FontEntry"
    },
    {
      "fname": "C:\\Windows\\Fonts\\SourceSansPro-Black.ttf",
      "name": "Source Sans Pro",
      "style": "normal",
      "variant": "normal",
      "weight": "black",
      "stretch": "normal",
      "size": "scalable",
      "__class__": "FontEntry"
    },
    {
      "fname": "C:\\WINDOWS\\Fonts\\LeelUIsl.ttf",
      "name": "Leelawadee UI",
      "style": "normal",
      "variant": "normal",
      "weight": "light",
      "stretch": "normal",
      "size": "scalable",
      "__class__": "FontEntry"
    },
    {
      "fname": "C:\\WINDOWS\\Fonts\\BOOKOS.TTF",
      "name": "Bookman Old Style",
      "style": "normal",
      "variant": "normal",
      "weight": "book",
      "stretch": "normal",
      "size": "scalable",
      "__class__": "FontEntry"
    },
    {
      "fname": "C:\\WINDOWS\\Fonts\\SHOWG.TTF",
      "name": "Showcard Gothic",
      "style": "normal",
      "variant": "normal",
      "weight": 400,
      "stretch": "normal",
      "size": "scalable",
      "__class__": "FontEntry"
    },
    {
      "fname": "C:\\WINDOWS\\Fonts\\marlett.ttf",
      "name": "Marlett",
      "style": "normal",
      "variant": "normal",
      "weight": 400,
      "stretch": "normal",
      "size": "scalable",
      "__class__": "FontEntry"
    },
    {
      "fname": "C:\\Windows\\Fonts\\LFAX.TTF",
      "name": "Lucida Fax",
      "style": "normal",
      "variant": "normal",
      "weight": "regular",
      "stretch": "normal",
      "size": "scalable",
      "__class__": "FontEntry"
    },
    {
      "fname": "C:\\Windows\\Fonts\\KUNSTLER.TTF",
      "name": "Kunstler Script",
      "style": "normal",
      "variant": "normal",
      "weight": 400,
      "stretch": "normal",
      "size": "scalable",
      "__class__": "FontEntry"
    },
    {
      "fname": "C:\\WINDOWS\\Fonts\\ebrima.ttf",
      "name": "Ebrima",
      "style": "normal",
      "variant": "normal",
      "weight": 400,
      "stretch": "normal",
      "size": "scalable",
      "__class__": "FontEntry"
    },
    {
      "fname": "C:\\WINDOWS\\Fonts\\Lato-Black.ttf",
      "name": "Lato",
      "style": "normal",
      "variant": "normal",
      "weight": "black",
      "stretch": "normal",
      "size": "scalable",
      "__class__": "FontEntry"
    },
    {
      "fname": "C:\\Windows\\Fonts\\webdings.ttf",
      "name": "Webdings",
      "style": "normal",
      "variant": "normal",
      "weight": 400,
      "stretch": "normal",
      "size": "scalable",
      "__class__": "FontEntry"
    },
    {
      "fname": "C:\\WINDOWS\\Fonts\\YuGothL.ttc",
      "name": "Yu Gothic",
      "style": "normal",
      "variant": "normal",
      "weight": "light",
      "stretch": "normal",
      "size": "scalable",
      "__class__": "FontEntry"
    },
    {
      "fname": "C:\\WINDOWS\\Fonts\\l_10646.ttf",
      "name": "Lucida Sans Unicode",
      "style": "normal",
      "variant": "normal",
      "weight": 400,
      "stretch": "normal",
      "size": "scalable",
      "__class__": "FontEntry"
    },
    {
      "fname": "C:\\Windows\\Fonts\\LEELAWAD.TTF",
      "name": "Leelawadee",
      "style": "normal",
      "variant": "normal",
      "weight": 400,
      "stretch": "normal",
      "size": "scalable",
      "__class__": "FontEntry"
    },
    {
      "fname": "C:\\Windows\\Fonts\\YuGothB.ttc",
      "name": "Yu Gothic",
      "style": "normal",
      "variant": "normal",
      "weight": "bold",
      "stretch": "normal",
      "size": "scalable",
      "__class__": "FontEntry"
    },
    {
      "fname": "C:\\WINDOWS\\Fonts\\georgiab.ttf",
      "name": "Georgia",
      "style": "normal",
      "variant": "normal",
      "weight": "bold",
      "stretch": "normal",
      "size": "scalable",
      "__class__": "FontEntry"
    },
    {
      "fname": "C:\\WINDOWS\\Fonts\\calibri.ttf",
      "name": "Calibri",
      "style": "normal",
      "variant": "normal",
      "weight": 400,
      "stretch": "normal",
      "size": "scalable",
      "__class__": "FontEntry"
    },
    {
      "fname": "C:\\WINDOWS\\Fonts\\Lato-BoldItalic.ttf",
      "name": "Lato",
      "style": "italic",
      "variant": "normal",
      "weight": "bold",
      "stretch": "normal",
      "size": "scalable",
      "__class__": "FontEntry"
    },
    {
      "fname": "C:\\Windows\\Fonts\\LHANDW.TTF",
      "name": "Lucida Handwriting",
      "style": "italic",
      "variant": "normal",
      "weight": 400,
      "stretch": "normal",
      "size": "scalable",
      "__class__": "FontEntry"
    },
    {
      "fname": "C:\\Windows\\Fonts\\corbel.ttf",
      "name": "Corbel",
      "style": "normal",
      "variant": "normal",
      "weight": 400,
      "stretch": "normal",
      "size": "scalable",
      "__class__": "FontEntry"
    },
    {
      "fname": "C:\\Windows\\Fonts\\timesbd.ttf",
      "name": "Times New Roman",
      "style": "normal",
      "variant": "normal",
      "weight": "roman",
      "stretch": "normal",
      "size": "scalable",
      "__class__": "FontEntry"
    },
    {
      "fname": "C:\\Windows\\Fonts\\micross.ttf",
      "name": "Microsoft Sans Serif",
      "style": "normal",
      "variant": "normal",
      "weight": 400,
      "stretch": "normal",
      "size": "scalable",
      "__class__": "FontEntry"
    },
    {
      "fname": "C:\\Windows\\Fonts\\msjhl.ttc",
      "name": "Microsoft JhengHei",
      "style": "normal",
      "variant": "normal",
      "weight": "light",
      "stretch": "normal",
      "size": "scalable",
      "__class__": "FontEntry"
    },
    {
      "fname": "C:\\Windows\\Fonts\\BKANT.TTF",
      "name": "Book Antiqua",
      "style": "normal",
      "variant": "normal",
      "weight": "book",
      "stretch": "normal",
      "size": "scalable",
      "__class__": "FontEntry"
    },
    {
      "fname": "C:\\WINDOWS\\Fonts\\corbelz.ttf",
      "name": "Corbel",
      "style": "italic",
      "variant": "normal",
      "weight": "bold",
      "stretch": "normal",
      "size": "scalable",
      "__class__": "FontEntry"
    },
    {
      "fname": "C:\\WINDOWS\\Fonts\\msjhbd.ttc",
      "name": "Microsoft JhengHei",
      "style": "normal",
      "variant": "normal",
      "weight": "bold",
      "stretch": "normal",
      "size": "scalable",
      "__class__": "FontEntry"
    },
    {
      "fname": "C:\\WINDOWS\\Fonts\\pala.ttf",
      "name": "Palatino Linotype",
      "style": "normal",
      "variant": "normal",
      "weight": 400,
      "stretch": "normal",
      "size": "scalable",
      "__class__": "FontEntry"
    },
    {
      "fname": "C:\\WINDOWS\\Fonts\\segoeuisl.ttf",
      "name": "Segoe UI",
      "style": "normal",
      "variant": "normal",
      "weight": "light",
      "stretch": "normal",
      "size": "scalable",
      "__class__": "FontEntry"
    },
    {
      "fname": "C:\\WINDOWS\\Fonts\\seguihis.ttf",
      "name": "Segoe UI Historic",
      "style": "normal",
      "variant": "normal",
      "weight": 400,
      "stretch": "normal",
      "size": "scalable",
      "__class__": "FontEntry"
    },
    {
      "fname": "C:\\WINDOWS\\Fonts\\WINGDNG3.TTF",
      "name": "Wingdings 3",
      "style": "normal",
      "variant": "normal",
      "weight": 400,
      "stretch": "normal",
      "size": "scalable",
      "__class__": "FontEntry"
    },
    {
      "fname": "C:\\WINDOWS\\Fonts\\Candarai.ttf",
      "name": "Candara",
      "style": "italic",
      "variant": "normal",
      "weight": 400,
      "stretch": "normal",
      "size": "scalable",
      "__class__": "FontEntry"
    },
    {
      "fname": "C:\\Windows\\Fonts\\TEMPSITC.TTF",
      "name": "Tempus Sans ITC",
      "style": "normal",
      "variant": "normal",
      "weight": 400,
      "stretch": "normal",
      "size": "scalable",
      "__class__": "FontEntry"
    },
    {
      "fname": "C:\\WINDOWS\\Fonts\\Gabriola.ttf",
      "name": "Gabriola",
      "style": "normal",
      "variant": "normal",
      "weight": 400,
      "stretch": "normal",
      "size": "scalable",
      "__class__": "FontEntry"
    },
    {
      "fname": "C:\\WINDOWS\\Fonts\\impact.ttf",
      "name": "Impact",
      "style": "normal",
      "variant": "normal",
      "weight": 400,
      "stretch": "normal",
      "size": "scalable",
      "__class__": "FontEntry"
    },
    {
      "fname": "C:\\Windows\\Fonts\\INFROMAN.TTF",
      "name": "Informal Roman",
      "style": "normal",
      "variant": "normal",
      "weight": "roman",
      "stretch": "normal",
      "size": "scalable",
      "__class__": "FontEntry"
    },
    {
      "fname": "C:\\Windows\\Fonts\\SourceSansPro-Bold.ttf",
      "name": "Source Sans Pro",
      "style": "normal",
      "variant": "normal",
      "weight": "bold",
      "stretch": "normal",
      "size": "scalable",
      "__class__": "FontEntry"
    },
    {
      "fname": "C:\\Windows\\Fonts\\Rajdhani-Bold.ttf",
      "name": "Rajdhani",
      "style": "normal",
      "variant": "normal",
      "weight": "bold",
      "stretch": "normal",
      "size": "scalable",
      "__class__": "FontEntry"
    },
    {
      "fname": "C:\\Windows\\Fonts\\CENTURY.TTF",
      "name": "Century",
      "style": "normal",
      "variant": "normal",
      "weight": 400,
      "stretch": "normal",
      "size": "scalable",
      "__class__": "FontEntry"
    },
    {
      "fname": "C:\\Windows\\Fonts\\timesi.ttf",
      "name": "Times New Roman",
      "style": "italic",
      "variant": "normal",
      "weight": "roman",
      "stretch": "normal",
      "size": "scalable",
      "__class__": "FontEntry"
    },
    {
      "fname": "C:\\WINDOWS\\Fonts\\tahomabd.ttf",
      "name": "Tahoma",
      "style": "normal",
      "variant": "normal",
      "weight": "bold",
      "stretch": "normal",
      "size": "scalable",
      "__class__": "FontEntry"
    },
    {
      "fname": "C:\\Windows\\Fonts\\arialn.ttf",
      "name": "Arial",
      "style": "normal",
      "variant": "normal",
      "weight": 400,
      "stretch": "condensed",
      "size": "scalable",
      "__class__": "FontEntry"
    },
    {
      "fname": "C:\\Windows\\Fonts\\BRUSHSCI.TTF",
      "name": "Brush Script MT",
      "style": "italic",
      "variant": "normal",
      "weight": 400,
      "stretch": "normal",
      "size": "scalable",
      "__class__": "FontEntry"
    },
    {
      "fname": "C:\\WINDOWS\\Fonts\\cambria.ttc",
      "name": "Cambria",
      "style": "normal",
      "variant": "normal",
      "weight": 400,
      "stretch": "normal",
      "size": "scalable",
      "__class__": "FontEntry"
    },
    {
      "fname": "C:\\WINDOWS\\Fonts\\Lato-LightItalic.ttf",
      "name": "Lato",
      "style": "italic",
      "variant": "normal",
      "weight": "light",
      "stretch": "normal",
      "size": "scalable",
      "__class__": "FontEntry"
    },
    {
      "fname": "C:\\WINDOWS\\Fonts\\VIVALDII.TTF",
      "name": "Vivaldi",
      "style": "italic",
      "variant": "normal",
      "weight": 400,
      "stretch": "normal",
      "size": "scalable",
      "__class__": "FontEntry"
    },
    {
      "fname": "C:\\Windows\\Fonts\\BROADW.TTF",
      "name": "Broadway",
      "style": "normal",
      "variant": "normal",
      "weight": 400,
      "stretch": "normal",
      "size": "scalable",
      "__class__": "FontEntry"
    },
    {
      "fname": "C:\\Windows\\Fonts\\msjh.ttc",
      "name": "Microsoft JhengHei",
      "style": "normal",
      "variant": "normal",
      "weight": 400,
      "stretch": "normal",
      "size": "scalable",
      "__class__": "FontEntry"
    },
    {
      "fname": "C:\\WINDOWS\\Fonts\\comicbd.ttf",
      "name": "Comic Sans MS",
      "style": "normal",
      "variant": "normal",
      "weight": "bold",
      "stretch": "normal",
      "size": "scalable",
      "__class__": "FontEntry"
    },
    {
      "fname": "C:\\Windows\\Fonts\\framd.ttf",
      "name": "Franklin Gothic Medium",
      "style": "normal",
      "variant": "normal",
      "weight": "medium",
      "stretch": "normal",
      "size": "scalable",
      "__class__": "FontEntry"
    },
    {
      "fname": "C:\\Windows\\Fonts\\corbell.ttf",
      "name": "Corbel",
      "style": "normal",
      "variant": "normal",
      "weight": "light",
      "stretch": "normal",
      "size": "scalable",
      "__class__": "FontEntry"
    },
    {
      "fname": "C:\\Windows\\Fonts\\consolab.ttf",
      "name": "Consolas",
      "style": "normal",
      "variant": "normal",
      "weight": "bold",
      "stretch": "normal",
      "size": "scalable",
      "__class__": "FontEntry"
    },
    {
      "fname": "C:\\WINDOWS\\Fonts\\couri.ttf",
      "name": "Courier New",
      "style": "italic",
      "variant": "normal",
      "weight": 400,
      "stretch": "normal",
      "size": "scalable",
      "__class__": "FontEntry"
    },
    {
      "fname": "C:\\WINDOWS\\Fonts\\taile.ttf",
      "name": "Microsoft Tai Le",
      "style": "normal",
      "variant": "normal",
      "weight": 400,
      "stretch": "normal",
      "size": "scalable",
      "__class__": "FontEntry"
    },
    {
      "fname": "C:\\WINDOWS\\Fonts\\palabi.ttf",
      "name": "Palatino Linotype",
      "style": "italic",
      "variant": "normal",
      "weight": "bold",
      "stretch": "normal",
      "size": "scalable",
      "__class__": "FontEntry"
    },
    {
      "fname": "C:\\WINDOWS\\Fonts\\ariblk.ttf",
      "name": "Arial",
      "style": "normal",
      "variant": "normal",
      "weight": "black",
      "stretch": "normal",
      "size": "scalable",
      "__class__": "FontEntry"
    },
    {
      "fname": "C:\\WINDOWS\\Fonts\\HARLOWSI.TTF",
      "name": "Harlow Solid Italic",
      "style": "italic",
      "variant": "normal",
      "weight": 400,
      "stretch": "normal",
      "size": "scalable",
      "__class__": "FontEntry"
    },
    {
      "fname": "C:\\Windows\\Fonts\\SourceSansPro-ExtraLightItalic.ttf",
      "name": "Source Sans Pro",
      "style": "italic",
      "variant": "normal",
      "weight": "light",
      "stretch": "normal",
      "size": "scalable",
      "__class__": "FontEntry"
    },
    {
      "fname": "C:\\WINDOWS\\Fonts\\SitkaZ.ttc",
      "name": "Sitka Small",
      "style": "italic",
      "variant": "normal",
      "weight": "bold",
      "stretch": "normal",
      "size": "scalable",
      "__class__": "FontEntry"
    },
    {
      "fname": "C:\\WINDOWS\\Fonts\\phagspa.ttf",
      "name": "Microsoft PhagsPa",
      "style": "normal",
      "variant": "normal",
      "weight": 400,
      "stretch": "normal",
      "size": "scalable",
      "__class__": "FontEntry"
    },
    {
      "fname": "C:\\Windows\\Fonts\\ebrimabd.ttf",
      "name": "Ebrima",
      "style": "normal",
      "variant": "normal",
      "weight": "bold",
      "stretch": "normal",
      "size": "scalable",
      "__class__": "FontEntry"
    },
    {
      "fname": "C:\\Windows\\Fonts\\himalaya.ttf",
      "name": "Microsoft Himalaya",
      "style": "normal",
      "variant": "normal",
      "weight": 400,
      "stretch": "normal",
      "size": "scalable",
      "__class__": "FontEntry"
    },
    {
      "fname": "C:\\WINDOWS\\Fonts\\LEELAWDB.TTF",
      "name": "Leelawadee",
      "style": "normal",
      "variant": "normal",
      "weight": "bold",
      "stretch": "normal",
      "size": "scalable",
      "__class__": "FontEntry"
    }
  ],
  "afmlist": [
    {
      "fname": "fonts\\afm\\pcrbo8a.afm",
      "name": "Courier",
      "style": "italic",
      "variant": "normal",
      "weight": "bold",
      "stretch": "normal",
      "size": "scalable",
      "__class__": "FontEntry"
    },
    {
      "fname": "fonts\\pdfcorefonts\\ZapfDingbats.afm",
      "name": "ZapfDingbats",
      "style": "normal",
      "variant": "normal",
      "weight": "medium",
      "stretch": "normal",
      "size": "scalable",
      "__class__": "FontEntry"
    },
    {
      "fname": "fonts\\afm\\pbkl8a.afm",
      "name": "ITC Bookman",
      "style": "normal",
      "variant": "normal",
      "weight": "light",
      "stretch": "normal",
      "size": "scalable",
      "__class__": "FontEntry"
    },
    {
      "fname": "fonts\\afm\\cmex10.afm",
      "name": "Computer Modern",
      "style": "normal",
      "variant": "normal",
      "weight": "medium",
      "stretch": "normal",
      "size": "scalable",
      "__class__": "FontEntry"
    },
    {
      "fname": "fonts\\afm\\pncb8a.afm",
      "name": "New Century Schoolbook",
      "style": "normal",
      "variant": "normal",
      "weight": "bold",
      "stretch": "normal",
      "size": "scalable",
      "__class__": "FontEntry"
    },
    {
      "fname": "fonts\\afm\\phvlo8a.afm",
      "name": "Helvetica",
      "style": "italic",
      "variant": "normal",
      "weight": "light",
      "stretch": "normal",
      "size": "scalable",
      "__class__": "FontEntry"
    },
    {
      "fname": "fonts\\afm\\ptmri8a.afm",
      "name": "Times",
      "style": "italic",
      "variant": "normal",
      "weight": "medium",
      "stretch": "normal",
      "size": "scalable",
      "__class__": "FontEntry"
    },
    {
      "fname": "fonts\\afm\\putri8a.afm",
      "name": "Utopia",
      "style": "italic",
      "variant": "normal",
      "weight": "regular",
      "stretch": "normal",
      "size": "scalable",
      "__class__": "FontEntry"
    },
    {
      "fname": "fonts\\afm\\phvr8a.afm",
      "name": "Helvetica",
      "style": "normal",
      "variant": "normal",
      "weight": "medium",
      "stretch": "normal",
      "size": "scalable",
      "__class__": "FontEntry"
    },
    {
      "fname": "fonts\\afm\\pcrb8a.afm",
      "name": "Courier",
      "style": "normal",
      "variant": "normal",
      "weight": "bold",
      "stretch": "normal",
      "size": "scalable",
      "__class__": "FontEntry"
    },
    {
      "fname": "fonts\\afm\\phvb8an.afm",
      "name": "Helvetica",
      "style": "normal",
      "variant": "normal",
      "weight": "bold",
      "stretch": "condensed",
      "size": "scalable",
      "__class__": "FontEntry"
    },
    {
      "fname": "fonts\\afm\\pplbi8a.afm",
      "name": "Palatino",
      "style": "italic",
      "variant": "normal",
      "weight": "bold",
      "stretch": "normal",
      "size": "scalable",
      "__class__": "FontEntry"
    },
    {
      "fname": "fonts\\pdfcorefonts\\Helvetica-Oblique.afm",
      "name": "Helvetica",
      "style": "italic",
      "variant": "normal",
      "weight": "medium",
      "stretch": "normal",
      "size": "scalable",
      "__class__": "FontEntry"
    },
    {
      "fname": "fonts\\afm\\ptmb8a.afm",
      "name": "Times",
      "style": "normal",
      "variant": "normal",
      "weight": "bold",
      "stretch": "normal",
      "size": "scalable",
      "__class__": "FontEntry"
    },
    {
      "fname": "fonts\\pdfcorefonts\\Times-Roman.afm",
      "name": "Times",
      "style": "normal",
      "variant": "normal",
      "weight": "roman",
      "stretch": "normal",
      "size": "scalable",
      "__class__": "FontEntry"
    },
    {
      "fname": "fonts\\afm\\pncr8a.afm",
      "name": "New Century Schoolbook",
      "style": "normal",
      "variant": "normal",
      "weight": "roman",
      "stretch": "normal",
      "size": "scalable",
      "__class__": "FontEntry"
    },
    {
      "fname": "fonts\\pdfcorefonts\\Symbol.afm",
      "name": "Symbol",
      "style": "normal",
      "variant": "normal",
      "weight": "medium",
      "stretch": "normal",
      "size": "scalable",
      "__class__": "FontEntry"
    },
    {
      "fname": "fonts\\afm\\phvro8a.afm",
      "name": "Helvetica",
      "style": "italic",
      "variant": "normal",
      "weight": "medium",
      "stretch": "normal",
      "size": "scalable",
      "__class__": "FontEntry"
    },
    {
      "fname": "fonts\\pdfcorefonts\\Courier-Oblique.afm",
      "name": "Courier",
      "style": "italic",
      "variant": "normal",
      "weight": "medium",
      "stretch": "normal",
      "size": "scalable",
      "__class__": "FontEntry"
    },
    {
      "fname": "fonts\\pdfcorefonts\\Helvetica-BoldOblique.afm",
      "name": "Helvetica",
      "style": "italic",
      "variant": "normal",
      "weight": "bold",
      "stretch": "normal",
      "size": "scalable",
      "__class__": "FontEntry"
    },
    {
      "fname": "fonts\\afm\\cmtt10.afm",
      "name": "Computer Modern",
      "style": "normal",
      "variant": "normal",
      "weight": "medium",
      "stretch": "normal",
      "size": "scalable",
      "__class__": "FontEntry"
    },
    {
      "fname": "fonts\\afm\\pncri8a.afm",
      "name": "New Century Schoolbook",
      "style": "italic",
      "variant": "normal",
      "weight": "medium",
      "stretch": "normal",
      "size": "scalable",
      "__class__": "FontEntry"
    },
    {
      "fname": "fonts\\afm\\cmmi10.afm",
      "name": "Computer Modern",
      "style": "italic",
      "variant": "normal",
      "weight": "medium",
      "stretch": "normal",
      "size": "scalable",
      "__class__": "FontEntry"
    },
    {
      "fname": "fonts\\afm\\cmr10.afm",
      "name": "Computer Modern",
      "style": "normal",
      "variant": "normal",
      "weight": "medium",
      "stretch": "normal",
      "size": "scalable",
      "__class__": "FontEntry"
    },
    {
      "fname": "fonts\\afm\\putbi8a.afm",
      "name": "Utopia",
      "style": "italic",
      "variant": "normal",
      "weight": "bold",
      "stretch": "normal",
      "size": "scalable",
      "__class__": "FontEntry"
    },
    {
      "fname": "fonts\\afm\\ptmr8a.afm",
      "name": "Times",
      "style": "normal",
      "variant": "normal",
      "weight": "roman",
      "stretch": "normal",
      "size": "scalable",
      "__class__": "FontEntry"
    },
    {
      "fname": "fonts\\afm\\pzdr.afm",
      "name": "ITC Zapf Dingbats",
      "style": "normal",
      "variant": "normal",
      "weight": "medium",
      "stretch": "normal",
      "size": "scalable",
      "__class__": "FontEntry"
    },
    {
      "fname": "fonts\\afm\\pagko8a.afm",
      "name": "ITC Avant Garde Gothic",
      "style": "italic",
      "variant": "normal",
      "weight": "book",
      "stretch": "normal",
      "size": "scalable",
      "__class__": "FontEntry"
    },
    {
      "fname": "fonts\\afm\\pplri8a.afm",
      "name": "Palatino",
      "style": "italic",
      "variant": "normal",
      "weight": "medium",
      "stretch": "normal",
      "size": "scalable",
      "__class__": "FontEntry"
    },
    {
      "fname": "fonts\\afm\\pbkli8a.afm",
      "name": "ITC Bookman",
      "style": "italic",
      "variant": "normal",
      "weight": "light",
      "stretch": "normal",
      "size": "scalable",
      "__class__": "FontEntry"
    },
    {
      "fname": "fonts\\afm\\pplb8a.afm",
      "name": "Palatino",
      "style": "normal",
      "variant": "normal",
      "weight": "bold",
      "stretch": "normal",
      "size": "scalable",
      "__class__": "FontEntry"
    },
    {
      "fname": "fonts\\afm\\pzcmi8a.afm",
      "name": "ITC Zapf Chancery",
      "style": "italic",
      "variant": "normal",
      "weight": "medium",
      "stretch": "normal",
      "size": "scalable",
      "__class__": "FontEntry"
    },
    {
      "fname": "fonts\\afm\\phvbo8an.afm",
      "name": "Helvetica",
      "style": "italic",
      "variant": "normal",
      "weight": "bold",
      "stretch": "condensed",
      "size": "scalable",
      "__class__": "FontEntry"
    },
    {
      "fname": "fonts\\afm\\phvr8an.afm",
      "name": "Helvetica",
      "style": "normal",
      "variant": "normal",
      "weight": "medium",
      "stretch": "condensed",
      "size": "scalable",
      "__class__": "FontEntry"
    },
    {
      "fname": "fonts\\pdfcorefonts\\Times-Italic.afm",
      "name": "Times",
      "style": "italic",
      "variant": "normal",
      "weight": "medium",
      "stretch": "normal",
      "size": "scalable",
      "__class__": "FontEntry"
    },
    {
      "fname": "fonts\\afm\\pncbi8a.afm",
      "name": "New Century Schoolbook",
      "style": "italic",
      "variant": "normal",
      "weight": "bold",
      "stretch": "normal",
      "size": "scalable",
      "__class__": "FontEntry"
    },
    {
      "fname": "fonts\\afm\\phvl8a.afm",
      "name": "Helvetica",
      "style": "normal",
      "variant": "normal",
      "weight": "light",
      "stretch": "normal",
      "size": "scalable",
      "__class__": "FontEntry"
    },
    {
      "fname": "fonts\\afm\\pplr8a.afm",
      "name": "Palatino",
      "style": "normal",
      "variant": "normal",
      "weight": "roman",
      "stretch": "normal",
      "size": "scalable",
      "__class__": "FontEntry"
    },
    {
      "fname": "fonts\\afm\\pbkdi8a.afm",
      "name": "ITC Bookman",
      "style": "italic",
      "variant": "normal",
      "weight": "demi",
      "stretch": "normal",
      "size": "scalable",
      "__class__": "FontEntry"
    },
    {
      "fname": "fonts\\afm\\ptmbi8a.afm",
      "name": "Times",
      "style": "italic",
      "variant": "normal",
      "weight": "bold",
      "stretch": "normal",
      "size": "scalable",
      "__class__": "FontEntry"
    },
    {
      "fname": "fonts\\afm\\putb8a.afm",
      "name": "Utopia",
      "style": "normal",
      "variant": "normal",
      "weight": "bold",
      "stretch": "normal",
      "size": "scalable",
      "__class__": "FontEntry"
    },
    {
      "fname": "fonts\\pdfcorefonts\\Courier-Bold.afm",
      "name": "Courier",
      "style": "normal",
      "variant": "normal",
      "weight": "bold",
      "stretch": "normal",
      "size": "scalable",
      "__class__": "FontEntry"
    },
    {
      "fname": "fonts\\afm\\pagd8a.afm",
      "name": "ITC Avant Garde Gothic",
      "style": "normal",
      "variant": "normal",
      "weight": "demi",
      "stretch": "normal",
      "size": "scalable",
      "__class__": "FontEntry"
    },
    {
      "fname": "fonts\\afm\\pbkd8a.afm",
      "name": "ITC Bookman",
      "style": "normal",
      "variant": "normal",
      "weight": "demi",
      "stretch": "normal",
      "size": "scalable",
      "__class__": "FontEntry"
    },
    {
      "fname": "fonts\\afm\\pagk8a.afm",
      "name": "ITC Avant Garde Gothic",
      "style": "normal",
      "variant": "normal",
      "weight": "book",
      "stretch": "normal",
      "size": "scalable",
      "__class__": "FontEntry"
    },
    {
      "fname": "fonts\\pdfcorefonts\\Courier.afm",
      "name": "Courier",
      "style": "normal",
      "variant": "normal",
      "weight": "medium",
      "stretch": "normal",
      "size": "scalable",
      "__class__": "FontEntry"
    },
    {
      "fname": "fonts\\afm\\psyr.afm",
      "name": "Symbol",
      "style": "normal",
      "variant": "normal",
      "weight": "medium",
      "stretch": "normal",
      "size": "scalable",
      "__class__": "FontEntry"
    },
    {
      "fname": "fonts\\afm\\phvro8an.afm",
      "name": "Helvetica",
      "style": "italic",
      "variant": "normal",
      "weight": "medium",
      "stretch": "condensed",
      "size": "scalable",
      "__class__": "FontEntry"
    },
    {
      "fname": "fonts\\afm\\pagdo8a.afm",
      "name": "ITC Avant Garde Gothic",
      "style": "italic",
      "variant": "normal",
      "weight": "demi",
      "stretch": "normal",
      "size": "scalable",
      "__class__": "FontEntry"
    },
    {
      "fname": "fonts\\afm\\putr8a.afm",
      "name": "Utopia",
      "style": "normal",
      "variant": "normal",
      "weight": "regular",
      "stretch": "normal",
      "size": "scalable",
      "__class__": "FontEntry"
    },
    {
      "fname": "fonts\\afm\\phvb8a.afm",
      "name": "Helvetica",
      "style": "normal",
      "variant": "normal",
      "weight": "bold",
      "stretch": "normal",
      "size": "scalable",
      "__class__": "FontEntry"
    },
    {
      "fname": "fonts\\afm\\pcrro8a.afm",
      "name": "Courier",
      "style": "italic",
      "variant": "normal",
      "weight": "medium",
      "stretch": "normal",
      "size": "scalable",
      "__class__": "FontEntry"
    },
    {
      "fname": "fonts\\afm\\cmsy10.afm",
      "name": "Computer Modern",
      "style": "italic",
      "variant": "normal",
      "weight": "medium",
      "stretch": "normal",
      "size": "scalable",
      "__class__": "FontEntry"
    },
    {
      "fname": "fonts\\pdfcorefonts\\Times-Bold.afm",
      "name": "Times",
      "style": "normal",
      "variant": "normal",
      "weight": "bold",
      "stretch": "normal",
      "size": "scalable",
      "__class__": "FontEntry"
    },
    {
      "fname": "fonts\\pdfcorefonts\\Times-BoldItalic.afm",
      "name": "Times",
      "style": "italic",
      "variant": "normal",
      "weight": "bold",
      "stretch": "normal",
      "size": "scalable",
      "__class__": "FontEntry"
    },
    {
      "fname": "fonts\\pdfcorefonts\\Courier-BoldOblique.afm",
      "name": "Courier",
      "style": "italic",
      "variant": "normal",
      "weight": "bold",
      "stretch": "normal",
      "size": "scalable",
      "__class__": "FontEntry"
    },
    {
      "fname": "fonts\\afm\\phvbo8a.afm",
      "name": "Helvetica",
      "style": "italic",
      "variant": "normal",
      "weight": "bold",
      "stretch": "normal",
      "size": "scalable",
      "__class__": "FontEntry"
    },
    {
      "fname": "fonts\\pdfcorefonts\\Helvetica-Bold.afm",
      "name": "Helvetica",
      "style": "normal",
      "variant": "normal",
      "weight": "bold",
      "stretch": "normal",
      "size": "scalable",
      "__class__": "FontEntry"
    },
    {
      "fname": "fonts\\pdfcorefonts\\Helvetica.afm",
      "name": "Helvetica",
      "style": "normal",
      "variant": "normal",
      "weight": "medium",
      "stretch": "normal",
      "size": "scalable",
      "__class__": "FontEntry"
    },
    {
      "fname": "fonts\\afm\\pcrr8a.afm",
      "name": "Courier",
      "style": "normal",
      "variant": "normal",
      "weight": "medium",
      "stretch": "normal",
      "size": "scalable",
      "__class__": "FontEntry"
    }
  ],
  "__class__": "FontManager"
}