Date,IndexSymbol,CreditVix_pc,CreditVix_bp
2018-08-23,VIXFS,60.53220777,55.31176734
2018-08-23,VIXHY,32.04615253,120.28784
2018-08-23,VIXIE,46.93723381,35.24947284
2018-08-23,VIXIG,41.80703138,29.16132963
2018-08-23,VIXXO,35.04595472,111.0796542
2018-08-24,VIXFS,59.22557973,52.8893097
2018-08-24,VIXHY,31.38122728,116.2839993
2018-08-24,VIXIE,46.65975878,34.67113562
2018-08-24,VIXIG,41.25669465,28.73785936
2018-08-24,VIXXO,34.69786375,108.9675588
2018-08-27,VIXHY,31.20972489,114.8484748
2018-08-27,VIXIG,41.51646926,28.36631806
2018-08-28,VIXFS,58.68580682,53.67368511
2018-08-28,VIXHY,31.3506371,115.6065476
2018-08-28,VIXIE,45.61034221,33.4576072
2018-08-28,VIXIG,41.38870493,28.28524285
2018-08-28,VIXXO,35.23411205,110.283163
2018-08-29,VIXFS,56.72858681,53.10918992
2018-08-29,VIXHY,30.85138102,113.6738306
2018-08-29,VIXIE,47.72235897,35.78690087
2018-08-29,VIXIG,40.70439939,27.95897198
2018-08-29,VIXXO,36.7290532,117.4610566
2018-08-30,VIXFS,60.03360082,55.80809212
2018-08-30,VIXHY,32.87190223,123.6973181
2018-08-30,VIXIE,48.38666817,36.47483251
2018-08-30,VIXIG,43.98470694,30.74551848
2018-08-30,VIXXO,37.17347002,120.4131439
2018-08-31,VIXFS,62.91422799,60.81060948
2018-08-31,VIXHY,32.15312418,121.2659803
2018-08-31,VIXIE,49.16794596,38.05650873
2018-08-31,VIXIG,42.94103525,30.15549093
2018-08-31,VIXXO,37.52423754,123.6773016
2018-09-04,VIXFS,58.05136689,51.22816478
2018-09-04,VIXHY,33.37292618,126.3309289
2018-09-04,VIXIE,49.11332615,37.77731155
2018-09-04,VIXIG,44.88689908,31.46942848
2018-09-04,VIXXO,38.23369198,125.6487821
2018-09-05,VIXFS,56.07275024,48.98044225
2018-09-05,VIXHY,32.60738693,123.3234088
2018-09-05,VIXIE,47.35020127,35.46371617
2018-09-05,VIXIG,43.90914405,30.6832584
2018-09-05,VIXXO,37.91431025,122.4593189
2018-09-06,VIXFS,58.49882462,49.99394212
2018-09-06,VIXHY,32.75797245,123.3124442
2018-09-06,VIXIE,46.99755815,34.82440644
2018-09-06,VIXIG,42.86760408,30.23558686
2018-09-06,VIXXO,37.44184489,119.9950771
2018-09-07,VIXFS,58.03951145,48.26508003
2018-09-07,VIXHY,32.9107768,124.2263843
2018-09-07,VIXIE,46.15582115,34.18045621
2018-09-07,VIXIG,43.09165106,30.24820687
2018-09-07,VIXXO,37.39446661,120.4136946
2018-09-10,VIXFS,56.47265486,43.71195315
2018-09-10,VIXHY,32.02466279,119.3131009
2018-09-10,VIXIE,44.59796945,31.65747076
2018-09-10,VIXIG,41.35416411,28.01729054
2018-09-10,VIXXO,36.27938615,113.9388598
2018-09-11,VIXFS,53.89866213,39.23288469
2018-09-11,VIXHY,32.35376958,120.6660718
2018-09-11,VIXIE,45.28375589,31.97904521
2018-09-11,VIXIG,42.40968004,29.02708916
2018-09-11,VIXXO,36.58390077,115.1378241
2018-09-12,VIXFS,54.86701043,41.11892076
2018-09-12,VIXHY,32.10324701,118.8920591
2018-09-12,VIXIE,45.51992157,32.5118561
2018-09-12,VIXIG,43.36044444,29.33500893
2018-09-12,VIXXO,37.45414933,117.5445376
2018-09-13,VIXFS,55.33899276,40.6884127
2018-09-13,VIXHY,29.39598481,106.55073
2018-09-13,VIXIE,45.02635122,31.15884486
2018-09-13,VIXIG,40.23955264,26.53207428
2018-09-13,VIXXO,37.15242185,114.0520021
2018-09-14,VIXFS,55.60846019,40.61906619
2018-09-14,VIXHY,29.09559925,104.0764502
2018-09-14,VIXIE,44.70767459,30.38812921
2018-09-14,VIXIG,41.59892547,27.49029434
2018-09-14,VIXXO,37.40742377,115.7631955
2018-09-17,VIXFS,54.7037928,41.68439669
2018-09-17,VIXHY,31.23109715,113.5761438
2018-09-17,VIXIE,45.68404954,31.54378372
2018-09-17,VIXIG,41.84971116,27.70030683
2018-09-17,VIXXO,38.37645661,118.4571702
2018-09-18,VIXFS,54.54876609,40.77953567
2018-09-18,VIXHY,31.77754706,114.9938254
2018-09-18,VIXIE,45.71723385,31.26039911
2018-09-18,VIXIG,42.07484195,27.4726042
2018-09-18,VIXXO,37.8010939,117.5300844
2018-09-19,VIXFS,53.93959232,41.08621299
2018-09-19,VIXHY,31.45045607,114.5378802
2018-09-19,VIXIE,47.42145621,32.17414504
2018-09-19,VIXIG,41.92257042,27.61219763
2018-09-19,VIXXO,36.92356932,113.7550333
2018-09-20,VIXFS,52.27589001,45.31583863
2018-09-20,VIXHY,30.97354266,112.3136856
2018-09-20,VIXIE,44.26509718,33.84031721
2018-09-20,VIXIG,42.78945626,30.49777074
2018-09-20,VIXXO,37.77328235,111.2719446
2018-09-21,VIXFS,51.79478406,45.32287081
2018-09-21,VIXHY,31.05611997,112.80542
2018-09-21,VIXIE,44.77332518,35.02253123
2018-09-21,VIXIG,41.95131728,30.17943179
2018-09-21,VIXXO,38.02867783,112.6215095
2018-09-24,VIXFS,52.58474482,45.9983911
2018-09-24,VIXHY,33.05117763,121.7239315
2018-09-24,VIXIE,45.43035079,35.89498365
2018-09-24,VIXIG,43.54826732,31.97799787
2018-09-24,VIXXO,37.81512096,113.1015625
2018-09-25,VIXFS,53.21979676,47.2691398
2018-09-25,VIXHY,32.77008358,120.3308969
2018-09-25,VIXIE,44.53703763,34.93344503
2018-09-25,VIXIG,44.52374801,31.87856777
2018-09-25,VIXXO,38.03807914,114.3815293
2018-09-26,VIXFS,52.62314203,47.56098165
2018-09-26,VIXHY,31.67000053,114.4797333
2018-09-26,VIXIE,43.19073465,33.14964283
2018-09-26,VIXIG,41.03020905,29.55723478
2018-09-26,VIXXO,37.54269414,112.1819283
2018-09-27,VIXFS,53.96966617,48.40269868
2018-09-27,VIXHY,30.89525257,110.1684595
2018-09-27,VIXIE,42.1417457,31.98462458
2018-09-27,VIXIG,40.73434528,28.8142322
2018-09-27,VIXXO,37.41013901,111.2208775
2018-09-28,VIXFS,55.28627908,51.64816925
2018-09-28,VIXHY,29.27575081,111.4289413
2018-09-28,VIXIE,43.71130909,33.82511902
2018-09-28,VIXIG,39.15983997,27.96959908
2018-09-28,VIXXO,39.94284252,121.9438425
2018-10-01,VIXFS,56.27966474,52.58819673
2018-10-01,VIXHY,27.40940469,102.1629315
2018-10-01,VIXIE,42.88235049,32.26881895
2018-10-01,VIXIG,39.8710725,27.26778043
2018-10-01,VIXXO,38.38481578,115.9075948
2018-10-02,VIXFS,63.12295269,60.25872547
2018-10-02,VIXHY,29.46221489,111.3900373
2018-10-02,VIXIE,44.22051012,34.59144235
2018-10-02,VIXIG,41.18446177,29.61773325
2018-10-02,VIXXO,39.36815919,121.7589613
2018-10-03,VIXFS,55.77636293,51.00064161
2018-10-03,VIXHY,30.61363722,116.2779753
2018-10-03,VIXIE,43.87716916,33.43634182
2018-10-03,VIXIG,41.55837366,29.35566226
2018-10-03,VIXXO,38.62804379,117.0383922
2018-10-04,VIXFS,58.25443368,54.75973957
2018-10-04,VIXHY,35.18005126,135.7353582
2018-10-04,VIXIE,45.28850215,34.92860756
2018-10-04,VIXIG,45.83317475,33.19476263
2018-10-04,VIXXO,39.53313655,122.2788574
2018-10-05,VIXFS,57.38961871,55.09743919
2018-10-05,VIXHY,35.37660331,136.7837219
2018-10-05,VIXIE,45.29606989,35.16592015
2018-10-05,VIXIG,45.9239025,33.70826639
2018-10-05,VIXXO,39.98479835,124.8912074
2018-10-08,VIXFS,57.9229084,57.10186975
2018-10-08,VIXIE,48.65387454,39.10469061
2018-10-08,VIXXO,42.35897972,134.7615042
2018-10-09,VIXFS,59.13249095,57.73138278
2018-10-09,VIXHY,36.73677836,143.0812608
2018-10-09,VIXIE,49.20138498,40.05977931
2018-10-09,VIXIG,47.05851789,34.81050535
2018-10-09,VIXXO,42.5004189,135.4453512
2018-10-10,VIXFS,59.09032646,57.92319298
2018-10-10,VIXHY,41.90514249,171.3405817
2018-10-10,VIXIE,49.52111534,39.96012312
2018-10-10,VIXIG,50.48240079,40.4327513
2018-10-10,VIXXO,43.02951824,138.4301685
2018-10-11,VIXFS,63.75763401,64.24209743
2018-10-11,VIXHY,42.93150512,172.5581097
2018-10-11,VIXIE,56.16102168,45.73277693
2018-10-11,VIXIG,51.77011786,39.47020249
2018-10-11,VIXXO,46.92603287,152.0682755
2018-10-12,VIXFS,65.48825982,65.37895278
2018-10-12,VIXHY,41.845946,165.333144
2018-10-12,VIXIE,58.52025432,48.08182701
2018-10-12,VIXIG,50.90748768,38.49721467
2018-10-12,VIXXO,46.3831554,148.3803953
2018-10-15,VIXFS,67.75094677,68.00145922
2018-10-15,VIXHY,41.51294584,164.6676737
2018-10-15,VIXIE,58.72432994,48.28894605
2018-10-15,VIXIG,53.44499267,41.73894012
2018-10-15,VIXXO,45.03997209,144.2505586
2018-10-16,VIXFS,64.70326983,62.39082069
2018-10-16,VIXHY,38.73979539,151.4801886
2018-10-16,VIXIE,51.49678156,40.15896019
2018-10-16,VIXIG,49.4331915,37.3899117
2018-10-16,VIXXO,44.06373022,139.3584707
2018-10-17,VIXFS,65.29637304,63.56777866
2018-10-17,VIXHY,38.8786484,152.7205068
2018-10-17,VIXIE,56.43694014,46.75877506
2018-10-17,VIXIG,52.37046915,39.05951005
2018-10-17,VIXXO,44.10232508,139.990936
2018-10-18,VIXFS,64.83197505,65.67409418
2018-10-18,VIXHY,42.90896394,173.6675532
2018-10-18,VIXIE,59.38391513,49.63746251
2018-10-18,VIXIG,57.75424104,45.31399773
2018-10-18,VIXXO,44.90355088,143.6964519
2018-10-19,VIXFS,65.85334103,66.64482795
2018-10-19,VIXHY,41.97075856,170.5982873
2018-10-19,VIXIE,59.00248993,48.65440054
2018-10-19,VIXIG,54.07459174,41.38987988
2018-10-19,VIXXO,44.21069945,141.8169111
2018-10-22,VIXFS,63.48348908,62.92406934
2018-10-22,VIXHY,42.91834057,176.2393717
2018-10-22,VIXIE,54.02874927,44.59142963
2018-10-22,VIXIG,57.04650603,43.54801806
2018-10-22,VIXXO,42.87986037,137.1539086
2018-10-23,VIXFS,65.72498092,67.16617741
2018-10-23,VIXHY,43.82069739,179.8469044
2018-10-23,VIXIE,55.55599712,47.44366516
2018-10-23,VIXIG,56.50751588,43.34291213
2018-10-23,VIXXO,44.85810865,148.4549901
2018-10-24,VIXFS,65.92140967,68.22610184
2018-10-24,VIXHY,46.05961246,194.4794257
2018-10-24,VIXIE,54.19478939,45.4959956
2018-10-24,VIXIG,58.83183568,46.18140123
2018-10-24,VIXXO,44.85869058,146.8368906
2018-10-25,VIXFS,67.16664986,67.91063585
2018-10-25,VIXHY,44.30617185,186.0654869
2018-10-25,VIXIE,56.89306187,48.40082494
2018-10-25,VIXIG,55.45538677,43.6203554
2018-10-25,VIXXO,44.56422475,147.7189296
2018-10-26,VIXFS,67.31408942,68.54565228
2018-10-26,VIXHY,46.41641783,198.4594788
2018-10-26,VIXIE,56.54596731,48.99120413
2018-10-26,VIXIG,59.07008476,46.63388421
2018-10-26,VIXXO,46.81594426,157.1922805
2018-10-29,VIXFS,62.70024764,62.63238202
2018-10-29,VIXHY,45.36543533,193.9526775
2018-10-29,VIXIE,56.59329295,48.06657982
2018-10-29,VIXIG,58.43472755,46.39519235
2018-10-29,VIXXO,44.23172356,143.9657849
2018-10-30,VIXFS,64.36191955,64.37954439
2018-10-30,VIXHY,43.95063163,186.7305877
2018-10-30,VIXIE,55.00798978,46.52001685
2018-10-30,VIXIG,55.21405913,43.81768924
2018-10-30,VIXXO,43.6088523,145.2174214
2018-10-31,VIXFS,65.25478269,65.05379876
2018-10-31,VIXHY,41.48071176,173.2394485
2018-10-31,VIXIE,55.81113897,46.08441095
2018-10-31,VIXIG,54.49699801,41.90841951
2018-10-31,VIXXO,43.25096293,140.4321058
2018-11-01,VIXFS,61.84517884,59.68750925
2018-11-01,VIXHY,38.88032122,160.8753855
2018-11-01,VIXIE,53.13160381,42.26071781
2018-11-01,VIXIG,51.98987945,39.56485093
2018-11-01,VIXXO,42.15290956,136.3739155
2018-11-02,VIXFS,57.16059627,53.17644647
2018-11-02,VIXHY,38.78473211,159.4381412
2018-11-02,VIXIE,47.35032692,37.38440475
2018-11-02,VIXIG,49.68561759,37.53251907
2018-11-02,VIXXO,39.90719247,126.0245446
2018-11-05,VIXFS,59.59326552,55.30038769
2018-11-05,VIXHY,37.62470857,152.8148383
2018-11-05,VIXIE,47.35722947,37.1556931
2018-11-05,VIXIG,47.89084045,35.65356656
2018-11-05,VIXXO,39.75697279,126.9841612
2018-11-06,VIXFS,59.93271036,56.34224202
2018-11-06,VIXHY,37.55847256,150.0168184
2018-11-06,VIXIE,47.42378605,37.26170787
2018-11-06,VIXIG,49.34409088,36.98104034
2018-11-06,VIXXO,39.61814108,124.36021
2018-11-07,VIXFS,58.89186374,53.54987415
2018-11-07,VIXHY,35.58538753,139.1509883
2018-11-07,VIXIE,44.41700121,33.77662221
2018-11-07,VIXIG,45.19991003,33.09944842
2018-11-07,VIXXO,38.19671457,118.2134827
2018-11-08,VIXFS,59.03352187,55.40008538
2018-11-08,VIXHY,36.11264619,143.3158918
2018-11-08,VIXIE,44.18521634,33.88405625
2018-11-08,VIXIG,45.36090572,32.98642688
2018-11-08,VIXXO,37.72053158,116.4607029
2018-11-09,VIXFS,56.91465593,54.94362533
2018-11-09,VIXHY,39.82234103,163.423056
2018-11-09,VIXIE,45.38589486,35.62970913
2018-11-09,VIXIG,49.20877909,38.39575505
2018-11-09,VIXXO,38.82833537,122.022203
2018-11-12,VIXFS,57.8524078,57.51498645
2018-11-12,VIXIE,48.09613253,38.77785842
2018-11-12,VIXXO,40.08760341,128.9652961
2018-11-13,VIXFS,59.37214688,57.82008832
2018-11-13,VIXHY,43.16704538,182.8550276
2018-11-13,VIXIE,48.43330943,38.7218444
2018-11-13,VIXIG,53.17691339,43.63272247
2018-11-13,VIXXO,40.07979256,130.0411526
2018-11-14,VIXFS,59.3681524,58.81298148
2018-11-14,VIXHY,46.70370039,201.5711998
2018-11-14,VIXIE,50.67000854,41.49561062
2018-11-14,VIXIG,55.17311028,46.32630904
2018-11-14,VIXXO,41.4967611,136.7838372
2018-11-15,VIXFS,63.57288801,64.84190206
2018-11-15,VIXHY,47.87097634,208.3569114
2018-11-15,VIXIE,55.89453072,47.66640285
2018-11-15,VIXIG,57.00422892,47.09269324
2018-11-15,VIXXO,48.52387605,165.9025647
2018-11-16,VIXFS,64.31749832,67.69694196
2018-11-16,VIXHY,48.53732544,212.4540686
2018-11-16,VIXIE,59.01242354,51.12553387
2018-11-16,VIXIG,58.72443585,51.01973107
2018-11-16,VIXXO,51.44325016,179.0810586
2018-11-19,VIXFS,69.12077049,75.40516176
2018-11-19,VIXHY,49.40338718,221.2112363
2018-11-19,VIXIE,69.24975159,63.60286801
2018-11-19,VIXIG,60.15743393,53.70829586
2018-11-19,VIXXO,50.50822264,179.5945999
2018-11-20,VIXFS,71.75440801,79.64720743
2018-11-20,VIXHY,50.29494437,228.7760862
2018-11-20,VIXIE,68.62159481,62.85179755
2018-11-20,VIXIG,63.03404383,58.11997605
2018-11-20,VIXXO,53.50354031,196.3156142
2018-11-21,VIXFS,71.07074341,77.16163941
2018-11-21,VIXHY,45.75280472,203.2659703
2018-11-21,VIXIE,63.96957711,56.67651744
2018-11-21,VIXIG,62.61409969,57.25191514
2018-11-21,VIXXO,50.23423494,177.3643179
2018-11-22,VIXFS,70.97412535,77.21476858
2018-11-22,VIXHY,45.72458794,203.2934528
2018-11-22,VIXIE,63.03473846,56.36595079
2018-11-22,VIXIG,62.60489953,57.2622311
2018-11-22,VIXXO,49.73713028,178.1161193
2018-11-23,VIXFS,71.21966333,78.28595178
2018-11-23,VIXHY,48.48343136,219.9968627
2018-11-23,VIXIE,57.79423915,51.71877367
2018-11-23,VIXIG,69.55182984,65.21159681
2018-11-23,VIXXO,51.37074418,188.2011606
2018-11-26,VIXFS,71.23765246,73.42955894
2018-11-26,VIXHY,45.90822463,204.6918799
2018-11-26,VIXIE,60.72394257,54.70351796
2018-11-26,VIXIG,62.97009646,55.3897711
2018-11-26,VIXXO,50.9314672,183.4231918
2018-11-27,VIXFS,70.10779493,74.31654843
2018-11-27,VIXHY,44.61697547,197.8879797
2018-11-27,VIXIE,58.02485485,52.10945484
2018-11-27,VIXIG,59.82303613,51.67873507
2018-11-27,VIXXO,52.14643585,196.3251212
2018-11-28,VIXFS,68.95605334,75.43019279
2018-11-28,VIXHY,39.08967874,164.6802618
2018-11-28,VIXIE,58.63824629,52.53737427
2018-11-28,VIXIG,49.87283492,41.63138761
2018-11-28,VIXXO,49.77154053,184.3294454
2018-11-29,VIXFS,68.5967885,73.75120516
2018-11-29,VIXHY,38.83012342,164.2648224
2018-11-29,VIXIE,55.28438987,48.63124334
2018-11-29,VIXIG,48.07275759,40.30706738
2018-11-29,VIXXO,49.92897339,186.9258322
2018-11-30,VIXFS,68.6236278,74.07127221
2018-11-30,VIXHY,41.22672722,176.8155118
2018-11-30,VIXIE,56.47312354,50.62115451
2018-11-30,VIXIG,50.18045083,42.26621707
2018-11-30,VIXXO,51.56685537,190.0602756
2018-12-03,VIXFS,68.97839238,73.40297428
2018-12-03,VIXHY,39.88491342,169.20661
2018-12-03,VIXIE,54.46325689,47.77418359
2018-12-03,VIXIG,49.09088338,41.28021439
2018-12-03,VIXXO,48.50848135,172.2650103
2018-12-04,VIXFS,67.07488034,74.88676914
2018-12-04,VIXHY,45.38364513,201.54542
2018-12-04,VIXIE,57.32193735,52.11967529
2018-12-04,VIXIG,54.2051853,48.72069988
2018-12-04,VIXXO,49.77694093,184.9008203
2018-12-06,VIXFS,67.16816706,76.78279969
2018-12-06,VIXHY,44.98499975,202.2173666
2018-12-06,VIXIE,59.22726763,56.80988968
2018-12-06,VIXIG,54.71164355,49.00993048
2018-12-06,VIXXO,54.09862087,211.6867734
2018-12-07,VIXFS,69.98085268,78.02456571
2018-12-07,VIXHY,46.78516132,214.2177737
2018-12-07,VIXIE,59.85217098,56.03957773
2018-12-07,VIXIG,56.1700848,52.49072595
2018-12-07,VIXXO,50.14105275,191.8123644
2018-12-10,VIXFS,74.28177765,84.39893993
2018-12-10,VIXHY,48.81523628,225.1459477
2018-12-10,VIXIE,60.19856415,57.90919941
2018-12-10,VIXIG,57.72791713,53.52222469
2018-12-10,VIXXO,53.16942455,206.8924345
2018-12-11,VIXFS,67.1818579,75.78897544
2018-12-11,VIXHY,46.1834162,208.5891136
2018-12-11,VIXIE,59.04973904,54.22131814
2018-12-11,VIXIG,54.34884569,47.57901637
2018-12-11,VIXXO,50.2251815,191.6479444
2018-12-12,VIXFS,67.25599862,72.04377891
2018-12-12,VIXHY,46.06449093,203.4240036
2018-12-12,VIXIE,58.24745401,50.20770234
2018-12-12,VIXIG,53.01754692,45.7238402
2018-12-12,VIXXO,52.74588029,189.4611966
2018-12-13,VIXFS,64.88495875,68.88615273
2018-12-13,VIXHY,45.07798589,192.6487032
2018-12-13,VIXIE,54.5405485,45.54040842
2018-12-13,VIXIG,51.9898895,43.50136443
2018-12-13,VIXXO,46.98251131,165.0411402
2018-12-14,VIXFS,65.12983238,70.40111803
2018-12-14,VIXHY,46.44197979,205.3554731
2018-12-14,VIXIE,55.6751313,47.75791138
2018-12-14,VIXIG,53.58143641,47.29695027
2018-12-14,VIXXO,49.9813786,181.9813983
2018-12-17,VIXFS,65.07678491,71.29023021
2018-12-17,VIXHY,48.11020762,218.4196833
2018-12-17,VIXIE,55.0239514,48.6170847
2018-12-17,VIXIG,54.76597919,48.89067302
2018-12-17,VIXXO,44.65126482,169.5404285
2018-12-18,VIXFS,64.67429654,71.01598843
2018-12-18,VIXHY,47.82498406,216.81031
2018-12-18,VIXIE,54.85663899,48.45169495
2018-12-18,VIXIG,55.37592605,49.39798233
2018-12-18,VIXXO,44.95786976,169.6681515
2018-12-19,VIXFS,65.13344411,70.40877568
2018-12-19,VIXHY,51.16141661,241.8828142
2018-12-19,VIXIE,53.87154216,47.61178235
2018-12-19,VIXIG,58.4088161,55.03186032
2018-12-19,VIXXO,50.94448751,188.4727511
2018-12-20,VIXFS,64.56639841,72.64238216
2018-12-20,VIXHY,52.64707483,257.1768516
2018-12-20,VIXIE,56.04461284,52.41557121
2018-12-20,VIXIG,60.38416554,58.38223136
2018-12-20,VIXXO,50.99807396,194.7584182
2018-12-21,VIXFS,65.62704137,75.58671052
2018-12-21,VIXHY,52.28023325,258.6233166
2018-12-21,VIXIE,58.32456932,56.99600305
2018-12-21,VIXIG,61.52278955,60.88771976
2018-12-21,VIXXO,52.72109372,205.0814177
2018-12-24,VIXFS,64.59027359,76.09221132
2018-12-24,VIXHY,52.14171067,265.2422945
2018-12-24,VIXIE,60.25605338,60.73436277
2018-12-24,VIXIG,64.32144329,65.03096964
2018-12-24,VIXXO,52.43796415,209.3869356
2018-12-26,VIXFS,64.42362302,75.92960221
2018-12-26,VIXHY,52.24465027,249.5056332
2018-12-26,VIXIE,60.26501552,60.87492687
2018-12-26,VIXIG,62.09723848,59.85826243
2018-12-26,VIXXO,51.79770147,207.9065162
2018-12-27,VIXFS,64.035187,76.0282653
2018-12-27,VIXHY,52.67050457,252.7243134
2018-12-27,VIXIE,60.09651688,59.76204065
2018-12-27,VIXIG,63.27653243,61.24711621
2018-12-27,VIXXO,55.09715998,226.3683825
2018-12-28,VIXFS,68.06389351,78.70919588
2018-12-28,VIXHY,51.69012684,246.5239355
2018-12-28,VIXIE,59.89149917,58.24465107
2018-12-28,VIXIG,60.38527987,57.83453213
2018-12-28,VIXXO,53.32843962,214.159487
2018-12-31,VIXFS,66.74639325,76.14431402
2018-12-31,VIXHY,51.92308659,246.4374575
2018-12-31,VIXIE,58.049869,56.47329891
2018-12-31,VIXIG,61.07294483,58.04225938
2018-12-31,VIXXO,49.34809375,197.465483
2019-01-02,VIXFS,66.38894089,76.87760979
2019-01-02,VIXHY,49.1774994,236.5396352
2019-01-02,VIXIE,58.51006632,57.21220038
2019-01-02,VIXIG,58.95477984,55.86354833
2019-01-02,VIXXO,54.43133421,217.2453911
2019-01-03,VIXFS,63.89032208,76.87409573
2019-01-03,VIXHY,48.92974932,238.0764936
2019-01-03,VIXIE,58.33954371,59.20591589
2019-01-03,VIXIG,58.67401493,56.49072963
2019-01-03,VIXXO,53.05169203,218.559302
2019-01-04,VIXFS,65.34014377,76.10992162
2019-01-04,VIXHY,45.44850434,206.7492458
2019-01-04,VIXIE,56.36747065,54.48379565
2019-01-04,VIXIG,54.31371933,49.05484764
2019-01-04,VIXXO,53.77253408,211.9210508
2019-01-07,VIXFS,63.80941198,74.04011906
2019-01-07,VIXHY,43.06122705,191.1338829
2019-01-07,VIXIE,55.34554016,52.74961293
2019-01-07,VIXIG,52.17103645,45.6776
2019-01-07,VIXXO,51.4793758,198.7477283
2019-01-08,VIXFS,60.6851753,69.60625182
2019-01-08,VIXHY,42.67056972,185.3016569
2019-01-08,VIXIE,50.96250657,47.73244053
2019-01-08,VIXIG,51.45995103,43.76335516
2019-01-08,VIXXO,45.1136501,173.0319651
2019-01-09,VIXFS,60.92456962,67.81577218
2019-01-09,VIXHY,42.50725723,188.2328191
2019-01-09,VIXIE,51.37790496,46.51431161
2019-01-09,VIXIG,50.71202354,44.24158816
2019-01-09,VIXXO,46.50806996,173.6778276
2019-01-10,VIXFS,62.12091393,70.12662703
2019-01-10,VIXHY,42.56505199,180.4314941
2019-01-10,VIXIE,49.944351,43.33979354
2019-01-10,VIXIG,48.92736585,40.15887021
2019-01-10,VIXXO,51.02546276,185.6562642
2019-01-11,VIXFS,60.74629529,67.17853106
2019-01-11,VIXHY,42.85575976,184.4787716
2019-01-11,VIXIE,49.27702914,42.23735287
2019-01-11,VIXIG,49.03156948,41.0117014
2019-01-11,VIXXO,49.59095204,178.5739429
2019-01-14,VIXFS,60.27385824,66.51483467
2019-01-14,VIXHY,43.67422292,192.6552463
2019-01-14,VIXIE,51.01314695,45.07934252
2019-01-14,VIXIG,49.54921581,42.49819789
2019-01-14,VIXXO,52.941626,196.2765264
2019-01-15,VIXFS,60.99319577,65.51293404
2019-01-15,VIXHY,43.11722648,187.4491217
2019-01-15,VIXIE,50.52480188,44.13274369
2019-01-15,VIXIG,48.38245679,40.57397544
2019-01-15,VIXXO,48.6092293,176.2632159
2019-01-16,VIXFS,58.11404184,59.53726252
2019-01-16,VIXHY,42.36932577,183.8091295
2019-01-16,VIXIE,48.34437992,41.26005042
2019-01-16,VIXIG,47.96380727,40.12312772
2019-01-16,VIXXO,45.97947783,163.6822842
2019-01-17,VIXFS,58.13082411,59.25895002
2019-01-17,VIXHY,40.20266775,169.8964433
2019-01-17,VIXIE,47.19118714,40.84337058
2019-01-17,VIXIG,46.81420058,38.21558961
2019-01-17,VIXXO,43.5281666,153.4176666
2019-01-18,VIXFS,53.97580909,54.13567804
2019-01-18,VIXHY,38.91337004,161.2624942
2019-01-18,VIXIE,45.62862707,39.1557556
2019-01-18,VIXIG,44.27851293,35.97683737
2019-01-18,VIXXO,41.28402624,143.9728804
2019-01-22,VIXFS,55.46897171,56.50625077
2019-01-22,VIXHY,41.63326659,178.436101
2019-01-22,VIXIE,46.68282165,40.93747881
2019-01-22,VIXIG,47.21524407,39.22993622
2019-01-22,VIXXO,43.07478772,154.7238265
2019-01-23,VIXFS,55.75153522,56.15414327
2019-01-23,VIXHY,40.70223478,173.8705905
2019-01-23,VIXIE,46.64412308,40.7870511
2019-01-23,VIXIG,47.54749521,39.28674138
2019-01-23,VIXXO,43.11884968,155.678672
2019-01-24,VIXFS,55.51017627,55.25101234
2019-01-24,VIXHY,42.09349259,177.2543411
2019-01-24,VIXIE,46.17704483,39.83798902
2019-01-24,VIXIG,48.24786598,39.45752887
2019-01-24,VIXXO,43.07835595,154.4195053
2019-01-25,VIXFS,54.59856003,52.70374337
2019-01-25,VIXHY,40.53734237,166.3737636
2019-01-25,VIXIE,45.36638142,37.7274055
2019-01-25,VIXIG,46.84032199,37.99878245
2019-01-25,VIXXO,41.69867999,146.6144392
2019-01-28,VIXFS,55.2793694,54.76748421
2019-01-28,VIXHY,42.87921331,178.3760713
2019-01-28,VIXIE,46.54366151,39.91667074
2019-01-28,VIXIG,47.574056,39.26284474
2019-01-28,VIXXO,42.79322224,152.9627665
2019-01-29,VIXFS,56.14267139,54.65649545
2019-01-29,VIXHY,41.81659464,173.5018837
2019-01-29,VIXIE,46.53613775,39.2893155
2019-01-29,VIXIG,48.12273337,39.58224848
2019-01-29,VIXXO,43.29326311,154.5363235
2019-01-30,VIXFS,54.78956064,52.9792382
2019-01-30,VIXHY,38.95021047,154.6237541
2019-01-30,VIXIE,45.73710671,37.58181927
2019-01-30,VIXIG,44.59458266,34.84340899
2019-01-30,VIXXO,42.00022641,146.27201
2019-01-31,VIXFS,53.18651404,49.1580604
2019-01-31,VIXHY,39.72408184,156.6388275
2019-01-31,VIXIE,44.98500591,35.99541606
2019-01-31,VIXIG,43.93477974,32.71838704
2019-01-31,VIXXO,41.37528254,138.8133796
2019-02-01,VIXFS,57.79059146,54.43240154
2019-02-01,VIXHY,39.24138557,155.985697
2019-02-01,VIXIE,47.24517268,38.11932597
2019-02-01,VIXIG,45.72388927,34.57621865
2019-02-01,VIXXO,42.28202559,142.6437167
2019-02-04,VIXFS,57.43122084,55.50226749
2019-02-04,VIXHY,39.10899799,153.6461377
2019-02-04,VIXIE,46.76930463,37.93826454
2019-02-04,VIXIG,42.62402766,31.96953504
2019-02-04,VIXXO,42.51952449,144.1566069
2019-02-05,VIXFS,56.9353544,52.82406896
2019-02-05,VIXHY,37.80549525,147.1045445
2019-02-05,VIXIE,45.99845358,36.08354935
2019-02-05,VIXIG,43.07750869,30.80419293
2019-02-05,VIXXO,41.60496536,136.1323996
2019-02-06,VIXFS,55.57751367,52.47024639
2019-02-06,VIXHY,38.64936276,152.5090297
2019-02-06,VIXIE,47.07608736,37.12571609
2019-02-06,VIXIG,44.47795173,33.14046309
2019-02-06,VIXXO,42.69249911,140.6293475
2019-02-07,VIXFS,58.62108023,58.10907536
2019-02-07,VIXHY,41.7702736,168.4360151
2019-02-07,VIXIE,49.84155111,41.27662584
2019-02-07,VIXIG,47.10752744,37.01272098
2019-02-07,VIXXO,43.727383,150.6743844
2019-02-08,VIXFS,59.84335018,60.183843
2019-02-08,VIXHY,40.73665091,164.3748046
2019-02-08,VIXIE,51.45216896,43.0656172
2019-02-08,VIXIG,46.34393617,35.80394899
2019-02-08,VIXXO,44.56484627,154.495024
2019-02-11,VIXFS,60.83226548,60.73322295
2019-02-11,VIXHY,40.49796845,161.8551198
2019-02-11,VIXIE,50.81962553,41.5884833
2019-02-11,VIXIG,45.31415239,35.10502239
2019-02-11,VIXXO,44.22388753,151.2660501
2019-02-12,VIXFS,59.66804406,57.75618112
2019-02-12,VIXHY,38.30167849,149.9788014
2019-02-12,VIXIE,50.88365765,40.69009302
2019-02-12,VIXIG,42.90526818,31.8244923
2019-02-12,VIXXO,44.05154433,146.8857296
2019-02-13,VIXFS,58.96677173,56.29964943
2019-02-13,VIXHY,37.21168505,144.7899754
2019-02-13,VIXIE,49.50003899,38.93529897
2019-02-13,VIXIG,42.34599014,31.36562215
2019-02-13,VIXXO,43.51572612,144.0087335
2019-02-14,VIXFS,60.43782617,58.29105605
2019-02-14,VIXHY,36.88037361,144.4397571
2019-02-14,VIXIE,49.6162651,39.24951019
2019-02-14,VIXIG,42.86612664,31.51596443
2019-02-14,VIXXO,43.44318384,144.1973516
2019-02-15,VIXFS,59.80851577,56.33413854
2019-02-15,VIXHY,36.63915063,140.2650988
2019-02-15,VIXIE,48.32059551,37.22092226
2019-02-15,VIXIG,42.25118992,30.21576851
2019-02-15,VIXXO,42.59931464,136.8620533
2019-02-19,VIXFS,58.64477953,52.91453367
2019-02-19,VIXHY,37.07315227,142.9229184
2019-02-19,VIXIE,48.00975607,36.65157641
2019-02-19,VIXIG,42.81516586,30.33319995
2019-02-19,VIXXO,41.34595989,132.7274458
2019-02-20,VIXFS,57.41059318,49.84117949
2019-02-20,VIXHY,36.47878887,140.7325674
2019-02-20,VIXIE,48.27256033,36.21156492
2019-02-20,VIXIG,44.67832477,31.49220686
2019-02-20,VIXXO,41.02833154,131.2347831
2019-02-21,VIXFS,57.30247138,50.51826047
2019-02-21,VIXHY,38.22365106,150.9693673
2019-02-21,VIXIE,48.27007472,36.45385064
2019-02-21,VIXIG,46.01775127,33.33174549
2019-02-21,VIXXO,41.45597484,134.1130578
2019-02-22,VIXFS,56.71405371,51.13024043
2019-02-22,VIXHY,37.9161675,148.4474591
2019-02-22,VIXIE,48.41085783,36.92257376
2019-02-22,VIXIG,47.9532146,33.94522916
2019-02-22,VIXXO,41.06019329,132.0412316
2019-02-25,VIXFS,56.53623035,48.21481387
2019-02-25,VIXHY,37.18903178,144.7482725
2019-02-25,VIXIE,47.85814406,34.74893761
2019-02-25,VIXIG,46.33532545,32.92509557
2019-02-25,VIXXO,39.78291993,123.4818406
2019-02-26,VIXFS,57.13931582,47.61501218
2019-02-26,VIXHY,37.70791824,146.4443209
2019-02-26,VIXIE,47.4795373,33.87420221
2019-02-26,VIXIG,47.11869941,33.51405522
2019-02-26,VIXXO,39.99703031,121.349116
2019-02-27,VIXFS,55.761752,44.79414296
2019-02-27,VIXHY,37.6420223,146.8951231
2019-02-27,VIXIE,47.98007711,33.74604794
2019-02-27,VIXIG,46.64081648,32.80516862
2019-02-27,VIXXO,40.09526527,121.2591227
2019-02-28,VIXFS,57.82197578,46.50685898
2019-02-28,VIXHY,37.32704842,145.9103367
2019-02-28,VIXIE,48.61794473,34.08262706
2019-02-28,VIXIG,46.67559614,32.94333072
2019-02-28,VIXXO,39.73107292,121.1883144
2019-03-01,VIXFS,56.61332828,46.41020109
2019-03-01,VIXHY,36.37780402,141.2298266
2019-03-01,VIXIE,48.83621822,34.65286042
2019-03-01,VIXIG,45.74904379,31.6002415
2019-03-01,VIXXO,40.22455939,125.0925978
2019-03-04,VIXFS,59.80991255,49.5938095
2019-03-04,VIXHY,37.65197034,146.2741558
2019-03-04,VIXIE,48.93900748,34.1414166
2019-03-04,VIXIG,48.25305351,33.8498399
2019-03-04,VIXXO,40.4357657,123.6481053
2019-03-05,VIXFS,62.35164394,51.66105404
2019-03-05,VIXHY,38.67934327,151.6545379
2019-03-05,VIXIE,49.78673441,34.44024057
2019-03-05,VIXIG,49.38579624,35.56398959
2019-03-05,VIXXO,41.96164747,128.4255587
2019-03-06,VIXFS,62.03232228,50.83392521
2019-03-06,VIXHY,40.3042805,162.455819
2019-03-06,VIXIE,50.49015301,35.38187996
2019-03-06,VIXIG,49.92525731,37.11146192
2019-03-06,VIXXO,42.39034346,131.0559153
2019-03-07,VIXFS,62.38792418,52.04801246
2019-03-07,VIXHY,41.69584323,170.2277467
2019-03-07,VIXIE,52.50482478,37.36777485
2019-03-07,VIXIG,51.11801207,38.17745705
2019-03-07,VIXXO,43.96658772,138.8102543
2019-03-08,VIXFS,62.82436979,53.83716812
2019-03-08,VIXHY,41.22015067,167.9858215
2019-03-08,VIXIE,55.03128594,40.64449235
2019-03-08,VIXIG,50.43195547,37.50719107
2019-03-08,VIXXO,44.82023309,143.3772304
2019-03-11,VIXFS,63.87579155,52.31684323
2019-03-11,VIXHY,39.52890303,158.0344128
2019-03-11,VIXIE,51.96725611,36.98852101
2019-03-11,VIXIG,49.21561011,34.41229784
2019-03-11,VIXXO,44.86296384,140.1798034
2019-03-12,VIXFS,61.74939395,50.02106047
2019-03-12,VIXHY,38.25982922,152.6682119
2019-03-12,VIXIE,51.28763517,35.58123037
2019-03-12,VIXIG,48.05516102,33.8311555
2019-03-12,VIXXO,43.9644293,133.3204429
2019-03-13,VIXFS,60.58173573,48.10181329
2019-03-13,VIXHY,37.7085653,146.8800063
2019-03-13,VIXIE,49.82358418,33.83769764
2019-03-13,VIXIG,47.96259009,32.54853009
2019-03-13,VIXXO,42.44271372,125.7825973
2019-03-14,VIXFS,60.93933959,47.53902383
2019-03-14,VIXHY,38.5662253,150.9115329
2019-03-14,VIXIE,50.50426777,34.01862272
2019-03-14,VIXIG,48.07960408,32.2016205
2019-03-14,VIXXO,41.45526797,121.6832886
2019-03-15,VIXFS,61.50176115,48.32439134
2019-03-15,VIXHY,35.89402232,142.2468113
2019-03-15,VIXIE,51.25162738,34.97012557
2019-03-15,VIXIG,46.72953545,31.02731313
2019-03-15,VIXXO,40.86134522,118.6241522
2019-03-18,VIXFS,61.5642937,47.72313016
2019-03-18,VIXHY,38.63463407,147.28748
2019-03-18,VIXIE,51.0662729,34.60488617
2019-03-18,VIXIG,45.61945274,30.36863704
2019-03-18,VIXXO,41.17273371,119.8453831
2019-03-19,VIXFS,61.06267612,45.34172761
2019-03-19,VIXHY,38.10954273,147.0766811
2019-03-19,VIXIE,50.97213382,33.28801446
2019-03-19,VIXIG,45.39460237,30.41319853
2019-03-19,VIXXO,39.85890741,111.9045043
2019-03-20,VIXFS,58.40073242,50.51246716
2019-03-20,VIXHY,36.46561974,143.2675198
2019-03-20,VIXIE,50.79890465,37.46319935
2019-03-20,VIXIG,43.83117299,33.17316932
2019-03-20,VIXXO,42.54200921,122.3671096
2019-03-21,VIXFS,65.57419909,60.92700166
2019-03-21,VIXHY,36.97189212,141.5358272
2019-03-21,VIXIE,55.27111763,41.33307409
2019-03-21,VIXIG,44.63199267,33.45008878
2019-03-21,VIXXO,46.98957274,137.8452838
2019-03-22,VIXFS,73.30826635,74.8763714
2019-03-22,VIXHY,39.78554252,158.9030522
2019-03-22,VIXIE,60.04772043,47.77133612
2019-03-22,VIXIG,49.15198785,38.79776399
2019-03-22,VIXXO,56.05840023,177.9013569
2019-03-25,VIXFS,71.26565413,70.95091672
2019-03-25,VIXHY,41.49514989,167.1633084
2019-03-25,VIXIE,59.23752738,46.1244745
2019-03-25,VIXIG,51.37841599,40.65084889
2019-03-25,VIXXO,53.63715284,167.4004057
2019-03-26,VIXFS,66.88250824,64.53002532
2019-03-26,VIXHY,41.25283959,164.4150883
2019-03-26,VIXIE,56.22382727,43.07207781
2019-03-26,VIXIG,49.7483721,38.87891839
2019-03-26,VIXXO,50.61489397,153.6422755
2019-03-27,VIXFS,65.72076745,62.50293396
2019-03-27,VIXHY,41.49934617,172.7681364
2019-03-27,VIXIE,55.69413026,42.91545893
2019-03-27,VIXIG,50.20905634,39.40761238
2019-03-27,VIXXO,50.5435881,155.142662
2019-03-28,VIXFS,63.15590652,58.41431644
2019-03-28,VIXHY,39.86239454,162.2010355
2019-03-28,VIXIE,55.42960767,42.71748326
2019-03-28,VIXIG,49.42478941,37.91895665
2019-03-28,VIXXO,49.97258276,153.994259
2019-03-29,VIXFS,61.84049508,54.040489
2019-03-29,VIXHY,37.75517874,149.6448474
2019-03-29,VIXIE,54.18280332,39.72854549
2019-03-29,VIXIG,47.78652002,35.57879086
2019-03-29,VIXXO,48.54302049,144.3130542
2019-04-01,VIXFS,58.4055789,49.47001282
2019-04-01,VIXHY,36.28772693,140.5968882
2019-04-01,VIXIE,52.94252456,37.28201889
2019-04-01,VIXIG,45.71632576,32.94074294
2019-04-01,VIXXO,46.40653867,132.0860453
2019-04-02,VIXFS,60.88847639,53.50156439
2019-04-02,VIXHY,36.84160146,143.7072443
2019-04-02,VIXIE,52.66104314,37.28856094
2019-04-02,VIXIG,46.75747409,33.96301225
2019-04-02,VIXXO,44.7769856,127.3124668
2019-04-03,VIXFS,61.66723387,52.29038028
2019-04-03,VIXHY,37.23740763,145.2208593
2019-04-03,VIXIE,51.67613873,35.6506221
2019-04-03,VIXIG,46.72327447,33.49339996
2019-04-03,VIXXO,43.69983288,122.7009948
2019-04-04,VIXFS,63.31672574,54.52972768
2019-04-04,VIXHY,37.14149801,144.3820291
2019-04-04,VIXIE,51.42695445,36.25350801
2019-04-04,VIXIG,46.82268245,33.47555431
2019-04-04,VIXXO,43.63631935,123.8877308
2019-04-05,VIXFS,60.70995574,50.27791988
2019-04-05,VIXHY,36.94221806,141.7454467
2019-04-05,VIXIE,51.62466153,36.33219806
2019-04-05,VIXIG,45.79023776,31.77031505
2019-04-05,VIXXO,44.18046544,126.0262557
2019-04-08,VIXFS,61.15749475,51.57077215
2019-04-08,VIXHY,36.79969292,141.9057553
2019-04-08,VIXIE,51.98869088,37.04853817
2019-04-08,VIXIG,45.56204094,31.25921004
2019-04-08,VIXXO,43.98638414,126.385689
2019-04-09,VIXFS,59.97132054,49.51850715
2019-04-09,VIXHY,37.32202669,143.4607108
2019-04-09,VIXIE,52.04571364,36.69868617
2019-04-09,VIXIG,45.63674839,32.17236939
2019-04-09,VIXXO,43.26847386,123.2631297
2019-04-10,VIXFS,58.06513567,46.99460108
2019-04-10,VIXHY,35.18234889,133.7069147
2019-04-10,VIXIE,48.69763301,33.53014957
2019-04-10,VIXIG,44.76422296,30.57379756
2019-04-10,VIXXO,42.57163348,120.6444177
2019-04-11,VIXFS,54.58493637,41.54454134
2019-04-11,VIXHY,34.81730998,129.8566292
2019-04-11,VIXIE,45.34793379,29.85363308
2019-04-11,VIXIG,44.25806665,29.95206874
2019-04-11,VIXXO,40.10015,108.6678983
2019-04-12,VIXFS,51.48187299,37.50853744
2019-04-12,VIXHY,33.4286686,122.1404246
2019-04-12,VIXIE,44.71739774,28.86269389
2019-04-12,VIXIG,42.54654915,27.70718929
2019-04-12,VIXXO,37.95562963,101.9393169
2019-04-15,VIXFS,54.97456749,41.75000163
2019-04-15,VIXHY,33.60868367,123.8061482
2019-04-15,VIXIE,45.00270661,30.32539126
2019-04-15,VIXIG,44.45066039,28.86260161
2019-04-15,VIXXO,38.60467019,105.4789449
2019-04-16,VIXFS,54.87502195,42.56521378
2019-04-16,VIXHY,33.14633574,122.4544277
2019-04-16,VIXIG,44.43825422,29.67846003
2019-04-16,VIXXO,39.28842691,108.4169548
2019-04-17,VIXFS,52.28206597,39.93879593
2019-04-17,VIXHY,33.2397229,123.6486231
2019-04-17,VIXIE,45.14274151,30.36809682
2019-04-17,VIXIG,43.7463173,28.99019306
2019-04-17,VIXXO,38.02146837,103.5797612
2019-04-18,VIXFS,53.05430514,39.85391703
2019-04-18,VIXHY,32.52824488,120.3791413
2019-04-18,VIXIE,44.71772545,29.42240959
2019-04-18,VIXIG,43.68726874,29.23336954
2019-04-18,VIXXO,37.32022947,101.1992169
2019-04-22,VIXFS,53.15690649,40.10628959
2019-04-22,VIXHY,33.76976288,126.8926591
2019-04-22,VIXIE,44.84556421,29.61450915
2019-04-22,VIXIG,44.52548805,29.69962277
2019-04-22,VIXXO,37.48907987,102.0775441
2019-04-23,VIXFS,54.89795247,43.24322046
2019-04-23,VIXHY,33.51716808,124.4926312
2019-04-23,VIXIE,45.42488024,30.7555336
2019-04-23,VIXIG,43.79622087,28.69479571
2019-04-23,VIXXO,38.11285991,105.0313264
2019-04-24,VIXFS,55.33471774,43.94118525
2019-04-24,VIXHY,33.96820555,128.0474532
2019-04-24,VIXIE,46.71551204,32.30070076
2019-04-24,VIXIG,44.8212391,30.27653808
2019-04-24,VIXXO,38.76927941,109.3192495
2019-04-25,VIXFS,57.90804038,47.36920801
2019-04-25,VIXHY,34.30915591,130.0783244
2019-04-25,VIXIE,48.7874022,34.36504682
2019-04-25,VIXIG,45.3885036,30.85437168
2019-04-25,VIXXO,40.62246882,116.3671602
2019-04-26,VIXFS,56.28542821,44.38165368
2019-04-26,VIXHY,34.31282926,126.6491977
2019-04-26,VIXIE,48.79918949,33.58370018
2019-04-26,VIXIG,44.02550318,29.31316256
2019-04-26,VIXXO,39.34762154,110.5447928
2019-04-29,VIXFS,55.31997281,42.5737716
2019-04-29,VIXHY,33.90609591,127.0863891
2019-04-29,VIXIE,46.62054119,31.59296931
2019-04-29,VIXIG,43.72896105,29.70981911
2019-04-29,VIXXO,38.94186528,108.3901677
2019-04-30,VIXFS,53.85432996,40.94689365
2019-04-30,VIXHY,34.01508373,127.2847329
2019-04-30,VIXIE,45.66536253,30.73486666
2019-04-30,VIXIG,44.23089627,29.82584425
2019-04-30,VIXXO,38.63454387,108.2244562
2019-05-01,VIXFS,53.91353052,41.04893933
2019-05-01,VIXHY,33.60251401,126.6471514
2019-05-01,VIXIE,45.9933776,30.83883085
2019-05-01,VIXIG,44.70166483,30.47494061
2019-05-01,VIXXO,39.1791834,109.9201928
2019-05-02,VIXFS,54.55731748,42.47130719
2019-05-02,VIXHY,35.42594772,133.6850945
2019-05-02,VIXIE,46.15882327,31.68918004
2019-05-02,VIXIG,46.01283445,31.85681043
2019-05-02,VIXXO,39.83305081,114.4551006
2019-05-03,VIXFS,54.51876752,42.19934175
2019-05-03,VIXHY,34.24446335,126.519503
2019-05-03,VIXIE,45.80264337,30.70310549
2019-05-03,VIXIG,43.88179533,30.15888631
2019-05-03,VIXXO,38.84801602,109.0193959
2019-05-06,VIXFS,54.45374615,42.12127636
2019-05-06,VIXHY,36.58736086,136.6915974
2019-05-06,VIXIE,45.78440006,30.67165779
2019-05-06,VIXIG,47.16925016,32.38069939
2019-05-06,VIXXO,38.81705382,108.9070765
2019-05-07,VIXFS,59.18584199,49.22229388
2019-05-07,VIXHY,37.52758978,143.7096666
2019-05-07,VIXIE,51.49675845,36.70136351
2019-05-07,VIXIG,50.53564666,35.2905876
2019-05-07,VIXXO,43.01286002,126.8698425
2019-05-08,VIXFS,64.60725566,53.65132994
2019-05-08,VIXHY,40.4714385,155.2120399
2019-05-08,VIXIE,54.49746069,39.71128621
2019-05-08,VIXIG,52.12768792,37.15110524
2019-05-08,VIXXO,46.42524826,139.1427637
2019-05-09,VIXFS,76.07970709,67.2405026
2019-05-09,VIXHY,44.64469422,168.0203883
2019-05-09,VIXIE,62.12860393,44.9562745
2019-05-09,VIXIG,58.73809652,42.01615131
2019-05-09,VIXXO,56.14986553,176.2011204
2019-05-10,VIXFS,68.33449389,58.07886839
2019-05-10,VIXHY,40.04401267,148.5436848
2019-05-10,VIXIE,60.10653347,42.4992818
2019-05-10,VIXIG,51.85604927,35.72076399
2019-05-10,VIXXO,51.99937592,158.4653368
2019-05-13,VIXFS,73.70221192,66.13797571
2019-05-13,VIXHY,44.67742719,178.6918912
2019-05-13,VIXIE,60.63770135,44.2990597
2019-05-13,VIXIG,57.81380029,43.08349908
2019-05-13,VIXXO,52.86512489,166.8884757
2019-05-14,VIXFS,70.20474831,61.51551778
2019-05-14,VIXHY,43.34559292,171.0435728
2019-05-14,VIXIE,57.01166562,40.0823498
2019-05-14,VIXIG,54.22582245,38.98868089
2019-05-14,VIXXO,50.13152288,151.7452416
2019-05-15,VIXFS,69.14328661,61.05740331
2019-05-15,VIXHY,40.54192392,158.9747015
2019-05-15,VIXIE,57.58567773,41.8213726
2019-05-15,VIXIG,53.01204582,38.02024363
2019-05-15,VIXXO,49.37406576,149.2780299
2019-05-16,VIXFS,65.81554771,56.4417437
2019-05-16,VIXHY,37.10561091,142.1063093
2019-05-16,VIXIE,55.45014234,39.3794039
2019-05-16,VIXIG,49.64193848,34.96509579
2019-05-16,VIXXO,44.54910863,131.2487418
2019-05-17,VIXFS,66.29790178,57.48877451
2019-05-17,VIXHY,36.28877767,141.6162611
2019-05-17,VIXIE,55.84739142,40.75580863
2019-05-17,VIXIG,49.57778223,35.66651605
2019-05-17,VIXXO,45.26898306,137.2679537
2019-05-20,VIXFS,66.44589538,58.67359937
2019-05-20,VIXHY,37.83192182,149.2677042
2019-05-20,VIXIE,55.14355547,41.22200722
2019-05-20,VIXIG,50.05718183,36.39309414
2019-05-20,VIXXO,44.64106612,137.8005937
2019-05-21,VIXFS,64.47150754,56.31888332
2019-05-21,VIXHY,35.78810015,138.5424271
2019-05-21,VIXIE,52.37311638,37.68209331
2019-05-21,VIXIG,48.07045574,34.59045731
2019-05-21,VIXXO,41.87939783,126.7386509
2019-05-22,VIXFS,64.13466332,58.1012263
2019-05-22,VIXHY,36.43677465,141.5639768
2019-05-22,VIXIE,52.34924221,38.2536561
2019-05-22,VIXIG,49.08036312,35.40223405
2019-05-22,VIXXO,42.8433254,132.5704497
2019-05-23,VIXFS,65.64963284,62.91940873
2019-05-23,VIXHY,39.60272421,158.8609827
2019-05-23,VIXIE,54.54084053,41.69939568
2019-05-23,VIXIG,51.66954095,38.30282022
2019-05-23,VIXXO,45.61607217,146.5665965
2019-05-24,VIXFS,62.27968677,58.34803449
2019-05-24,VIXHY,38.13736523,153.1751332
2019-05-24,VIXIE,52.7099369,39.82317235
2019-05-24,VIXIG,49.99972829,36.94221588
2019-05-24,VIXXO,43.68151043,139.5277721
2019-05-28,VIXFS,66.2114036,63.05575294
2019-05-28,VIXHY,39.8341045,161.7736146
2019-05-28,VIXIE,53.84700648,40.480353
2019-05-28,VIXIG,52.0782468,39.41779291
2019-05-28,VIXXO,44.99250045,145.5829758
2019-05-29,VIXFS,67.26803478,66.01789378
2019-05-29,VIXHY,42.32891291,175.6947091
2019-05-29,VIXIE,54.88052271,42.24226279
2019-05-29,VIXIG,54.23741752,41.24119964
2019-05-29,VIXXO,46.12396364,152.8820628
2019-05-30,VIXFS,64.13772345,61.11889192
2019-05-30,VIXHY,42.35790147,176.9915605
2019-05-30,VIXIE,52.74598034,39.59683952
2019-05-30,VIXIG,53.38687829,40.52308187
2019-05-30,VIXXO,45.02687191,146.5124688
2019-05-31,VIXFS,69.44357381,66.24006272
2019-05-31,VIXHY,45.63033033,198.5137299
2019-05-31,VIXIE,56.29819403,43.5583207
2019-05-31,VIXIG,57.09697304,45.27790451
2019-05-31,VIXXO,47.88145547,159.6250659
2019-06-03,VIXFS,65.78201121,62.75811053
2019-06-03,VIXHY,45.92922824,202.2213289
2019-06-03,VIXIE,54.74037555,41.85984641
2019-06-03,VIXIG,56.77673094,44.91793202
2019-06-03,VIXXO,47.23840779,158.5305742
2019-06-04,VIXFS,63.28573179,56.25267377
2019-06-04,VIXHY,42.92913332,179.7538953
2019-06-04,VIXIE,53.67189813,38.66704045
2019-06-04,VIXIG,53.18756244,39.77790311
2019-06-04,VIXXO,44.64641,141.7443806
2019-06-05,VIXFS,64.53364367,54.43259759
2019-06-05,VIXHY,42.71719378,176.6934799
2019-06-05,VIXIE,52.75212172,38.19447645
2019-06-05,VIXIG,52.35764682,38.32776768
2019-06-05,VIXXO,42.8212723,134.5758868
2019-06-06,VIXFS,59.63389987,52.6024306
2019-06-06,VIXHY,41.01573447,167.4206027
2019-06-06,VIXIE,52.69902532,38.15368825
2019-06-06,VIXIG,51.74082391,37.30592346
2019-06-06,VIXXO,42.73896056,135.2636266
2019-06-07,VIXFS,58.72805873,49.36251455
2019-06-07,VIXHY,39.90922864,160.5302639
2019-06-07,VIXIE,50.49296798,35.42473324
2019-06-07,VIXIG,51.77807921,36.9304901
2019-06-07,VIXXO,41.85595684,128.242959
2019-06-10,VIXFS,58.59221956,47.64152661
2019-06-10,VIXHY,37.90358204,148.8654197
2019-06-10,VIXIE,47.5067638,31.56762175
2019-06-10,VIXIG,49.6530305,34.32534127
2019-06-10,VIXXO,40.48921608,121.0982204
2019-06-11,VIXFS,59.66062026,47.92586963
2019-06-11,VIXHY,38.06024103,147.469375
2019-06-11,VIXIE,48.74494668,33.06386646
2019-06-11,VIXIG,50.31385045,34.67405604
2019-06-11,VIXXO,39.87354331,118.5315547
2019-06-12,VIXFS,60.48678219,51.58633469
2019-06-12,VIXHY,40.1409554,160.7418762
2019-06-12,VIXIE,51.44192921,35.0929046
2019-06-12,VIXIG,51.50339888,36.12233162
2019-06-12,VIXXO,41.98914892,125.5618032
2019-06-13,VIXFS,62.08578297,50.84355438
2019-06-13,VIXHY,39.22069625,153.3478085
2019-06-13,VIXIE,50.47031406,33.71737032
2019-06-13,VIXIG,50.84600487,34.50824321
2019-06-13,VIXXO,41.89861358,124.9323881
2019-06-14,VIXFS,62.276312,50.42826768
2019-06-14,VIXHY,40.88702944,161.0169762
2019-06-14,VIXIE,52.35942262,35.06317285
2019-06-14,VIXIG,51.55143138,35.55476317
2019-06-14,VIXXO,43.97601168,132.0205063
2019-06-17,VIXFS,61.45005222,48.92121342
2019-06-17,VIXHY,40.48364704,162.1157479
2019-06-17,VIXIE,53.16331972,34.92797037
2019-06-17,VIXIG,51.82674045,35.40306095
2019-06-17,VIXXO,43.07799197,130.0410965
2019-06-18,VIXFS,60.00822265,43.86463647
2019-06-18,VIXHY,38.8181164,145.7667731
2019-06-18,VIXIE,53.02956093,32.90476011
2019-06-18,VIXIG,50.37482193,33.17578152
2019-06-18,VIXXO,42.12811815,122.0308422
2019-06-19,VIXFS,66.67236729,44.82187645
2019-06-19,VIXHY,38.78593262,142.0950811
2019-06-19,VIXIE,53.6427446,31.98486554
2019-06-19,VIXIG,48.17568657,30.66047201
2019-06-19,VIXXO,42.13624549,120.7120474
2019-06-20,VIXFS,63.84380045,44.56460243
2019-06-20,VIXHY,38.89782151,139.6808276
2019-06-20,VIXIE,50.82015973,30.38206138
2019-06-20,VIXIG,48.83532393,29.94139883
2019-06-20,VIXXO,41.00530217,114.8695834
2019-06-21,VIXFS,61.90175503,44.25184331
2019-06-21,VIXHY,38.31185584,138.7717012
2019-06-21,VIXIE,52.45454874,30.96010973
2019-06-21,VIXIG,48.40779026,30.59682639
2019-06-21,VIXXO,42.58039659,120.9982074
2019-06-24,VIXFS,60.84030881,45.58178949
2019-06-24,VIXHY,38.41172173,142.3694364
2019-06-24,VIXIE,53.39396362,34.61118451
2019-06-24,VIXIG,52.20116025,33.72686933
2019-06-24,VIXXO,43.02101957,122.8621853
2019-06-25,VIXFS,61.84224049,47.20469241
2019-06-25,VIXHY,40.79552501,154.9384614
2019-06-25,VIXIE,53.1090794,33.58440897
2019-06-25,VIXIG,54.26784702,36.09738658
2019-06-25,VIXXO,43.38947919,125.3824525
2019-06-26,VIXFS,61.93420582,46.85422244
2019-06-26,VIXHY,40.05000787,150.4777055
2019-06-26,VIXIE,54.83700996,36.01743617
2019-06-26,VIXIG,52.8127518,35.24559395
2019-06-26,VIXXO,44.78436005,132.3374124
2019-06-27,VIXFS,64.01762844,49.47150248
2019-06-27,VIXHY,40.52436247,149.2057517
2019-06-27,VIXIE,53.44908328,33.79644418
2019-06-27,VIXIG,50.99233495,32.92792612
2019-06-27,VIXXO,43.61313696,124.9039721
2019-06-28,VIXFS,60.74372174,43.86806671
2019-06-28,VIXHY,39.83804228,145.9649002
2019-06-28,VIXIE,53.773277,34.62378853
2019-06-28,VIXIG,51.89520268,32.7044888
2019-06-28,VIXXO,42.1543555,118.6600322
2019-07-01,VIXFS,59.56201191,41.433937
2019-07-01,VIXHY,38.92768062,142.6988701
2019-07-01,VIXIE,52.28874468,32.35196739
2019-07-01,VIXIG,53.96409942,32.42975786
2019-07-01,VIXXO,39.98729245,111.5770947
2019-07-02,VIXFS,60.17601347,41.51350419
2019-07-02,VIXHY,37.72222758,136.2400534
2019-07-02,VIXIE,52.24342044,31.41211418
2019-07-02,VIXIG,51.44345467,29.7021373
2019-07-02,VIXXO,39.42232067,108.9858034
