Date,VIXIG Percent,VIXIG Basis Point,VIXHY Percent,VIXHY Basis Point,VIXIE Percent,VIXIE Basis Point,VIXXO Percent,VIXXO Basis Point,VIXFS Percent,VIXFS Basis Point
2018-08-23,41.80703138,29.16132963,32.04615253,120.28783999999999,46.93723381,35.24947284,35.04595472,111.07965420000001,60.53220777,55.31176734
2018-08-24,41.25669465,28.73785936,31.38122728,116.2839993,46.65975878,34.67113562,34.69786375,108.96755879999999,59.22557973,52.889309700000005
2018-08-27,41.51646926,28.36631806,31.20972489,114.84847479999999,,,,,,
2018-08-28,41.38870493,28.28524285,31.350637100000004,115.6065476,45.61034221,33.4576072,35.23411205,110.28316299999999,58.68580682,53.67368511
2018-08-29,40.70439939,27.95897198,30.85138102,113.67383059999999,47.72235897,35.78690087,36.7290532,117.46105659999999,56.72858681,53.10918992
2018-08-30,43.98470694,30.74551848,32.87190223,123.69731809999999,48.38666817,36.47483251,37.17347002,120.4131439,60.03360082,55.80809212
2018-08-31,42.94103525,30.15549093,32.15312418,121.26598030000001,49.16794596,38.05650873,37.52423754,123.67730159999998,62.91422799,60.81060948
2018-09-04,44.88689908,31.46942848,33.37292618,126.3309289,49.11332615,37.77731155,38.23369198,125.6487821,58.05136689,51.22816478
2018-09-05,43.90914405,30.683258399999996,32.60738693,123.3234088,47.35020127,35.46371617,37.91431025,122.4593189,56.07275024,48.98044225
2018-09-06,42.86760408,30.23558686,32.75797245,123.3124442,46.99755815,34.82440644,37.44184489,119.99507709999999,58.49882462,49.99394212
2018-09-07,43.09165106,30.24820687,32.9107768,124.22638429999999,46.15582115,34.18045621,37.39446661,120.4136946,58.03951145,48.26508003
2018-09-10,41.35416411,28.01729054,32.02466279,119.31310090000001,44.59796945,31.65747076,36.27938615,113.9388598,56.47265486,43.71195315
2018-09-11,42.40968004,29.02708916,32.35376958,120.66607179999998,45.28375589,31.97904521,36.58390077,115.13782409999999,53.89866213,39.23288469
2018-09-12,43.36044444,29.33500893,32.10324701,118.8920591,45.51992157,32.511856099999996,37.45414933,117.5445376,54.86701043,41.11892076
2018-09-13,40.23955264,26.53207428,29.39598481,106.55073,45.02635122,31.15884486,37.15242185,114.0520021,55.33899276,40.6884127
2018-09-14,41.59892547,27.49029434,29.09559925,104.0764502,44.70767459,30.38812921,37.40742377,115.76319550000001,55.60846019,40.61906619
2018-09-17,41.84971116,27.70030683,31.23109715,113.57614380000001,45.68404954,31.54378372,38.37645661,118.45717020000001,54.703792799999995,41.68439669
2018-09-18,42.07484195,27.472604200000003,31.77754706,114.99382539999999,45.71723385,31.26039911,37.8010939,117.5300844,54.54876609,40.77953567
2018-09-19,41.92257042,27.61219763,31.45045607,114.53788020000002,47.42145621,32.17414504,36.92356932,113.7550333,53.93959232,41.08621299
2018-09-20,42.78945626,30.49777074,30.97354266,112.31368559999999,44.26509718,33.84031721,37.77328235,111.2719446,52.27589001,45.31583863
2018-09-21,41.95131728,30.17943179,31.05611997,112.80542,44.77332518,35.02253123,38.02867783,112.6215095,51.79478406,45.32287081
2018-09-24,43.54826732,31.97799787,33.05117763,121.72393149999999,45.43035079,35.89498365,37.81512096,113.1015625,52.58474482,45.9983911
2018-09-25,44.52374801,31.87856777,32.77008358,120.3308969,44.53703763,34.93344503,38.03807914,114.38152930000001,53.21979676,47.2691398
2018-09-26,41.03020905,29.55723478,31.67000053,114.47973329999999,43.19073465,33.14964283,37.54269414,112.18192830000001,52.62314203,47.56098165
2018-09-27,40.73434528,28.8142322,30.89525257,110.1684595,42.14174570000001,31.98462458,37.41013901,111.22087749999999,53.96966617,48.40269868
2018-09-28,39.15983997,27.96959908,29.27575081,111.42894129999999,43.71130909,33.82511902,39.94284252,121.9438425,55.28627908,51.64816925
2018-10-01,39.8710725,27.26778043,27.40940469,102.1629315,42.88235049,32.26881895,38.38481578,115.90759479999998,56.27966474,52.58819673
2018-10-02,41.18446177,29.61773325,29.46221489,111.39003729999999,44.22051012,34.59144235,39.36815919,121.7589613,63.12295269,60.25872547
2018-10-03,41.55837366,29.35566226,30.61363722,116.27797530000001,43.87716916,33.43634182,38.62804379,117.0383922,55.77636293,51.00064161
2018-10-04,45.83317475,33.19476263,35.18005126,135.7353582,45.28850215,34.92860756,39.53313655,122.2788574,58.25443368,54.75973957
2018-10-05,45.923902500000004,33.70826639,35.37660331,136.78372190000002,45.29606989,35.16592015,39.98479835,124.8912074,57.38961871,55.09743919
2018-10-08,,,,,48.65387454,39.10469061,42.35897972,134.7615042,57.922908400000004,57.10186975
2018-10-09,47.05851789,34.81050535,36.73677836,143.0812608,49.20138498,40.05977931,42.5004189,135.44535119999998,59.13249095,57.73138278
2018-10-10,50.48240079,40.4327513,41.90514249,171.34058169999997,49.52111534,39.96012312,43.02951824,138.4301685,59.09032646,57.92319298
2018-10-11,51.77011786,39.47020249,42.93150512,172.5581097,56.16102168,45.73277693,46.92603287,152.0682755,63.75763401,64.24209743
2018-10-12,50.90748768,38.49721467,41.845946000000005,165.333144,58.52025432,48.08182701,46.3831554,148.38039530000003,65.48825982,65.37895278
2018-10-15,53.44499267,41.73894012,41.51294584,164.6676737,58.72432994,48.28894605,45.03997209,144.25055859999998,67.75094677,68.00145922
2018-10-16,49.4331915,37.389911700000006,38.73979539,151.4801886,51.49678156,40.15896019,44.06373022,139.3584707,64.70326983,62.39082069
2018-10-17,52.37046915,39.05951005,38.8786484,152.7205068,56.43694014,46.75877506,44.10232508,139.990936,65.29637304,63.56777866
2018-10-18,57.75424104,45.31399773,42.90896394,173.6675532,59.38391513,49.63746251,44.90355088,143.6964519,64.83197505,65.67409418
2018-10-19,54.07459174,41.38987988,41.97075856,170.5982873,59.00248993,48.65440054,44.21069945,141.8169111,65.85334103,66.64482795
2018-10-22,57.04650603,43.54801806,42.91834057,176.2393717,54.02874927,44.59142963,42.87986037,137.1539086,63.48348908,62.92406934
2018-10-23,56.50751588,43.34291213,43.82069739,179.8469044,55.55599712,47.44366516,44.85810865,148.45499009999997,65.72498092,67.16617741
2018-10-24,58.83183568,46.18140123,46.05961246,194.4794257,54.19478939,45.4959956,44.85869058,146.8368906,65.92140967,68.22610184
2018-10-25,55.45538677,43.6203554,44.30617185,186.0654869,56.89306187,48.40082494,44.56422475,147.7189296,67.16664986,67.91063585
2018-10-26,59.07008476,46.63388421,46.41641783,198.45947880000003,56.54596731,48.99120413,46.81594426,157.19228049999998,67.31408942,68.54565228
2018-10-29,58.43472755,46.39519235,45.36543533,193.9526775,56.59329295,48.06657982,44.23172356,143.96578490000002,62.70024764,62.63238202
2018-10-30,55.21405913,43.81768924,43.95063163,186.73058769999997,55.00798978,46.52001685,43.608852299999995,145.2174214,64.36191955,64.37954439
2018-10-31,54.49699801,41.90841951,41.48071176,173.2394485,55.81113897,46.08441095,43.25096293,140.43210580000002,65.25478269,65.05379876
2018-11-01,51.98987945,39.56485093,38.88032122,160.8753855,53.13160381,42.26071781,42.15290956,136.3739155,61.84517884,59.68750925
2018-11-02,49.68561759,37.53251907,38.78473211,159.4381412,47.35032692,37.38440475,39.90719247,126.0245446,57.16059627,53.17644647
2018-11-05,47.89084045,35.65356656,37.62470857,152.81483830000002,47.35722947,37.1556931,39.75697279,126.9841612,59.59326552,55.30038769
2018-11-06,49.34409088,36.98104034,37.55847256,150.0168184,47.42378605,37.26170787,39.61814108,124.36021000000001,59.93271036,56.34224202
2018-11-07,45.19991003,33.09944842,35.58538753,139.15098830000002,44.41700121,33.77662221,38.19671457,118.2134827,58.89186374,53.54987415
2018-11-08,45.36090572,32.98642688,36.11264619,143.3158918,44.18521634,33.88405625,37.72053158,116.46070290000002,59.03352187,55.40008538
2018-11-09,49.20877909,38.39575505,39.82234103,163.423056,45.38589486,35.62970913,38.82833537,122.022203,56.91465593,54.94362533
2018-11-12,,,,,48.09613253,38.77785842,40.08760341,128.9652961,57.852407799999995,57.51498645
2018-11-13,53.17691339,43.63272247,43.16704538,182.85502759999997,48.43330943,38.721844399999995,40.07979256,130.04115259999998,59.37214688,57.82008832
2018-11-14,55.17311028,46.32630904,46.70370039,201.57119980000002,50.67000854,41.49561062,41.4967611,136.7838372,59.3681524,58.81298148
2018-11-15,57.00422892,47.09269324,47.87097634,208.3569114,55.89453072,47.66640285,48.52387605,165.9025647,63.57288801,64.84190206
2018-11-16,58.72443585,51.01973107,48.53732544,212.45406859999997,59.01242354,51.12553387,51.44325016,179.08105859999998,64.31749832,67.69694196
2018-11-19,60.15743393,53.70829586,49.40338718,221.2112363,69.24975159,63.60286801,50.50822264,179.59459990000002,69.12077049,75.40516176
2018-11-20,63.03404383,58.11997605,50.29494437,228.77608619999998,68.62159481,62.85179755,53.50354031,196.3156142,71.75440801,79.64720743
2018-11-21,62.61409969,57.25191514,45.75280472,203.26597030000002,63.96957711,56.67651744,50.23423494,177.3643179,71.07074341,77.16163941
2018-11-22,62.60489953,57.2622311,45.72458794,203.2934528,63.03473846,56.36595079,49.73713028,178.1161193,70.97412535,77.21476858
2018-11-23,69.55182984,65.21159681,48.48343136,219.99686269999998,57.79423915,51.71877367,51.37074418,188.20116059999998,71.21966333,78.28595178
2018-11-26,62.97009646,55.389771100000004,45.90822463,204.6918799,60.72394257,54.70351796,50.9314672,183.4231918,71.23765246,73.42955894
2018-11-27,59.82303613,51.67873507,44.61697547,197.8879797,58.02485485,52.10945484,52.14643585,196.32512119999998,70.10779493,74.31654843
2018-11-28,49.87283492,41.63138761,39.08967874,164.6802618,58.63824629,52.53737427,49.77154053,184.32944540000003,68.95605334,75.43019279
2018-11-29,48.07275759,40.30706738,38.83012342,164.2648224,55.28438987,48.63124334,49.92897339,186.9258322,68.5967885,73.75120516
2018-11-30,50.18045083,42.26621707,41.22672722,176.8155118,56.47312354,50.62115451,51.56685537,190.0602756,68.6236278,74.07127221
2018-12-03,49.09088338,41.28021439,39.88491342,169.20661,54.46325689,47.77418359,48.50848135,172.2650103,68.97839238,73.40297428
2018-12-04,54.205185300000004,48.72069988,45.38364513,201.54542,57.32193735,52.11967529,49.77694093,184.90082030000002,67.07488034,74.88676914
2018-12-06,54.71164355,49.00993048,44.98499975,202.2173666,59.22726763,56.80988968,54.09862087,211.68677340000002,67.16816706,76.78279969
2018-12-07,56.1700848,52.49072595,46.78516132,214.21777369999998,59.85217098,56.03957773,50.14105275,191.8123644,69.98085268,78.02456571
2018-12-10,57.72791713,53.52222469,48.81523628,225.1459477,60.19856415,57.90919941,53.16942455,206.8924345,74.28177765,84.39893993
2018-12-11,54.34884569,47.57901637,46.1834162,208.5891136,59.04973904,54.22131814,50.2251815,191.6479444,67.1818579,75.78897544
2018-12-12,53.01754692,45.7238402,46.06449093,203.4240036,58.24745401,50.20770234,52.74588029,189.4611966,67.25599862,72.04377891
2018-12-13,51.989889500000004,43.50136443,45.07798589,192.6487032,54.5405485,45.54040842,46.98251131,165.04114019999997,64.88495875,68.88615273
2018-12-14,53.58143641,47.29695027,46.44197979,205.35547309999998,55.6751313,47.75791138,49.9813786,181.9813983,65.12983238,70.40111803
2018-12-17,54.76597919,48.89067302,48.11020762,218.4196833,55.023951399999994,48.6170847,44.65126482,169.5404285,65.07678491,71.29023021
2018-12-18,55.37592605,49.39798233,47.82498406,216.81031000000002,54.85663899,48.45169495,44.95786976,169.6681515,64.67429654,71.01598843
2018-12-19,58.408816099999996,55.03186032,51.16141661,241.8828142,53.87154216,47.61178235,50.94448751,188.47275109999998,65.13344411,70.40877568
2018-12-20,60.38416554,58.38223136,52.64707483,257.17685159999996,56.04461284,52.41557121,50.99807396,194.75841819999997,64.56639841,72.64238216
2018-12-21,61.52278955,60.88771976,52.28023325,258.62331659999995,58.32456932,56.99600305,52.72109372,205.0814177,65.62704137,75.58671052
2018-12-24,64.32144329,65.03096964,52.14171067,265.24229449999996,60.25605338,60.73436277,52.43796415,209.3869356,64.59027359,76.09221132
2018-12-26,62.09723848,59.85826243,52.24465027,249.5056332,60.26501552,60.87492687,51.79770147,207.90651619999997,64.42362302,75.92960221
2018-12-27,63.27653243,61.24711621,52.67050457,252.7243134,60.09651688,59.76204065,55.09715998,226.36838250000002,64.035187,76.02826529999999
2018-12-28,60.38527987,57.83453213,51.69012684,246.5239355,59.89149917,58.24465107,53.32843962,214.159487,68.06389351,78.70919588
2018-12-31,61.07294483,58.04225938,51.92308659,246.43745750000002,58.049868999999994,56.47329891,49.34809375,197.465483,66.74639325,76.14431402
2019-01-02,58.95477984,55.86354833,49.1774994,236.5396352,58.51006632,57.21220038,54.43133421,217.24539109999998,66.38894089,76.87760979
2019-01-03,58.67401493,56.49072963,48.92974932,238.07649359999996,58.33954371,59.20591589,53.05169203,218.559302,63.89032208,76.87409573
2019-01-04,54.31371933,49.05484764,45.44850434,206.7492458,56.36747065,54.48379565,53.77253408,211.9210508,65.34014377,76.10992162
2019-01-07,52.17103645,45.6776,43.06122705,191.1338829,55.34554016,52.74961293,51.4793758,198.7477283,63.80941198,74.04011906
2019-01-08,51.45995103,43.76335516,42.67056972,185.3016569,50.96250657,47.73244053,45.1136501,173.03196509999998,60.685175300000004,69.60625182
2019-01-09,50.71202354,44.24158816,42.50725723,188.2328191,51.37790496,46.51431161,46.50806996,173.67782759999997,60.92456962,67.81577218
2019-01-10,48.92736585,40.15887021,42.56505199,180.43149409999998,49.944351,43.33979354,51.02546276,185.6562642,62.12091393,70.12662703
2019-01-11,49.03156948,41.0117014,42.85575976,184.4787716,49.27702914,42.23735287,49.59095204,178.5739429,60.74629529,67.17853106
2019-01-14,49.54921581,42.49819789,43.67422292,192.65524630000002,51.01314695,45.07934252,52.941626,196.2765264,60.27385824,66.51483467
2019-01-15,48.38245679,40.57397544,43.11722648,187.4491217,50.52480188,44.13274369,48.609229299999996,176.2632159,60.99319577,65.51293404
2019-01-16,47.96380727,40.12312772,42.36932577,183.80912949999998,48.34437992,41.26005042,45.97947783,163.6822842,58.11404184,59.53726252
2019-01-17,46.81420058,38.21558961,40.20266775,169.89644330000002,47.19118714,40.84337058,43.528166600000006,153.4176666,58.13082411,59.25895002
2019-01-18,44.27851293,35.97683737,38.91337004,161.2624942,45.62862707,39.155755600000006,41.28402624,143.9728804,53.97580909,54.13567804
2019-01-22,47.21524407,39.22993622,41.63326659,178.436101,46.68282165,40.93747881,43.07478772,154.7238265,55.46897171,56.50625077
2019-01-23,47.54749521,39.28674138,40.70223478,173.8705905,46.64412308,40.7870511,43.11884968,155.678672,55.75153522,56.15414327
2019-01-24,48.24786598,39.45752887,42.09349259,177.25434109999998,46.17704483,39.83798902,43.07835595,154.4195053,55.51017627,55.25101234
2019-01-25,46.84032199,37.99878245,40.53734237,166.3737636,45.36638142,37.727405499999996,41.69867999,146.6144392,54.59856003,52.70374337
2019-01-28,47.574056,39.26284474,42.87921331,178.37607130000004,46.54366151,39.91667074,42.79322224,152.96276650000001,55.2793694,54.76748421
2019-01-29,48.12273337,39.58224848,41.81659464,173.50188369999998,46.53613775,39.2893155,43.29326311,154.5363235,56.14267139,54.65649545
2019-01-30,44.59458266,34.84340899,38.95021047,154.62375409999999,45.73710671,37.58181927,42.00022641,146.27201000000002,54.78956064,52.9792382
2019-01-31,43.93477974,32.71838704,39.72408184,156.6388275,44.98500591,35.99541606,41.37528254,138.8133796,53.18651404,49.1580604
2019-02-01,45.72388927,34.57621865,39.24138557,155.985697,47.24517268,38.11932597,42.28202559,142.6437167,57.79059146,54.43240154
2019-02-04,42.62402766,31.96953504,39.10899799,153.6461377,46.76930463,37.93826454,42.51952449,144.1566069,57.43122084,55.50226749
2019-02-05,43.07750869,30.80419293,37.80549525,147.1045445,45.99845358,36.08354935,41.60496536,136.1323996,56.9353544,52.82406896
2019-02-06,44.47795173,33.14046309,38.64936276,152.50902969999999,47.07608736,37.12571609,42.69249911,140.62934750000002,55.57751367,52.47024639
2019-02-07,47.10752744,37.01272098,41.7702736,168.4360151,49.84155111,41.27662584,43.727383,150.6743844,58.62108023,58.10907536
2019-02-08,46.34393617,35.80394899,40.73665091,164.37480459999998,51.45216896,43.065617200000005,44.56484627,154.495024,59.84335018,60.183843
2019-02-11,45.31415239,35.10502239,40.49796845,161.8551198,50.81962553,41.5884833,44.22388753,151.2660501,60.83226548,60.73322295
2019-02-12,42.90526818,31.8244923,38.30167849,149.9788014,50.88365765,40.69009302,44.05154433,146.8857296,59.66804406,57.75618112
2019-02-13,42.34599014,31.36562215,37.21168505,144.7899754,49.50003899,38.93529897,43.51572612,144.0087335,58.96677173,56.29964943
2019-02-14,42.86612664,31.51596443,36.88037361,144.4397571,49.6162651,39.24951019,43.44318384,144.1973516,60.43782617,58.29105605
2019-02-15,42.25118992,30.21576851,36.63915063,140.2650988,48.32059551,37.22092226,42.59931464,136.8620533,59.80851577,56.33413854
2019-02-19,42.81516586,30.33319995,37.07315227,142.92291840000001,48.00975607,36.65157641,41.34595989,132.7274458,58.64477953,52.91453367
2019-02-20,44.67832477,31.49220686,36.47878887,140.73256740000002,48.27256033,36.21156492,41.02833154,131.2347831,57.41059318,49.84117949
2019-02-21,46.01775127,33.33174549,38.22365106,150.96936730000002,48.27007472,36.45385064,41.45597484,134.1130578,57.30247138,50.51826047
2019-02-22,47.9532146,33.94522916,37.9161675,148.4474591,48.41085783,36.92257376,41.06019329,132.04123159999997,56.71405371,51.13024043
2019-02-25,46.33532545,32.92509557,37.18903178,144.7482725,47.85814406,34.74893761,39.78291993,123.4818406,56.53623035,48.21481387
2019-02-26,47.11869941,33.51405522,37.70791824,146.4443209,47.4795373,33.87420221,39.99703031,121.349116,57.13931582,47.61501218
2019-02-27,46.64081648,32.80516862,37.6420223,146.89512309999998,47.98007711,33.74604794,40.09526527,121.25912269999999,55.761752,44.79414296
2019-02-28,46.67559614,32.94333072,37.32704842,145.9103367,48.61794473,34.08262706,39.73107292,121.18831440000001,57.82197578,46.50685898
2019-03-01,45.74904379,31.6002415,36.37780402,141.2298266,48.83621822,34.65286042,40.22455939,125.0925978,56.61332828,46.41020109
2019-03-04,48.25305351,33.8498399,37.65197034,146.27415580000002,48.93900748,34.1414166,40.4357657,123.64810530000001,59.80991255,49.5938095
2019-03-05,49.38579624,35.56398959,38.67934327,151.6545379,49.78673441,34.44024057,41.96164747,128.4255587,62.35164394,51.66105404
2019-03-06,49.92525731,37.11146192,40.3042805,162.455819,50.49015301,35.38187996,42.39034346,131.05591529999998,62.03232228,50.83392521
2019-03-07,51.11801207,38.17745705,41.69584323,170.22774669999998,52.50482478,37.36777485,43.96658772,138.8102543,62.38792418,52.04801246
2019-03-08,50.43195547,37.50719107,41.22015067,167.98582150000001,55.03128594,40.64449235,44.82023309,143.3772304,62.82436979,53.83716812
2019-03-11,49.21561011,34.41229784,39.52890303,158.0344128,51.96725611,36.98852101,44.86296384,140.1798034,63.87579155,52.31684323
2019-03-12,48.05516102,33.8311555,38.25982922,152.6682119,51.28763517,35.58123037,43.96442929999999,133.3204429,61.74939395,50.02106047
2019-03-13,47.96259009,32.54853009,37.7085653,146.88000630000002,49.82358418,33.83769764,42.44271372,125.7825973,60.58173573,48.10181329
2019-03-14,48.07960408,32.201620500000004,38.5662253,150.91153290000003,50.50426777,34.01862272,41.45526797,121.6832886,60.93933959,47.53902383
2019-03-15,46.72953545,31.02731313,35.89402232,142.24681130000002,51.25162738,34.97012557,40.86134522,118.62415220000001,61.50176115,48.32439134
2019-03-18,45.61945274,30.36863704,38.63463407,147.28748000000002,51.0662729,34.60488617,41.17273371,119.8453831,61.5642937,47.72313016
2019-03-19,45.39460237,30.41319853,38.10954273,147.0766811,50.97213382,33.28801446,39.85890741,111.9045043,61.06267612,45.34172761
2019-03-20,43.83117299,33.17316932,36.46561974,143.2675198,50.79890465,37.46319935,42.54200921,122.36710959999999,58.40073242,50.51246716
2019-03-21,44.63199267,33.45008878,36.97189212,141.5358272,55.27111763,41.33307409,46.98957274,137.84528380000003,65.57419909,60.92700166
2019-03-22,49.15198785,38.79776399,39.78554252,158.9030522,60.04772043,47.77133612,56.05840023,177.90135690000002,73.30826635,74.87637140000001
2019-03-25,51.37841599,40.65084889,41.49514989,167.1633084,59.23752738,46.1244745,53.63715284,167.4004057,71.26565413,70.95091672
2019-03-26,49.748372100000005,38.87891839,41.25283959,164.4150883,56.22382727,43.07207781,50.61489397,153.64227549999998,66.88250824,64.53002532
2019-03-27,50.20905634,39.40761238,41.49934617,172.7681364,55.69413026,42.91545893,50.5435881,155.142662,65.72076745,62.50293396
2019-03-28,49.42478941,37.91895665,39.86239454,162.2010355,55.42960767,42.71748326,49.97258276,153.994259,63.15590652,58.41431644
2019-03-29,47.78652002,35.57879086,37.75517874,149.6448474,54.18280332,39.72854549,48.54302049,144.31305419999998,61.84049508,54.040489
2019-04-01,45.71632576,32.94074294,36.28772693,140.5968882,52.94252456,37.28201889,46.40653867,132.0860453,58.4055789,49.47001282
2019-04-02,46.75747409,33.96301225,36.84160146,143.7072443,52.66104314,37.28856094,44.7769856,127.31246680000001,60.88847639,53.50156439
2019-04-03,46.72327447,33.49339996,37.23740763,145.2208593,51.67613873,35.6506221,43.69983288,122.70099479999999,61.66723387,52.29038028
2019-04-04,46.82268245,33.47555431,37.14149801,144.38202909999998,51.42695445,36.25350801,43.63631935,123.8877308,63.31672574,54.52972768
2019-04-05,45.79023776,31.77031505,36.94221806,141.7454467,51.62466153,36.33219806,44.18046544,126.02625570000001,60.70995574,50.27791988
2019-04-08,45.56204094,31.25921004,36.79969292,141.9057553,51.98869088,37.04853817,43.98638414,126.38568899999999,61.15749475,51.57077215
2019-04-09,45.63674839,32.17236939,37.32202669,143.4607108,52.04571364,36.69868617,43.26847386,123.26312970000001,59.97132054,49.51850715
2019-04-10,44.76422296,30.57379756,35.18234889,133.7069147,48.69763301,33.53014957,42.57163348,120.64441770000002,58.06513567,46.99460108
2019-04-11,44.25806665,29.95206874,34.81730998,129.85662920000001,45.34793379,29.85363308,40.10015,108.6678983,54.58493637,41.54454134
2019-04-12,42.54654915,27.70718929,33.4286686,122.1404246,44.71739774,28.86269389,37.95562963,101.93931690000001,51.48187299,37.50853744
2019-04-15,44.45066039,28.86260161,33.60868367,123.80614820000001,45.00270661,30.32539126,38.60467019,105.4789449,54.97456749,41.75000163
2019-04-16,44.43825422,29.67846003,33.14633574,122.4544277,,,39.28842691,108.4169548,54.87502195,42.56521378
2019-04-17,43.746317299999994,28.99019306,33.2397229,123.6486231,45.14274151,30.36809682,38.02146837,103.57976120000001,52.28206597,39.93879593
2019-04-18,43.68726874,29.23336954,32.52824488,120.3791413,44.71772545,29.42240959,37.32022947,101.19921690000001,53.05430514,39.85391703
2019-04-22,44.52548805,29.69962277,33.76976288,126.8926591,44.84556421,29.61450915,37.48907987,102.0775441,53.15690649,40.10628959
2019-04-23,43.79622087,28.69479571,33.51716808,124.49263119999999,45.42488024,30.7555336,38.11285991,105.0313264,54.89795247,43.24322046
2019-04-24,44.8212391,30.27653808,33.96820555,128.0474532,46.71551204,32.30070076,38.76927941,109.31924950000001,55.33471774,43.94118525
2019-04-25,45.3885036,30.85437168,34.30915591,130.07832439999999,48.7874022,34.36504682,40.62246882,116.3671602,57.90804038,47.36920801
2019-04-26,44.02550318,29.31316256,34.31282926,126.6491977,48.79918949,33.58370018,39.34762154,110.54479280000001,56.28542821,44.38165368
2019-04-29,43.72896105,29.70981911,33.90609591,127.08638909999998,46.62054119,31.59296931,38.94186528,108.39016770000002,55.31997281,42.5737716
2019-04-30,44.23089627,29.82584425,34.01508373,127.28473290000001,45.66536253,30.73486666,38.63454387,108.22445619999999,53.85432996,40.94689365
2019-05-01,44.70166483,30.47494061,33.60251401,126.6471514,45.9933776,30.83883085,39.1791834,109.92019280000001,53.91353052,41.04893933
2019-05-02,46.01283445,31.85681043,35.42594772,133.68509450000002,46.15882327,31.68918004,39.83305081,114.45510060000001,54.55731748,42.47130719
2019-05-03,43.88179533,30.15888631,34.24446335,126.519503,45.80264337,30.70310549,38.84801602,109.0193959,54.51876752,42.19934175
2019-05-06,47.16925016,32.38069939,36.58736086,136.6915974,45.78440006,30.67165779,38.81705382,108.90707649999999,54.45374615,42.12127636
2019-05-07,50.53564666,35.2905876,37.52758978,143.7096666,51.49675845,36.70136351,43.01286002,126.8698425,59.18584199,49.22229388
2019-05-08,52.12768792,37.15110524,40.4714385,155.2120399,54.49746069,39.71128621,46.42524826,139.1427637,64.60725566,53.65132994
2019-05-09,58.73809652,42.01615131,44.64469422,168.0203883,62.12860393,44.9562745,56.14986553,176.2011204,76.07970709,67.2405026
2019-05-10,51.85604927,35.72076399,40.04401267,148.54368480000002,60.10653347,42.4992818,51.99937592,158.4653368,68.33449389,58.07886839
2019-05-13,57.81380029,43.08349908,44.67742719,178.6918912,60.63770135,44.2990597,52.86512489,166.8884757,73.70221192,66.13797571
2019-05-14,54.22582245,38.98868089,43.34559292,171.04357280000002,57.01166562,40.082349799999996,50.13152288,151.74524159999999,70.20474831,61.51551778
2019-05-15,53.01204582,38.02024363,40.54192392,158.97470149999998,57.58567773,41.821372600000004,49.37406576,149.2780299,69.14328661,61.05740331
2019-05-16,49.64193848,34.96509579,37.10561091,142.10630930000002,55.45014234,39.3794039,44.54910863,131.2487418,65.81554771,56.4417437
2019-05-17,49.57778223,35.66651605,36.28877767,141.6162611,55.84739142,40.75580863,45.26898306,137.26795369999996,66.29790178,57.48877451
2019-05-20,50.05718183,36.39309414,37.83192182,149.2677042,55.14355547,41.22200722,44.64106612,137.80059369999998,66.44589538,58.67359937
2019-05-21,48.07045574,34.59045731,35.78810015,138.5424271,52.37311638,37.68209331,41.87939783,126.73865090000001,64.47150754,56.31888332
2019-05-22,49.08036312,35.40223405,36.43677465,141.5639768,52.34924221,38.2536561,42.8433254,132.57044969999998,64.13466332,58.10122629999999
2019-05-23,51.66954095,38.30282022,39.60272421,158.8609827,54.54084053,41.69939568,45.61607217,146.5665965,65.64963284,62.91940873
2019-05-24,49.99972829,36.94221588,38.13736523,153.1751332,52.709936899999995,39.82317235,43.68151043,139.5277721,62.27968677,58.34803449
2019-05-28,52.0782468,39.41779291,39.834104499999995,161.7736146,53.84700648,40.480353,44.99250045,145.5829758,66.2114036,63.05575294
2019-05-29,54.23741752,41.24119964,42.32891291,175.6947091,54.88052271,42.24226279,46.12396364,152.8820628,67.26803478,66.01789378
2019-05-30,53.38687829,40.52308187,42.35790147,176.9915605,52.74598034,39.59683952,45.02687191,146.51246880000002,64.13772345,61.11889192
2019-05-31,57.09697304,45.27790451,45.63033033,198.51372990000002,56.29819403,43.5583207,47.88145547,159.6250659,69.44357381,66.24006272
2019-06-03,56.77673094,44.91793202,45.92922824,202.2213289,54.74037555,41.85984641,47.23840779,158.5305742,65.78201121,62.75811053
2019-06-04,53.18756244,39.77790311,42.92913332,179.7538953,53.67189813,38.66704045,44.646409999999996,141.7443806,63.28573179,56.25267377
2019-06-05,52.35764682,38.32776768,42.71719378,176.6934799,52.75212172,38.19447645,42.8212723,134.5758868,64.53364367,54.43259759
2019-06-06,51.74082391,37.30592346,41.01573447,167.4206027,52.69902532,38.15368825,42.73896056,135.26362659999998,59.63389987,52.6024306
2019-06-07,51.77807921,36.9304901,39.90922864,160.5302639,50.49296798,35.42473324,41.85595684,128.242959,58.72805873,49.36251455
2019-06-10,49.6530305,34.32534127,37.90358204,148.8654197,47.506763799999995,31.56762175,40.48921608,121.09822040000002,58.59221956,47.64152661
2019-06-11,50.31385045,34.67405604,38.06024103,147.469375,48.74494668,33.06386646,39.87354331,118.5315547,59.66062026,47.92586963
2019-06-12,51.50339888,36.12233162,40.1409554,160.74187619999998,51.44192921,35.092904600000004,41.98914892,125.56180320000001,60.48678219,51.58633469
2019-06-13,50.84600487,34.50824321,39.22069625,153.34780849999999,50.47031406,33.71737032,41.89861358,124.93238810000001,62.08578297,50.84355438
2019-06-14,51.55143138,35.55476317,40.88702944,161.0169762,52.35942262,35.06317285,43.97601168,132.02050630000002,62.276312,50.42826768
2019-06-17,51.82674045,35.40306095,40.48364704,162.1157479,53.16331972,34.92797037,43.07799197,130.0410965,61.45005222,48.92121342
2019-06-18,50.37482193,33.17578152,38.8181164,145.7667731,53.02956093,32.90476011,42.12811815,122.0308422,60.00822265,43.86463647
2019-06-19,48.17568657,30.66047201,38.78593262,142.0950811,53.6427446,31.98486554,42.13624549,120.71204740000002,66.67236729,44.82187645
2019-06-20,48.83532393,29.94139883,38.89782151,139.6808276,50.82015973,30.38206138,41.00530217,114.8695834,63.84380045,44.56460243
2019-06-21,48.40779026,30.59682639,38.31185584,138.7717012,52.45454874,30.96010973,42.58039659,120.9982074,61.90175503,44.25184331
2019-06-24,52.20116025,33.72686933,38.41172173,142.3694364,53.39396362,34.61118451,43.02101957,122.8621853,60.84030881,45.58178949
2019-06-25,54.26784702,36.09738658,40.79552501,154.9384614,53.1090794,33.58440897,43.38947919,125.38245249999999,61.84224049,47.20469241
2019-06-26,52.812751799999994,35.24559395,40.05000787,150.47770549999998,54.83700996,36.01743617,44.78436005,132.3374124,61.93420582,46.85422244
2019-06-27,50.99233495,32.92792612,40.52436247,149.2057517,53.44908328,33.79644418,43.61313696,124.90397209999999,64.01762844,49.47150248
2019-06-28,51.89520268,32.7044888,39.83804228,145.9649002,53.773277,34.62378853,42.1543555,118.66003219999999,60.74372174,43.86806671
2019-07-01,53.96409942,32.42975786,38.92768062,142.6988701,52.28874468,32.35196739,39.98729245,111.57709469999999,59.56201191,41.433937
2019-07-02,51.44345467,29.7021373,37.72222758,136.2400534,52.24342044,31.41211418,39.42232067,108.9858034,60.17601347,41.51350419
