Date,FVVIX
1/2/2003,1.816727934
1/3/2003,1.693858121
1/6/2003,0.939420847
1/7/2003,1.544043514
1/8/2003,0.637949084
1/9/2003,1.673843498
1/10/2003,1.665417457
1/13/2003,0.818329003
1/14/2003,1.620305071
1/15/2003,1.62633993
1/27/2003,1.120464657
1/28/2003,1.059574269
1/29/2003,1.054120358
1/30/2003,1.602074426
1/31/2003,1.473107625
2/3/2003,1.290041551
2/4/2003,1.490188303
2/5/2003,1.415183775
2/6/2003,1.39778313
2/7/2003,1.46389429
2/10/2003,1.31709106
2/12/2003,1.270423095
2/13/2003,1.887913554
2/25/2003,1.575753258
2/26/2003,1.003090386
2/27/2003,0.824457409
2/28/2003,1.651885288
3/3/2003,1.608947239
3/4/2003,0.537653072
3/5/2003,1.529351037
3/6/2003,1.560387959
3/7/2003,1.391936534
3/10/2003,1.608047519
3/14/2003,1.700762845
3/17/2003,1.928469013
3/24/2003,1.202238884
3/25/2003,1.007704878
3/26/2003,1.700553467
3/27/2003,0.878420206
3/28/2003,1.667068067
3/31/2003,0.796621098
4/1/2003,1.567527585
4/2/2003,1.665000696
4/3/2003,1.768424337
4/4/2003,1.596993066
4/7/2003,1.662826172
4/8/2003,1.579913336
4/9/2003,0.478547358
4/10/2003,1.485279507
4/14/2003,1.516269193
5/2/2003,1.275547048
5/5/2003,1.293716937
5/6/2003,0.836487046
5/27/2003,0.616902088
5/28/2003,0.553016629
5/29/2003,1.366025814
5/30/2003,1.372616074
6/2/2003,0.826629395
6/4/2003,1.345820828
6/5/2003,0.525357861
6/6/2003,1.383912056
6/9/2003,1.464061029
6/10/2003,1.502338355
6/23/2003,1.480221921
6/24/2003,0.376362493
6/25/2003,1.409800257
6/27/2003,0.103156805
6/30/2003,1.384412016
7/1/2003,1.350483384
7/2/2003,1.378818483
7/7/2003,1.457238349
7/9/2003,1.381421987
7/10/2003,1.442119925
7/11/2003,1.333456728
7/14/2003,1.434359195
7/15/2003,0.495977041
7/16/2003,1.518819102
7/17/2003,1.552870171
7/30/2003,1.637852325
8/1/2003,2.152157042
8/4/2003,3.375195055
8/5/2003,1.581413179
8/6/2003,3.889930467
8/7/2003,1.453332301
8/8/2003,1.366741012
8/11/2003,2.001606983
8/12/2003,1.619987165
8/13/2003,2.081205288
8/14/2003,3.390422085
8/25/2003,2.184246627
8/26/2003,2.089487243
8/28/2003,2.0695074
8/29/2003,1.492541478
9/4/2003,1.539460811
9/5/2003,1.074544013
9/8/2003,1.159882777
9/9/2003,1.372323349
9/10/2003,1.787965603
9/11/2003,1.920952531
9/12/2003,1.795323587
9/15/2003,1.016157942
9/16/2003,1.169428081
9/17/2003,1.770611639
9/18/2003,1.891833491
9/29/2003,1.796568026
9/30/2003,1.822928969
10/1/2003,2.513225494
10/2/2003,1.950426116
10/3/2003,2.047373777
10/6/2003,1.230996204
10/7/2003,1.841609496
10/8/2003,1.830839348
10/9/2003,1.01310788
10/10/2003,1.160006423
10/14/2003,1.235021663
10/16/2003,1.458674553
10/27/2003,1.314422413
10/28/2003,6.399999521
10/29/2003,1.730198808
10/30/2003,1.230769376
10/31/2003,1.355773265
11/4/2003,1.460186776
11/6/2003,1.952623035
11/7/2003,3.00253514
11/10/2003,1.495791741
11/12/2003,1.402688063
12/4/2003,1.188742916
12/5/2003,0.895032652
12/8/2003,1.78317216
12/9/2003,1.738604405
12/10/2003,0.869348634
12/11/2003,0.788741435
12/12/2003,0.797911372
12/15/2003,1.688574936
12/17/2003,1.621102772
12/29/2003,1.789807576
12/30/2003,1.084255194
12/31/2003,1.812853683
1/2/2004,1.823454525
1/5/2004,1.796043323
1/6/2004,1.670045318
1/7/2004,1.640319604
1/8/2004,0.853633673
1/9/2004,1.558808133
1/26/2004,0.304109553
1/28/2004,0.885231819
1/29/2004,1.692006317
1/30/2004,0.765027816
2/2/2004,0.798741555
2/3/2004,1.724101514
2/4/2004,1.760042416
2/5/2004,1.794969878
2/6/2004,1.422529678
2/10/2004,1.639563978
2/24/2004,1.385397813
2/25/2004,1.315621652
2/26/2004,1.408933828
3/2/2004,0.549425707
3/3/2004,0.719013745
3/4/2004,1.512203065
3/5/2004,1.27641807
3/8/2004,1.293098819
3/9/2004,0.957503077
3/10/2004,1.410781301
3/11/2004,1.432442162
3/12/2004,1.448506358
3/15/2004,1.515564752
3/29/2004,1.63810629
3/30/2004,1.594549196
3/31/2004,1.604846662
4/1/2004,1.75001414
4/2/2004,0.840448362
4/5/2004,1.712627694
4/6/2004,0.245420417
4/8/2004,1.565315382
4/12/2004,1.637783096
4/27/2004,1.104752529
4/30/2004,1.178179572
5/3/2004,1.373577913
5/4/2004,1.452221752
5/6/2004,2.027797972
5/24/2004,1.594058319
5/25/2004,1.570567474
5/26/2004,1.616790474
5/27/2004,1.500064225
5/28/2004,1.619195086
6/1/2004,1.572401496
6/2/2004,0.673458661
6/3/2004,0.695450142
6/4/2004,1.360457355
6/7/2004,0.731227019
6/10/2004,1.373135775
6/11/2004,1.39966306
6/14/2004,1.533318101
6/29/2004,1.471287105
6/30/2004,1.354730271
7/1/2004,1.242407076
7/2/2004,1.20378887
7/6/2004,1.302564328
7/7/2004,1.299487649
7/13/2004,1.542876201
7/29/2004,1.391159524
8/2/2004,1.450593746
8/3/2004,1.248045005
8/4/2004,1.256773359
8/5/2004,0.187311004
8/11/2004,1.308829716
8/30/2004,0.562295641
8/31/2004,1.639682467
9/1/2004,1.671807784
9/2/2004,0.950385055
9/7/2004,1.334527858
9/8/2004,1.326015783
9/27/2004,1.359733309
9/28/2004,1.363137759
9/29/2004,1.289099798
9/30/2004,1.286307666
10/5/2004,1.223195753
10/7/2004,1.32583386
10/25/2004,1.205548179
10/26/2004,1.203391786
10/27/2004,1.236494027
10/28/2004,1.248137271
11/1/2004,1.204322054
11/2/2004,1.070884388
11/4/2004,0.900618583
11/5/2004,1.12281978
12/2/2004,1.293282035
12/29/2004,1.163497345
12/31/2004,1.09719575
1/4/2005,1.128047067
1/5/2005,1.118340569
1/6/2005,1.13520789
1/27/2005,1.015152712
2/22/2005,1.000344232
2/23/2005,0.963646891
2/24/2005,0.975951792
3/1/2005,1.116218398
3/2/2005,1.146057752
3/3/2005,1.146957978
3/29/2005,1.118736726
3/30/2005,1.132015688
3/31/2005,1.080664428
4/26/2005,0.867463167
4/28/2005,0.782493889
5/24/2005,0.950122046
5/25/2005,0.968288821
6/27/2005,1.000940557
7/5/2005,1.102315606
7/28/2005,0.891949005
9/1/2005,1.068828607
10/25/2005,0.921456759
11/29/2005,0.927795154
12/27/2005,0.855905456
3/2/2007,1.156784615
3/26/2007,0.974895652
6/29/2007,0.92715846
8/6/2007,1.391200786
8/7/2007,1.254027897
8/8/2007,1.23362652
8/10/2007,0.994919428
8/13/2007,1.546429
8/27/2007,1.454561159
8/28/2007,0.498108282
8/29/2007,1.48836601
8/30/2007,0.328005039
8/31/2007,1.550911516
9/4/2007,1.603597281
9/5/2007,1.618736838
9/6/2007,1.23713367
9/7/2007,1.494085944
9/11/2007,1.655752704
9/17/2007,1.631009806
9/24/2007,1.348994902
9/27/2007,1.325695261
9/28/2007,1.330307532
10/2/2007,1.254308594
10/3/2007,1.160881235
10/4/2007,1.155270487
10/5/2007,1.052503436
11/21/2007,1.973857311
11/23/2007,1.85157962
11/26/2007,2.156041773
11/27/2007,2.090543626
11/28/2007,1.835418258
11/29/2007,1.947911632
11/30/2007,1.893119771
12/3/2007,2.142263233
12/4/2007,2.14594311
12/5/2007,2.003308814
12/6/2007,1.171933965
12/7/2007,1.04869614
12/10/2007,1.78087657
12/13/2007,1.815271474
12/24/2007,0.854059629
12/26/2007,1.546153645
12/27/2007,0.580186007
12/28/2007,0.907642742
12/31/2007,1.121445944
1/2/2008,1.853607795
1/3/2008,1.695658743
1/7/2008,1.653214621
1/8/2008,1.606890008
1/9/2008,0.854099665
1/10/2008,1.562060578
1/14/2008,1.664428619
1/28/2008,2.044551715
1/29/2008,1.427861249
1/30/2008,1.783429798
1/31/2008,1.539447303
2/1/2008,1.144554332
2/4/2008,1.307797348
2/5/2008,2.02793557
2/6/2008,1.988690698
2/7/2008,1.392870342
2/8/2008,2.047223453
2/11/2008,1.589874638
2/12/2008,1.601591278
2/13/2008,1.949708458
2/29/2008,2.186681662
3/3/2008,6.690370866
3/4/2008,7.484276769
3/5/2008,6.790903151
3/6/2008,7.543712409
3/7/2008,7.49814659
3/10/2008,7.480465074
3/11/2008,7.005452847
3/12/2008,7.061278324
3/13/2008,7.206734771
3/14/2008,7.563822958
3/17/2008,8.640353684
3/18/2008,7.805047353
3/19/2008,7.415241599
3/24/2008,7.340293845
3/25/2008,7.322960632
3/26/2008,8.047870194
3/27/2008,6.786422273
3/28/2008,6.848088028
3/31/2008,6.88137851
4/1/2008,6.600828302
4/2/2008,5.95746542
4/3/2008,5.760477045
4/4/2008,5.519905592
4/7/2008,5.425274752
4/8/2008,5.362012357
4/9/2008,5.835193797
4/10/2008,5.684282107
4/11/2008,5.88450781
4/14/2008,6.085384025
4/15/2008,6.135403211
4/16/2008,6.456654347
4/17/2008,6.504977504
4/18/2008,6.042607272
4/21/2008,6.016510256
4/22/2008,5.957425187
4/23/2008,6.117089415
5/7/2008,6.08491295
5/8/2008,6.140885846
5/9/2008,6.010907636
5/12/2008,6.160785639
5/13/2008,6.090509782
5/14/2008,6.227142834
5/15/2008,6.127093344
5/16/2008,5.851165506
5/19/2008,5.896028325
5/20/2008,6.172514172
5/22/2008,6.265452451
5/29/2008,6.935636339
5/30/2008,6.676944214
6/2/2008,6.610714469
6/3/2008,6.986835599
6/4/2008,6.696584591
6/5/2008,7.058854484
6/6/2008,7.038658095
6/9/2008,8.16820864
6/16/2008,7.523525177
6/17/2008,7.186182372
6/18/2008,8.085709563
6/19/2008,7.261914238
6/23/2008,7.83964175
6/24/2008,7.237325718
6/25/2008,6.928343118
6/26/2008,7.270026263
6/27/2008,7.148585432
6/30/2008,6.741549359
7/1/2008,7.038083189
7/2/2008,7.114697693
7/3/2008,6.978314708
7/7/2008,6.782469872
7/8/2008,7.03797904
7/9/2008,6.380973969
7/10/2008,7.22969679
7/11/2008,8.01480483
7/14/2008,8.038982568
7/15/2008,7.572325422
7/16/2008,6.880261572
7/17/2008,7.564724181
7/18/2008,6.929013952
7/21/2008,7.014228525
7/22/2008,6.774609968
7/23/2008,7.038055584
7/24/2008,6.567423553
8/1/2008,6.360772449
8/4/2008,6.292430059
8/5/2008,6.010228244
8/6/2008,5.90314269
8/7/2008,5.610608952
8/8/2008,5.80333605
8/11/2008,6.531051006
8/12/2008,5.585083006
8/13/2008,6.109775317
8/14/2008,6.011996787
8/15/2008,6.062098496
8/18/2008,6.41527931
8/19/2008,6.196236039
8/20/2008,6.233190141
8/21/2008,6.348604605
9/8/2008,6.39562982
9/9/2008,6.854752392
9/10/2008,6.934950693
9/11/2008,7.109878755
9/12/2008,7.624561194
9/15/2008,9.314149809
9/16/2008,8.500823561
9/17/2008,10.00345007
9/18/2008,8.966363607
9/19/2008,8.178722917
9/24/2008,9.226046006
9/25/2008,8.788299616
9/29/2008,10.92829649
9/30/2008,9.960677265
10/1/2008,9.780155009
10/2/2008,9.063008036
10/3/2008,8.761659169
10/6/2008,10.0268731
10/7/2008,10.3417174
10/8/2008,10.12514284
10/9/2008,9.710443439
10/10/2008,10.88833155
10/13/2008,10.4123398
10/14/2008,9.579615664
10/15/2008,9.414071871
10/16/2008,9.169728356
10/17/2008,8.423275626
10/20/2008,8.057968372
10/21/2008,8.469902592
10/22/2008,9.360681375
10/23/2008,9.710078872
11/7/2008,7.599263724
11/10/2008,7.98877763
11/11/2008,7.577319186
11/12/2008,6.451278421
11/13/2008,7.703662981
11/14/2008,8.090969883
11/17/2008,8.932735415
11/18/2008,8.751966458
11/19/2008,9.289673577
11/20/2008,9.621108839
12/2/2008,9.395231378
12/3/2008,8.97971325
12/4/2008,8.991064415
12/5/2008,9.833244526
12/8/2008,9.802841374
12/9/2008,9.725040381
12/10/2008,10.0354483
12/11/2008,9.673873674
12/12/2008,9.762280377
12/15/2008,9.114998303
12/16/2008,7.485383225
12/17/2008,6.632066714
12/18/2008,6.200725165
12/19/2008,7.212201598
12/22/2008,6.954833767
12/24/2008,7.833172825
12/26/2008,7.953313816
12/29/2008,8.532038002
12/30/2008,7.900367006
12/31/2008,8.032896793
1/2/2009,8.105360603
1/5/2009,7.070551487
1/6/2009,6.369474278
1/7/2009,5.965107542
1/8/2009,6.528580426
1/9/2009,5.798127467
1/12/2009,5.839892278
1/13/2009,5.461047721
1/14/2009,4.888867679
1/15/2009,5.829965729
1/16/2009,5.907269858
1/20/2009,6.786865493
1/21/2009,6.565702198
1/22/2009,6.605332746
2/10/2009,7.286422796
2/11/2009,6.135845164
2/12/2009,5.980771744
2/17/2009,7.392039428
2/18/2009,7.254534238
2/23/2009,6.810849954
2/27/2009,6.449802881
3/2/2009,6.405608162
3/3/2009,6.739698973
3/4/2009,6.750958466
3/5/2009,6.699234066
3/6/2009,6.556957263
3/9/2009,6.657358617
3/10/2009,6.216145042
3/11/2009,6.134408274
3/12/2009,5.917207023
3/13/2009,6.40362769
3/16/2009,5.782618101
3/17/2009,6.863810395
3/18/2009,4.296881768
3/19/2009,4.625554294
3/20/2009,4.86248301
3/23/2009,4.842801475
3/24/2009,4.93674408
3/25/2009,5.233528155
3/26/2009,5.146752429
3/30/2009,5.068374616
3/31/2009,4.696864629
4/1/2009,4.453359692
4/2/2009,4.59042046
4/3/2009,4.864792718
4/6/2009,5.024400505
4/7/2009,4.706418387
4/8/2009,4.494084027
4/9/2009,4.664005509
4/13/2009,4.610126093
4/14/2009,4.213287443
4/15/2009,4.188025392
4/16/2009,4.343656795
4/17/2009,4.522087278
4/20/2009,4.768465476
4/21/2009,4.888163724
4/22/2009,5.036235943
4/23/2009,5.071283207
5/11/2009,5.004404835
5/12/2009,4.912987583
5/13/2009,4.929357002
5/14/2009,5.529132704
5/15/2009,5.48643022
5/18/2009,5.378672475
5/19/2009,5.387823682
5/20/2009,5.479078866
5/21/2009,5.937486149
5/28/2009,6.227356285
5/29/2009,6.361112148
6/1/2009,7.077695734
6/2/2009,6.599238864
6/3/2009,6.431709562
6/9/2009,7.679653602
6/11/2009,7.490809988
6/12/2009,7.441885315
6/15/2009,7.167250748
6/16/2009,7.722391734
6/17/2009,7.435508386
6/18/2009,8.095779103
6/19/2009,8.067085498
6/22/2009,8.628301483
6/23/2009,7.463040062
6/24/2009,7.121154648
6/25/2009,6.729938392
6/29/2009,6.697519298
6/30/2009,6.7764114
7/1/2009,6.750592217
7/2/2009,5.765504084
7/6/2009,6.156893889
7/7/2009,6.683897301
7/8/2009,5.793094705
7/9/2009,5.797863006
7/10/2009,5.758219949
7/13/2009,7.011163973
7/14/2009,6.755744411
7/15/2009,7.01274606
7/16/2009,6.779138462
7/17/2009,6.917224689
7/20/2009,6.844649445
7/21/2009,6.493003352
7/22/2009,6.314334722
7/23/2009,6.955995705
8/10/2009,5.534536247
8/11/2009,6.690588031
8/12/2009,6.894361938
8/13/2009,6.384911981
8/14/2009,5.96739242
8/17/2009,6.279670868
8/18/2009,6.161247379
8/19/2009,5.913924395
8/20/2009,5.558201956
8/25/2009,5.471743659
8/26/2009,5.200740777
8/27/2009,5.188838745
8/28/2009,5.238986364
8/31/2009,5.39601464
9/1/2009,5.547490858
9/2/2009,5.21177829
9/3/2009,5.263133237
9/4/2009,5.474235979
9/8/2009,5.728245251
9/9/2009,5.538280542
9/10/2009,5.458772111
9/11/2009,5.40976887
9/14/2009,5.498398902
9/15/2009,5.644244773
9/16/2009,5.803068578
9/17/2009,5.562044837
9/18/2009,5.407467383
9/21/2009,5.446906377
9/22/2009,5.341441824
9/23/2009,5.262346553
9/28/2009,5.166246533
9/29/2009,5.314286283
9/30/2009,5.255305132
10/1/2009,5.087043159
10/2/2009,4.674674771
10/5/2009,4.597745399
10/6/2009,4.554571645
10/7/2009,4.031105784
10/8/2009,4.529967927
10/9/2009,4.939755981
10/12/2009,5.005212192
10/13/2009,4.929767008
10/14/2009,5.299425182
10/15/2009,5.410840878
10/16/2009,5.501518987
10/19/2009,5.326924578
10/20/2009,5.009520878
10/21/2009,5.139484374
11/2/2009,5.423699142
11/5/2009,5.090542329
11/6/2009,4.778574306
11/9/2009,4.747776943
11/10/2009,4.719461981
11/11/2009,4.638881828
11/12/2009,4.544814537
11/13/2009,4.322006433
11/16/2009,4.132735677
11/17/2009,3.916359531
11/18/2009,3.84924713
11/19/2009,3.783092832
11/23/2009,3.91431466
11/24/2009,3.698712393
11/25/2009,3.819670103
11/27/2009,3.964561941
11/30/2009,3.709637515
12/1/2009,3.75740647
12/2/2009,4.121220872
12/3/2009,4.258407159
12/4/2009,4.542037084
12/7/2009,4.363838456
12/8/2009,4.221057475
12/9/2009,4.268458413
12/10/2009,4.298005842
12/11/2009,4.450294838
12/14/2009,4.5070006
12/15/2009,4.494313966
12/16/2009,4.151928852
12/17/2009,4.236183833
12/18/2009,4.223743468
12/21/2009,4.516171517
12/22/2009,4.908292197
12/28/2009,5.354369503
12/29/2009,5.317486186
12/30/2009,4.999383807
12/31/2009,5.118864848
1/4/2010,5.22609614
1/5/2010,5.06515433
1/6/2010,5.120368606
1/7/2010,5.080174267
1/8/2010,4.583861883
1/11/2010,4.517842144
1/12/2010,4.514521724
1/13/2010,4.692931982
1/14/2010,4.447059492
1/15/2010,4.35424197
1/19/2010,4.34607526
1/27/2010,3.966425454
1/28/2010,3.88940385
1/29/2010,3.636552896
2/1/2010,3.813615749
2/2/2010,3.479066565
2/3/2010,3.637713241
2/4/2010,5.409267409
2/5/2010,4.700272597
2/8/2010,4.810175755
2/9/2010,4.725159693
2/10/2010,4.601489609
2/11/2010,4.448979473
2/12/2010,4.275785225
2/16/2010,4.346535632
2/17/2010,4.39350691
2/18/2010,3.799395964
2/22/2010,3.963174432
2/23/2010,4.013769561
2/24/2010,4.021240266
2/25/2010,4.069256242
2/26/2010,4.041739776
3/1/2010,4.145179768
3/2/2010,4.095047521
3/3/2010,3.946261162
3/4/2010,3.671277922
3/5/2010,3.652266433
3/8/2010,3.802810378
3/9/2010,3.587868517
3/10/2010,3.660976656
3/11/2010,3.72758989
3/12/2010,3.726320453
3/15/2010,3.813281028
3/16/2010,3.698231402
3/17/2010,3.619225158
3/18/2010,3.794281318
3/19/2010,3.928072906
3/22/2010,3.8032134
3/23/2010,3.881745024
3/24/2010,4.551179017
3/29/2010,4.330681249
3/30/2010,4.337788878
3/31/2010,4.227647133
4/1/2010,4.382340983
4/2/2010,4.204565463
4/6/2010,4.27778592
4/7/2010,4.14890117
4/8/2010,4.219691309
4/9/2010,3.959271179
4/12/2010,4.009122078
4/13/2010,3.80096184
4/14/2010,3.837128874
4/15/2010,3.784810582
4/16/2010,3.90084028
4/19/2010,3.902737128
4/20/2010,3.857053818
4/30/2010,3.915958923
5/3/2010,3.865986143
5/4/2010,4.679957946
5/5/2010,4.954250711
5/6/2010,6.766029342
5/7/2010,6.505673039
5/10/2010,5.238738368
5/11/2010,4.949194407
5/12/2010,4.888227318
5/13/2010,4.885398802
5/14/2010,5.253865332
5/17/2010,5.302040236
5/18/2010,5.52331201
5/19/2010,5.323243445
5/24/2010,5.325088952
5/25/2010,5.595806605
5/26/2010,5.03845702
5/27/2010,4.984359348
5/28/2010,4.899656436
6/1/2010,4.371677308
6/2/2010,4.077420841
6/3/2010,4.793735471
6/4/2010,4.662474152
6/7/2010,4.781631536
6/8/2010,5.307618093
6/9/2010,5.049386842
6/10/2010,4.997318267
6/11/2010,4.874635103
6/14/2010,4.837174437
6/15/2010,4.683845301
6/16/2010,4.572452902
6/17/2010,4.590015851
6/18/2010,4.362098508
6/21/2010,4.282927525
6/22/2010,4.360878482
6/23/2010,4.210576552
6/24/2010,4.208562583
6/28/2010,4.296154775
6/29/2010,4.497698667
6/30/2010,4.331066633
7/1/2010,4.515753088
7/2/2010,4.195762579
7/6/2010,4.077522577
7/7/2010,3.998833304
7/8/2010,3.966742137
7/9/2010,3.717219373
7/12/2010,3.790960241
7/13/2010,3.81921814
7/14/2010,3.676238438
7/15/2010,3.510709078
7/16/2010,3.546891596
7/19/2010,3.578809177
7/20/2010,3.630479979
7/21/2010,3.552581242
7/26/2010,3.516366979
7/27/2010,3.680836951
7/28/2010,3.556731732
7/29/2010,3.425008395
7/30/2010,3.691083196
8/2/2010,3.810708917
8/3/2010,4.359450587
8/4/2010,4.290580505
8/5/2010,4.179755944
8/6/2010,4.03254219
8/9/2010,4.298227061
8/10/2010,4.118617998
8/11/2010,3.858172518
8/12/2010,3.793623472
8/13/2010,3.625247512
8/16/2010,3.845147929
8/17/2010,3.908705679
8/18/2010,3.784756191
8/19/2010,3.948928759
8/20/2010,3.928838813
8/23/2010,3.886564138
8/24/2010,4.13511494
8/25/2010,4.356129301
8/26/2010,4.483107242
8/30/2010,4.686559567
8/31/2010,4.355173591
9/1/2010,4.432788276
9/2/2010,4.07274041
9/3/2010,3.82625441
9/7/2010,3.909486506
9/8/2010,3.95647498
9/9/2010,4.16779847
9/10/2010,4.102392212
9/13/2010,4.077161267
9/14/2010,4.129022715
9/15/2010,4.211726789
9/16/2010,4.174186624
9/17/2010,4.201478953
9/20/2010,4.375349584
9/21/2010,3.950259452
9/27/2010,3.573435988
9/28/2010,3.564280508
9/29/2010,3.60578245
9/30/2010,3.661298997
10/1/2010,3.700966737
10/4/2010,3.617926267
10/5/2010,3.418413232
10/6/2010,3.405960269
10/7/2010,3.353698592
10/8/2010,3.025427225
10/12/2010,3.276034431
10/13/2010,3.272364127
10/14/2010,3.40529636
10/15/2010,3.521023256
10/18/2010,3.359254106
10/19/2010,3.395065967
10/20/2010,3.410781809
10/25/2010,3.44768574
10/26/2010,3.917189428
10/28/2010,3.912221679
10/29/2010,3.713830563
11/1/2010,3.649734509
11/2/2010,3.676253532
11/3/2010,3.273491733
11/4/2010,2.999249054
11/5/2010,2.983144104
11/8/2010,3.094084353
11/9/2010,3.681427599
11/10/2010,3.965475014
11/11/2010,4.24057597
11/12/2010,4.562110244
11/16/2010,5.32009895
11/17/2010,4.685726131
11/18/2010,4.945091397
11/19/2010,4.878462124
11/22/2010,4.753120758
11/23/2010,4.828736743
11/24/2010,5.605856058
11/30/2010,5.142956627
12/1/2010,5.538490899
12/3/2010,5.178670154
12/6/2010,5.02972579
12/8/2010,5.575697011
12/10/2010,5.325512731
12/13/2010,5.127922531
12/14/2010,5.467513448
12/16/2010,6.080753401
12/17/2010,5.866633178
12/20/2010,5.906674477
12/21/2010,5.201637829
12/22/2010,5.24491144
12/29/2010,5.58720044
12/30/2010,5.753685685
12/31/2010,5.645923254
1/3/2011,5.589523963
1/4/2011,5.371139274
1/5/2011,5.695180982
1/6/2011,5.844841671
1/7/2011,5.195374845
1/10/2011,5.044804197
1/11/2011,4.96858015
1/12/2011,4.8280292
1/13/2011,4.73097805
1/14/2011,4.703033249
1/18/2011,4.954827395
1/19/2011,4.583874012
1/20/2011,4.979306142
1/27/2011,4.340845333
1/28/2011,4.586474279
1/31/2011,4.941549097
2/1/2011,4.912774199
2/7/2011,4.863316684
2/9/2011,4.809712576
2/11/2011,3.351160594
2/14/2011,2.907343755
2/15/2011,4.73259803
2/16/2011,4.720057679
2/23/2011,5.117484374
2/24/2011,5.123597499
2/25/2011,4.876898436
2/28/2011,4.880862546
3/1/2011,4.98948272
3/2/2011,5.25492312
3/3/2011,5.25757404
3/4/2011,5.192679163
3/7/2011,5.032628171
3/8/2011,4.997145111
3/9/2011,4.984327871
3/10/2011,4.667859051
3/11/2011,4.655855802
3/14/2011,5.218434431
3/15/2011,5.803110752
3/16/2011,6.319514711
3/17/2011,5.913007588
3/18/2011,5.547884621
3/21/2011,5.350303142
3/22/2011,5.01136229
3/23/2011,4.905265815
3/29/2011,5.096354888
3/30/2011,5.024037643
3/31/2011,4.996862626
4/1/2011,4.810848929
4/4/2011,4.919732602
4/5/2011,4.771415989
4/6/2011,4.815628057
4/7/2011,4.739120971
4/8/2011,4.633113202
4/11/2011,4.590582439
4/12/2011,4.504008913
4/13/2011,4.450954896
4/14/2011,4.431515123
4/15/2011,4.485031499
4/18/2011,4.502589773
4/19/2011,4.195084455
4/26/2011,4.419019104
4/27/2011,4.307584322
4/28/2011,4.123610458
4/29/2011,4.075278522
5/2/2011,4.280380399
5/3/2011,4.23268103
5/4/2011,4.262879708
5/5/2011,4.292216052
5/6/2011,4.411835301
5/9/2011,4.085606608
5/10/2011,4.184104751
5/11/2011,4.32458952
5/12/2011,4.192189451
5/13/2011,4.231614004
5/16/2011,4.135191103
5/17/2011,4.007759106
5/18/2011,4.078430336
5/24/2011,4.055154292
5/25/2011,3.984825825
5/26/2011,3.919028486
5/27/2011,4.067754819
5/31/2011,3.85447092
6/1/2011,3.69968476
6/2/2011,4.13264684
6/3/2011,3.793392155
6/6/2011,3.921475757
6/7/2011,3.910740083
6/8/2011,3.890804683
6/9/2011,4.127154923
6/10/2011,3.984432151
6/13/2011,4.040018478
6/14/2011,4.322403015
6/15/2011,4.745442085
6/16/2011,4.999052226
6/17/2011,4.826713752
6/20/2011,4.824687504
6/21/2011,4.717012789
6/28/2011,5.462720193
6/29/2011,5.221184515
6/30/2011,5.284178079
7/1/2011,5.307885488
7/5/2011,5.26236509
7/6/2011,5.301334391
7/7/2011,5.837442262
7/8/2011,4.754491796
7/11/2011,5.181369522
7/12/2011,5.4682352
7/13/2011,5.274762175
7/14/2011,5.370182899
7/15/2011,5.656579378
7/18/2011,5.780766524
7/19/2011,5.366215589
7/20/2011,5.043677624
7/21/2011,5.29162534
7/29/2011,4.703171259
8/3/2011,4.087821504
8/4/2011,3.779258369
8/5/2011,4.480475445
8/8/2011,4.917025636
8/9/2011,4.716170396
8/10/2011,4.145443207
8/11/2011,4.457144221
8/12/2011,4.225987264
8/15/2011,3.808591566
8/16/2011,3.601790211
8/17/2011,3.385629167
8/18/2011,3.562435861
8/19/2011,3.594502269
8/22/2011,3.908652639
8/23/2011,4.122717623
8/24/2011,4.174630108
8/25/2011,4.460171178
8/30/2011,3.872819983
8/31/2011,3.539014423
9/1/2011,3.506721786
9/2/2011,3.13380415
9/6/2011,3.412435551
9/7/2011,3.34325707
9/8/2011,3.129544855
9/9/2011,3.277304119
9/12/2011,3.43159528
9/13/2011,3.415767543
9/14/2011,3.524814353
9/15/2011,3.535744575
9/16/2011,3.585921852
9/19/2011,3.475836364
9/20/2011,3.519983873
9/21/2011,3.344030957
9/27/2011,3.691027928
9/28/2011,3.435621831
9/29/2011,3.343126315
9/30/2011,3.346824882
10/3/2011,3.458302073
10/4/2011,3.621544323
10/5/2011,3.624834198
10/6/2011,3.531603182
10/7/2011,3.804247806
10/10/2011,4.203166466
10/11/2011,4.336951887
10/12/2011,4.413895329
10/13/2011,4.386907919
10/14/2011,4.271393627
10/17/2011,4.376268249
10/18/2011,4.09169764
10/19/2011,4.027098776
10/20/2011,3.874287113
10/25/2011,3.562617161
10/26/2011,3.778831224
10/27/2011,3.867819277
10/28/2011,3.856517559
10/31/2011,3.833632131
11/1/2011,4.177093219
11/2/2011,3.767359393
11/3/2011,3.549505186
11/4/2011,3.385686707
11/7/2011,3.426406209
11/8/2011,3.492669893
11/9/2011,3.492441227
11/10/2011,3.550405527
11/11/2011,3.569811554
11/14/2011,3.616046182
11/15/2011,3.47316226
11/16/2011,3.363418052
11/17/2011,3.661905773
11/18/2011,3.657863199
11/21/2011,3.76857732
11/22/2011,3.6512654
11/30/2011,3.444909013
12/1/2011,3.296182384
12/2/2011,3.214697682
12/5/2011,3.227549244
12/6/2011,3.102619403
12/7/2011,3.178518429
12/8/2011,3.12793583
12/9/2011,3.158335385
12/12/2011,3.220538551
12/13/2011,2.923599396
12/14/2011,2.835700487
12/15/2011,2.552853054
12/16/2011,2.62863042
12/19/2011,2.474224656
12/20/2011,2.634210228
12/21/2011,2.591317591
12/28/2011,2.592896005
12/29/2011,2.490824764
12/30/2011,2.397771476
1/3/2012,2.586614846
1/4/2012,2.488353368
1/5/2012,2.525000567
1/6/2012,2.334228935
1/9/2012,2.273382172
1/10/2012,2.383306093
1/11/2012,2.358685406
1/12/2012,2.305327205
1/13/2012,2.302061853
1/17/2012,2.28083055
1/18/2012,2.314840601
1/19/2012,2.495175699
1/20/2012,2.689705725
1/23/2012,2.945337569
1/24/2012,2.783003061
1/25/2012,2.392324943
1/26/2012,2.236573156
1/31/2012,2.061178885
2/1/2012,2.002686513
2/2/2012,1.870265351
2/3/2012,1.910566632
2/6/2012,1.74042128
2/7/2012,2.353330862
2/8/2012,2.392460265
2/9/2012,2.583264763
2/10/2012,2.467466664
2/13/2012,2.614747619
2/14/2012,2.542989918
2/15/2012,2.377477635
2/16/2012,2.758574732
2/17/2012,2.804537946
2/21/2012,2.916370283
2/22/2012,2.751068027
2/23/2012,2.626007714
2/28/2012,2.355425486
2/29/2012,2.595914067
3/1/2012,2.604926837
3/2/2012,2.438093749
3/5/2012,2.596431784
3/6/2012,2.594861707
3/7/2012,2.56670705
3/8/2012,2.682012622
3/9/2012,2.445529419
3/12/2012,2.477855334
3/13/2012,1.975128998
3/15/2012,3.148605004
3/19/2012,3.964870871
3/20/2012,4.107722449
3/21/2012,3.83094013
3/22/2012,3.698614126
3/27/2012,3.34535141
3/28/2012,3.070615629
3/29/2012,2.995063048
3/30/2012,3.237562643
4/2/2012,3.158406141
4/3/2012,3.522251955
4/4/2012,3.468535696
4/5/2012,3.317630833
4/6/2012,2.76222415
4/9/2012,2.8373633
4/10/2012,2.738149076
4/11/2012,2.823040573
4/12/2012,2.69992504
4/13/2012,2.557108287
4/16/2012,2.556048687
4/17/2012,2.603362813
4/24/2012,2.497640364
4/25/2012,2.485577312
4/26/2012,2.253013929
4/27/2012,2.282710133
4/30/2012,2.293917043
5/1/2012,2.591408316
5/2/2012,2.43848869
5/3/2012,2.309732281
5/4/2012,2.049049351
5/7/2012,2.076047268
5/8/2012,2.132043858
5/9/2012,2.229409972
5/10/2012,2.120484311
5/11/2012,2.144371115
5/14/2012,2.451653281
5/15/2012,2.35373581
5/16/2012,2.408420871
5/17/2012,2.412902552
5/18/2012,2.397383835
5/21/2012,2.510063149
5/22/2012,2.438440484
5/23/2012,2.52018832
5/30/2012,2.305897622
5/31/2012,2.404887563
6/1/2012,2.714128292
6/4/2012,2.590281198
6/5/2012,2.428161084
6/6/2012,2.860826753
6/7/2012,2.675726199
6/8/2012,2.597035489
6/11/2012,2.627026783
6/12/2012,2.777729866
6/13/2012,2.903116669
6/14/2012,2.838261965
6/15/2012,2.885554067
6/18/2012,2.641351772
6/19/2012,2.630205977
6/20/2012,2.439643948
6/26/2012,1.954847991
6/27/2012,1.894612461
6/28/2012,1.963152094
6/29/2012,2.022783464
7/2/2012,1.952039369
7/3/2012,1.999779743
7/5/2012,2.053922727
7/6/2012,1.897742107
7/9/2012,1.953335966
7/10/2012,1.981981876
7/11/2012,2.056409722
7/12/2012,2.068903336
7/13/2012,1.969415421
7/16/2012,2.102488026
7/17/2012,2.060961803
7/18/2012,1.991157235
7/19/2012,2.029659357
7/20/2012,2.025049215
7/23/2012,2.175564837
7/24/2012,2.260988909
8/2/2012,2.108183479
8/3/2012,2.178120175
8/6/2012,2.202171781
8/8/2012,2.350755211
8/9/2012,2.367368389
8/10/2012,2.218937902
8/13/2012,2.283854035
8/14/2012,2.35721504
8/15/2012,2.478729799
8/20/2012,2.514607621
8/21/2012,2.436251101
8/22/2012,2.313817799
8/28/2012,2.059806824
8/29/2012,2.217916347
8/30/2012,2.348199314
8/31/2012,2.218094006
9/4/2012,2.297625733
9/5/2012,2.247340759
9/6/2012,2.387038748
9/7/2012,2.229885351
9/10/2012,2.388466252
9/11/2012,2.438892921
9/12/2012,2.533993199
9/13/2012,2.18485486
9/14/2012,2.311783866
9/17/2012,2.181380261
9/18/2012,1.816517252
9/25/2012,1.635244904
9/26/2012,1.613832516
9/27/2012,1.565917027
9/28/2012,1.599134279
10/1/2012,1.617366655
10/2/2012,1.611845529
10/3/2012,1.624591446
10/4/2012,1.655632144
10/5/2012,1.662639802
10/8/2012,1.572013597
10/9/2012,1.684952947
10/10/2012,1.712481669
10/11/2012,1.794260169
10/12/2012,1.941450246
10/15/2012,2.042787457
10/16/2012,2.196329901
10/17/2012,2.602780463
10/18/2012,2.455425904
10/19/2012,2.345357118
10/22/2012,2.55899694
10/23/2012,2.473538452
10/24/2012,2.209074715
10/30/2012,2.624625985
10/31/2012,2.505754125
11/1/2012,2.527076305
11/2/2012,2.483984778
11/5/2012,2.262390652
11/6/2012,2.589521051
11/7/2012,1.951729994
11/8/2012,1.795610649
11/9/2012,1.744917113
11/12/2012,1.740785006
11/13/2012,1.726983342
11/14/2012,1.790260277
11/15/2012,1.761836243
11/16/2012,1.773969231
11/20/2012,1.884710326
11/27/2012,1.793602324
11/28/2012,1.685871657
11/29/2012,1.737306086
11/30/2012,1.587092062
12/3/2012,1.638114355
12/4/2012,1.675972211
12/5/2012,1.679126169
12/6/2012,1.674885567
12/7/2012,1.726467729
12/10/2012,1.739201491
12/11/2012,1.807317188
12/12/2012,1.741809284
12/13/2012,1.879852763
12/14/2012,1.780213512
12/17/2012,1.941128026
12/18/2012,2.085957527
12/19/2012,1.84738675
12/26/2012,1.770595299
12/27/2012,1.803197968
12/28/2012,1.881547079
12/31/2012,1.909580977
1/2/2013,2.012858053
1/3/2013,2.180827753
1/4/2013,2.20496317
1/7/2013,2.11809268
1/8/2013,1.970361107
1/9/2013,1.816629243
1/10/2013,1.979206588
1/11/2013,1.979565612
1/14/2013,2.018944244
1/15/2013,1.910614383
1/16/2013,1.844096486
1/17/2013,2.135418652
1/18/2013,2.031286397
1/22/2013,1.9545913
1/29/2013,2.57218291
1/30/2013,2.581737608
1/31/2013,2.596742534
2/1/2013,2.50537275
2/4/2013,2.482288126
2/5/2013,2.59580893
2/6/2013,2.383030187
2/7/2013,2.266903331
2/8/2013,2.225376525
2/11/2013,2.236838844
2/12/2013,2.280079166
2/13/2013,2.399699131
2/14/2013,2.278639777
2/15/2013,2.228087049
2/19/2013,2.365819064
2/20/2013,2.382146416
2/26/2013,2.058894184
2/27/2013,2.067557415
2/28/2013,1.905019654
3/1/2013,1.830827152
3/4/2013,1.909714156
3/5/2013,1.937295511
3/6/2013,2.028671786
3/7/2013,2.198482256
3/8/2013,2.066298655
3/11/2013,2.030888439
3/12/2013,1.972558397
3/13/2013,1.97508848
3/14/2013,2.006324755
3/15/2013,2.012631413
3/18/2013,2.06692589
3/19/2013,2.086066795
3/21/2013,2.012555099
3/26/2013,1.842958235
3/27/2013,1.849373348
3/28/2013,1.863688097
4/1/2013,1.984106869
4/2/2013,2.040119709
4/3/2013,1.927542929
4/4/2013,1.974253934
4/5/2013,1.714588698
4/8/2013,1.734171326
4/9/2013,1.70560682
4/10/2013,1.818023884
4/11/2013,1.722648431
4/12/2013,1.650261588
4/15/2013,1.711960619
4/16/2013,1.661229747
4/17/2013,1.63674467
4/18/2013,1.622129937
4/19/2013,1.566838328
4/30/2013,1.611386326
5/1/2013,1.654095782
5/2/2013,1.581059497
5/3/2013,1.74423955
5/6/2013,1.753779488
5/7/2013,1.700714588
5/8/2013,1.582578325
5/9/2013,1.624137002
5/10/2013,2.018490738
5/13/2013,2.199200319
5/14/2013,2.292884763
5/15/2013,2.26409387
5/16/2013,2.039446131
5/17/2013,2.288319566
5/20/2013,2.317581927
5/21/2013,2.323812228
5/22/2013,2.540109011
5/23/2013,2.613585092
5/29/2013,3.737744389
5/30/2013,3.486252274
5/31/2013,3.553701029
6/3/2013,3.746162553
6/4/2013,3.675086898
6/5/2013,3.541938071
6/6/2013,3.420945597
6/10/2013,3.431934365
6/11/2013,3.395077261
6/12/2013,3.496902818
6/13/2013,3.385963319
6/14/2013,2.935406126
6/17/2013,3.062138499
6/18/2013,3.176139043
6/19/2013,3.721326756
6/20/2013,4.316727104
6/25/2013,5.167283137
6/26/2013,4.707465398
6/27/2013,4.27533073
6/28/2013,4.426371694
7/1/2013,4.478195633
7/2/2013,4.477333383
7/3/2013,4.842904415
7/5/2013,5.122254531
7/8/2013,4.673024858
7/9/2013,4.113247702
7/10/2013,4.255732667
7/11/2013,3.719018333
7/12/2013,3.860108953
7/15/2013,3.795480075
7/16/2013,3.706141745
7/17/2013,3.235046738
7/18/2013,3.047378301
7/19/2013,2.986842317
7/22/2013,3.096799017
7/23/2013,3.182911581
7/24/2013,3.551188806
7/25/2013,3.405904526
7/30/2013,3.684247937
7/31/2013,3.648902049
8/2/2013,3.055983622
8/5/2013,3.295070595
8/6/2013,3.226573669
8/7/2013,3.14497595
8/8/2013,3.099065939
8/9/2013,3.044566248
8/12/2013,3.167583713
8/13/2013,3.605335591
8/14/2013,3.705510487
8/15/2013,3.967453758
8/16/2013,4.183944966
8/20/2013,4.285298808
8/21/2013,4.360213055
8/22/2013,4.597417404
8/27/2013,4.529866576
8/28/2013,4.761521466
8/29/2013,4.682408895
8/30/2013,4.887142303
9/3/2013,4.977521338
9/4/2013,3.556153716
9/6/2013,4.694965549
9/9/2013,4.485460911
9/10/2013,4.624928604
9/11/2013,4.372037622
9/12/2013,4.364522514
9/13/2013,4.324236581
9/16/2013,4.392181432
9/17/2013,4.301114561
9/18/2013,3.410619811
9/19/2013,3.347745905
9/24/2013,3.176505442
9/25/2013,3.150002508
9/26/2013,3.280234415
9/27/2013,3.362026361
9/30/2013,3.710016761
10/1/2013,3.632367921
10/2/2013,3.351564999
10/3/2013,3.280752191
10/4/2013,3.372146253
10/7/2013,3.499859152
10/8/2013,3.73195853
10/9/2013,3.306222192
10/10/2013,3.175456017
10/11/2013,3.014926766
10/14/2013,3.226129233
10/15/2013,3.207529893
10/16/2013,3.034892621
10/17/2013,2.872632123
10/18/2013,3.024447961
10/21/2013,3.172764091
10/22/2013,2.520877826
10/23/2013,2.47379333
10/31/2013,2.480220463
11/5/2013,2.988573512
11/6/2013,2.772597674
11/7/2013,2.756730488
11/13/2013,3.035884651
11/14/2013,2.753827312
11/15/2013,2.722774141
11/18/2013,2.64738656
11/19/2013,2.902629571
11/20/2013,3.057107893
11/26/2013,2.523281301
11/27/2013,2.688583431
11/29/2013,2.851550707
12/2/2013,3.102033699
12/3/2013,3.059339321
12/4/2013,3.31085039
12/5/2013,3.298168445
12/6/2013,3.015770727
12/9/2013,3.061762149
12/10/2013,2.880168326
12/11/2013,2.921978455
12/12/2013,3.053025481
12/13/2013,3.0237643
12/16/2013,3.059116522
12/17/2013,2.904049396
12/18/2013,2.716749948
12/19/2013,2.760993375
12/20/2013,2.836098131
12/23/2013,2.843150661
12/24/2013,2.934800061
12/31/2013,3.119176731
1/2/2014,3.108159273
1/3/2014,3.066650402
1/6/2014,3.119034729
1/7/2014,3.04534948
1/8/2014,3.355879089
1/9/2014,3.251596003
1/10/2014,2.820176592
1/13/2014,2.82228382
1/14/2014,3.031258764
1/15/2014,3.051820335
1/16/2014,2.989769525
1/17/2014,2.893152506
1/21/2014,3.131397075
1/22/2014,3.229493819
1/23/2014,3.280574017
1/28/2014,3.4400582
1/29/2014,3.40994971
1/30/2014,3.310570188
1/31/2014,3.356922819
2/3/2014,3.692925722
2/4/2014,3.646225495
2/5/2014,3.450390446
2/6/2014,3.406686452
2/7/2014,3.011601818
2/10/2014,2.985057412
2/11/2014,3.145359648
2/12/2014,3.10857472
2/13/2014,2.787482411
2/14/2014,2.818853981
2/18/2014,2.892993859
2/20/2014,3.057568105
2/25/2014,2.962834448
2/26/2014,3.047115945
2/27/2014,2.995712291
2/28/2014,3.025879626
3/3/2014,3.253642239
3/4/2014,3.344214677
3/5/2014,3.133094968
3/6/2014,3.090029264
3/7/2014,3.044060925
3/10/2014,3.011993795
3/11/2014,2.956878656
3/12/2014,2.989044104
3/13/2014,3.005831505
3/14/2014,3.221344113
3/17/2014,3.19961892
3/18/2014,3.072524396
3/19/2014,3.410622831
3/20/2014,3.22426644
3/25/2014,3.215144386
3/26/2014,3.118958431
3/27/2014,3.305357696
3/28/2014,3.4228741
3/31/2014,3.44919941
4/1/2014,3.398782471
4/2/2014,3.422263088
4/3/2014,3.413938798
4/4/2014,2.801987606
4/7/2014,2.701017458
4/8/2014,2.758233331
4/9/2014,2.610321429
4/10/2014,2.692191124
4/11/2014,2.870243912
4/14/2014,2.950103192
4/15/2014,2.943087661
4/16/2014,2.891697952
4/17/2014,3.00168577
4/21/2014,3.089788218
4/22/2014,3.046459383
4/23/2014,3.071161043
4/29/2014,3.295548408
4/30/2014,3.193527744
5/1/2014,3.093433107
5/2/2014,2.96614418
5/5/2014,2.982929374
5/6/2014,3.037054223
5/7/2014,2.92836987
5/8/2014,2.757937758
5/9/2014,2.728129271
5/12/2014,2.865689736
5/13/2014,2.841463536
5/14/2014,2.89912717
5/15/2014,3.100298577
5/16/2014,3.007878154
5/19/2014,3.05013031
5/20/2014,2.940590614
5/21/2014,2.981088742
5/28/2014,3.037543665
5/29/2014,3.092109677
5/30/2014,3.208029408
6/2/2014,3.552582491
6/3/2014,3.527953564
6/4/2014,3.445907058
6/5/2014,3.187475384
6/6/2014,2.943591936
6/9/2014,2.973729844
6/10/2014,3.035495535
6/11/2014,2.99221492
6/12/2014,2.919914375
6/13/2014,3.048180635
6/16/2014,3.131798515
6/17/2014,3.304814619
6/18/2014,2.929570109
6/24/2014,2.702599552
6/25/2014,2.689803692
6/26/2014,2.655347404
6/27/2014,2.660325791
6/30/2014,2.7746607
7/1/2014,2.842703776
7/2/2014,2.865621435
7/3/2014,2.564703648
7/7/2014,2.669014023
7/8/2014,2.685598356
7/9/2014,2.684520358
7/10/2014,2.751672581
7/11/2014,2.709115002
7/14/2014,2.833340247
7/15/2014,2.736961842
7/16/2014,2.637496794
7/17/2014,2.703051834
7/18/2014,2.614758662
7/21/2014,2.681622913
7/23/2014,2.643578898
7/24/2014,2.77251762
7/29/2014,2.848173011
7/30/2014,2.901715681
7/31/2014,2.913368968
8/1/2014,2.587463671
8/4/2014,2.669273676
8/5/2014,2.703689776
8/6/2014,2.761528957
8/7/2014,2.874245637
8/8/2014,3.011664933
8/11/2014,2.896895773
8/12/2014,2.892896997
8/13/2014,2.825493046
8/14/2014,2.789944173
8/15/2014,2.810208422
8/18/2014,2.91104986
8/19/2014,2.911505347
8/20/2014,3.039874618
8/21/2014,2.98408711
8/26/2014,2.900312653
8/27/2014,2.895379744
8/28/2014,3.031592133
8/29/2014,3.117520132
9/2/2014,3.360930108
9/3/2014,3.285824745
9/4/2014,3.2404036
9/5/2014,2.916766727
9/8/2014,3.021672093
9/9/2014,3.149563923
9/10/2014,3.211268767
9/11/2014,3.25012603
9/12/2014,3.438562087
9/15/2014,3.462882909
9/16/2014,3.403929693
9/17/2014,3.020222235
9/18/2014,3.072493047
9/19/2014,2.826727389
9/22/2014,2.744455631
9/23/2014,2.640012983
9/24/2014,2.694370593
9/30/2014,2.953726067
10/1/2014,2.971559913
10/2/2014,3.026043002
10/3/2014,2.899280927
10/6/2014,2.86896047
10/7/2014,2.996362819
10/8/2014,2.968224431
10/9/2014,3.091554001
10/10/2014,3.122374914
10/13/2014,3.470544041
10/14/2014,3.688312132
10/15/2014,4.709220467
10/16/2014,4.062170016
10/17/2014,3.810076729
10/20/2014,3.588862536
10/21/2014,3.731821783
10/22/2014,3.588070981
10/23/2014,3.686691225
10/28/2014,3.370339949
10/29/2014,3.36172399
10/30/2014,3.185870948
10/31/2014,3.291312179
11/3/2014,3.392113743
11/4/2014,3.425844355
11/5/2014,3.40714393
11/6/2014,3.325826354
11/7/2014,3.142434291
11/10/2014,3.221216484
11/11/2014,3.234062559
11/12/2014,3.310119969
11/13/2014,3.368725333
11/14/2014,3.380216141
11/17/2014,3.422495003
11/18/2014,3.301168221
11/19/2014,3.285210812
11/25/2014,3.321683301
11/26/2014,3.290202892
11/28/2014,3.341318334
12/1/2014,3.451962163
12/2/2014,3.436462177
12/3/2014,3.399027629
12/4/2014,3.294683358
12/5/2014,3.294223519
12/8/2014,3.344535693
12/9/2014,3.44920248
12/10/2014,3.594184775
12/11/2014,3.948905901
12/12/2014,4.089358144
12/15/2014,4.134704743
12/16/2014,4.251331412
12/17/2014,3.77572431
12/18/2014,3.641773879
12/19/2014,3.476913719
12/22/2014,3.40413423
12/23/2014,3.539655717
12/30/2014,3.53237865
12/31/2014,3.406184238
1/2/2015,3.574609334
1/5/2015,3.920228464
1/6/2015,3.990134712
1/7/2015,4.030336253
1/8/2015,3.855320421
1/9/2015,3.632212049
1/12/2015,3.969248744
1/13/2015,4.008884933
1/14/2015,4.099571257
1/15/2015,4.289914555
1/16/2015,4.653538944
1/20/2015,4.606840564
1/21/2015,4.372380323
1/22/2015,4.315945111
1/27/2015,4.095093838
1/28/2015,3.916389556
1/29/2015,3.950337128
1/30/2015,4.019971514
2/2/2015,4.043291236
2/3/2015,4.286146523
2/4/2015,4.191958896
2/5/2015,4.214742813
2/6/2015,4.303683794
2/9/2015,4.487389491
2/10/2015,4.519371542
2/11/2015,4.316732192
2/12/2015,4.153754582
2/13/2015,4.119330237
2/17/2015,4.39422788
2/18/2015,4.425364113
2/19/2015,4.586364591
2/24/2015,4.236781444
2/25/2015,4.189065809
2/26/2015,4.097036028
2/27/2015,4.087741708
3/2/2015,4.233768608
3/3/2015,4.164208382
3/4/2015,4.074960008
3/5/2015,3.932109828
3/6/2015,3.725704899
3/9/2015,3.720319136
3/10/2015,3.792514341
3/11/2015,3.839905733
3/12/2015,3.844963852
3/13/2015,3.864744978
3/16/2015,3.907562231
3/17/2015,3.88170527
3/18/2015,3.735026927
3/19/2015,3.688562788
3/20/2015,3.665715806
3/23/2015,3.589912947
3/24/2015,3.523575695
3/31/2015,3.676865828
4/1/2015,3.696732983
4/2/2015,3.606475574
4/3/2015,3.346146586
4/6/2015,3.361194885
4/7/2015,3.355166043
4/8/2015,3.164942345
4/9/2015,3.156100573
4/10/2015,3.077778147
4/13/2015,3.176738256
4/14/2015,3.018997677
4/15/2015,2.961501405
4/16/2015,2.979455671
4/17/2015,3.077422757
4/20/2015,3.141234477
4/21/2015,3.098759734
4/22/2015,3.226376419
4/28/2015,3.176096656
4/29/2015,3.185703383
4/30/2015,3.30345546
5/1/2015,3.627835333
5/4/2015,3.774995728
5/5/2015,3.933962496
5/6/2015,3.847104096
5/7/2015,3.687277421
5/8/2015,3.437112983
5/11/2015,3.756789054
5/12/2015,3.985165743
5/13/2015,3.785102838
5/14/2015,3.532907183
5/15/2015,3.502995081
5/18/2015,3.621133032
5/19/2015,3.737681275
5/20/2015,3.705583079
5/27/2015,3.6649587
5/28/2015,3.68616693
5/29/2015,3.616375686
6/1/2015,3.702272841
6/2/2015,3.792908505
6/3/2015,4.0014462
6/4/2015,3.925137284
6/5/2015,3.768975495
6/8/2015,3.75657133
6/9/2015,3.725233262
6/10/2015,3.449161404
6/11/2015,3.604673663
6/12/2015,3.781765896
6/15/2015,3.715252761
6/16/2015,3.656026279
6/17/2015,3.426252733
6/18/2015,3.419929322
6/19/2015,3.519997272
6/22/2015,3.574124837
6/23/2015,3.525002719
6/24/2015,3.485356625
6/25/2015,3.543165139
6/30/2015,3.986884725
7/1/2015,3.814188485
7/2/2015,3.672132598
7/6/2015,3.621860171
7/7/2015,3.615669156
7/8/2015,3.706363486
7/9/2015,3.666055229
7/10/2015,3.656478162
7/13/2015,3.525043975
7/14/2015,3.358221744
7/15/2015,3.299974011
7/16/2015,3.196791398
7/17/2015,3.138404055
7/20/2015,3.273083975
7/21/2015,3.260243798
7/22/2015,3.221309562
7/28/2015,3.369774293
7/29/2015,3.290311669
7/30/2015,3.386776247
7/31/2015,3.41418855
8/3/2015,3.506613202
8/4/2015,3.662113435
8/5/2015,3.584887054
8/6/2015,3.647636407
8/7/2015,3.308256877
8/10/2015,3.419211135
8/11/2015,3.486435775
8/12/2015,3.612610804
8/13/2015,3.591044827
8/14/2015,3.485915725
8/17/2015,3.579626029
8/18/2015,3.596889277
8/19/2015,3.502899719
8/25/2015,4.06563093
8/26/2015,4.061556925
8/27/2015,3.899689302
8/28/2015,3.942398302
8/31/2015,3.849103445
9/1/2015,3.888291781
9/2/2015,3.810636777
9/3/2015,3.788459319
9/4/2015,3.59269916
9/8/2015,3.648562324
9/9/2015,3.649013444
9/10/2015,3.588602818
9/11/2015,3.569063452
9/14/2015,3.595938372
9/15/2015,3.834630434
9/16/2015,3.854713342
9/17/2015,3.192952298
9/18/2015,3.072269436
9/21/2015,3.07715796
9/22/2015,3.223240058
9/23/2015,3.176447812
9/29/2015,3.444907177
9/30/2015,3.339692603
10/1/2015,3.325149425
10/2/2015,3.158068914
10/5/2015,3.146312599
10/6/2015,3.158692286
10/7/2015,3.054144665
10/8/2015,3.027828325
10/9/2015,3.047846383
10/12/2015,3.073678051
10/13/2015,3.049167128
10/14/2015,3.0670337
10/15/2015,3.071830714
10/16/2015,3.05260986
10/19/2015,3.109118547
10/20/2015,3.137755965
10/21/2015,3.060256947
10/27/2015,3.29391383
10/29/2015,3.579119989
10/30/2015,3.496045469
11/4/2015,3.603439804
11/5/2015,3.786567982
11/6/2015,3.362663838
11/9/2015,3.367116824
11/10/2015,3.346902831
11/11/2015,3.299240003
11/12/2015,3.30326428
11/13/2015,3.232964017
11/16/2015,3.364365899
11/17/2015,3.430899393
11/18/2015,3.36647916
11/24/2015,3.556251327
11/25/2015,3.503312487
11/27/2015,3.515699435
11/30/2015,3.588375919
12/1/2015,3.710724364
12/2/2015,3.602897971
12/3/2015,3.624936184
12/4/2015,3.232252828
12/7/2015,3.295640673
12/8/2015,3.271230053
12/9/2015,3.436204552
12/10/2015,3.408416672
12/11/2015,3.484017674
12/14/2015,3.981338482
12/15/2015,3.920096549
12/16/2015,3.329668743
12/17/2015,3.059294446
12/18/2015,3.048536614
12/21/2015,3.10018228
12/22/2015,3.082891968
12/29/2015,3.142213732
12/30/2015,3.203630578
12/31/2015,3.195545315
1/4/2016,3.364132855
1/5/2016,3.336376965
1/6/2016,3.355567387
1/7/2016,3.35901207
1/8/2016,3.201983471
1/11/2016,3.351391943
1/12/2016,3.442943651
1/13/2016,3.474357812
1/14/2016,3.4658952
1/15/2016,3.684340114
1/19/2016,3.829760286
1/20/2016,3.995660754
1/21/2016,3.781961488
1/26/2016,3.646145712
1/27/2016,3.437197891
1/28/2016,3.337604138
1/29/2016,3.441627769
2/1/2016,3.493300334
2/2/2016,3.743103726
2/3/2016,3.979686497
2/4/2016,3.905375874
2/5/2016,3.792506657
2/8/2016,4.453044006
2/9/2016,4.406647697
2/10/2016,4.077295628
2/11/2016,4.750953337
2/12/2016,4.276911074
2/16/2016,4.176315653
2/17/2016,3.990576862
2/18/2016,3.904958491
2/23/2016,3.819709713
2/24/2016,3.832659677
2/25/2016,3.802750107
2/26/2016,3.737477712
2/29/2016,3.818185137
3/1/2016,3.860319105
3/2/2016,3.922694026
3/3/2016,3.798726129
3/4/2016,3.632171355
3/7/2016,2.753569768
3/8/2016,3.868387779
3/9/2016,3.823291703
3/10/2016,3.770271257
3/11/2016,3.804430062
3/14/2016,3.7667547
3/15/2016,3.755372861
3/16/2016,3.442229632
3/17/2016,3.295811556
3/18/2016,3.240759298
3/21/2016,3.459169926
3/22/2016,3.424223986
3/29/2016,3.454931513
3/30/2016,3.28402156
3/31/2016,3.147291241
4/1/2016,3.004393305
4/4/2016,3.034855558
4/5/2016,3.200021922
4/6/2016,3.157088653
4/7/2016,3.308941304
4/8/2016,3.207293235
4/11/2016,3.191121833
4/12/2016,3.231277982
4/13/2016,3.157212832
4/14/2016,3.239837996
4/15/2016,3.145388528
4/18/2016,3.211289357
4/19/2016,3.388486555
4/20/2016,3.488254731
4/21/2016,3.672369394
4/26/2016,3.307799285
4/27/2016,3.365733205
4/28/2016,3.280185379
4/29/2016,3.307679309
5/2/2016,3.408660999
5/3/2016,3.509152079
5/4/2016,3.454086803
5/5/2016,3.45552991
5/6/2016,3.223710791
5/9/2016,3.298290148
5/10/2016,3.211716603
5/11/2016,3.265223016
5/12/2016,3.315691445
5/13/2016,3.415351401
5/16/2016,3.555288186
5/17/2016,3.498949534
5/18/2016,3.587249286
5/24/2016,3.532506692
5/25/2016,3.425634806
5/26/2016,3.338728561
5/27/2016,3.29668685
5/31/2016,3.477619009
6/1/2016,3.553470602
6/2/2016,3.490515532
6/3/2016,3.260126618
6/6/2016,3.205722124
6/7/2016,3.134934901
6/8/2016,3.15491258
6/9/2016,3.260677829
6/10/2016,3.493515963
6/13/2016,3.868909218
6/14/2016,3.969305245
6/15/2016,3.851123314
6/16/2016,4.147315428
6/17/2016,3.944852471
6/20/2016,3.793238863
6/21/2016,3.707972701
6/22/2016,3.887778078
6/23/2016,3.714563487
6/28/2016,3.68919523
6/29/2016,3.282550921
6/30/2016,3.311808493
7/1/2016,3.32358449
7/5/2016,3.405601026
7/6/2016,3.413657541
7/7/2016,3.438791248
7/8/2016,3.174247513
7/11/2016,3.288340242
7/12/2016,3.304742121
7/13/2016,3.275559518
7/14/2016,3.422682288
7/15/2016,3.396367645
7/18/2016,3.301665589
7/19/2016,3.250023325
7/20/2016,3.301355549
7/26/2016,3.290666241
7/27/2016,3.105430302
7/28/2016,3.22104273
7/29/2016,2.98232978
8/1/2016,3.117004913
8/2/2016,3.235205357
8/3/2016,3.230528349
8/4/2016,3.110497332
8/5/2016,3.104216648
8/8/2016,3.181982783
8/9/2016,3.058023616
8/10/2016,2.956886545
8/11/2016,3.222856648
8/12/2016,3.086035828
8/15/2016,3.277937005
8/16/2016,3.360578475
8/17/2016,3.254870735
8/18/2016,3.148952562
8/19/2016,3.278315992
8/22/2016,3.288519355
8/23/2016,3.2484646
8/24/2016,3.394735568
8/25/2016,3.528250147
8/30/2016,3.415294967
8/31/2016,3.37542542
9/1/2016,3.38536744
9/2/2016,3.113503764
9/6/2016,3.008641244
9/7/2016,3.029541952
9/8/2016,3.11613882
9/9/2016,3.332072657
9/12/2016,3.236895588
9/13/2016,3.337947921
9/14/2016,3.19295125
9/15/2016,3.031629783
9/16/2016,3.094132013
9/19/2016,3.229010864
9/20/2016,3.189790742
9/21/2016,2.909875396
9/27/2016,2.699668647
9/28/2016,2.657142574
9/29/2016,2.705914931
9/30/2016,2.775566411
10/3/2016,2.746379826
10/4/2016,2.796801136
10/5/2016,2.791622266
10/6/2016,2.864531689
10/7/2016,2.766484
10/10/2016,2.929830497
10/11/2016,2.880247271
10/12/2016,2.814081533
10/13/2016,2.801997009
10/14/2016,2.770704301
10/17/2016,2.841527443
10/18/2016,2.782966179
10/19/2016,2.765760194
10/25/2016,2.519757612
10/26/2016,2.553024739
10/27/2016,2.701582056
10/28/2016,2.728592059
10/31/2016,2.986590193
11/1/2016,2.998542255
11/2/2016,3.026210331
11/3/2016,3.135954768
11/4/2016,3.23761517
11/7/2016,3.327028519
11/8/2016,3.199681309
11/9/2016,3.381110064
11/10/2016,3.497156425
11/11/2016,3.813454342
11/14/2016,4.343624872
11/15/2016,3.967399676
11/16/2016,3.835910969
11/17/2016,3.912237431
11/18/2016,4.349610394
11/21/2016,4.518637251
11/22/2016,3.875571137
11/23/2016,4.080943126
11/29/2016,4.073306656
11/30/2016,4.314645727
12/1/2016,4.553869533
12/2/2016,4.246764137
12/5/2016,4.169639608
12/6/2016,3.838803335
12/7/2016,3.590196977
12/8/2016,3.512202178
12/9/2016,3.703750275
12/12/2016,3.863708965
12/13/2016,3.80877352
12/14/2016,3.761017706
12/15/2016,3.774599353
12/16/2016,3.590434498
12/19/2016,3.459344313
12/20/2016,3.474557583
12/21/2016,3.433669072
12/28/2016,3.357978478
12/29/2016,3.545591811
12/30/2016,3.510619203
1/3/2017,3.754524724
1/4/2017,3.787944901
1/5/2017,3.733209751
1/6/2017,3.574769928
1/9/2017,3.636811773
1/10/2017,3.557396765
1/11/2017,3.464937659
1/12/2017,3.462493613
1/13/2017,3.449824469
1/17/2017,3.697734823
1/18/2017,3.714795725
1/19/2017,3.877890587
1/20/2017,3.581985398
1/23/2017,3.650656932
1/24/2017,3.715537513
1/25/2017,3.774676871
1/26/2017,3.531812609
1/31/2017,3.748975502
2/1/2017,3.602282159
2/2/2017,3.486319743
2/3/2017,3.312209395
2/6/2017,3.375430218
2/7/2017,3.462261777
2/8/2017,3.538602418
2/9/2017,3.538437707
2/10/2017,3.497872046
2/13/2017,3.58610979
2/14/2017,3.436287471
2/15/2017,3.28418322
2/16/2017,3.32059769
2/17/2017,3.410990201
2/21/2017,3.497527253
2/22/2017,3.569032807
2/28/2017,3.788176833
3/1/2017,3.617056154
3/2/2017,3.48286692
3/3/2017,3.257934541
3/6/2017,3.350719485
3/7/2017,3.274261796
3/8/2017,3.358125307
3/9/2017,3.457404798
3/10/2017,3.181659662
3/13/2017,3.362174178
3/14/2017,3.321197204
3/15/2017,2.923751211
3/16/2017,2.911344874
3/17/2017,2.858524501
3/20/2017,2.882617793
3/21/2017,2.983584938
3/22/2017,3.102240482
3/23/2017,3.158112307
3/28/2017,3.11988396
3/29/2017,3.083551055
3/30/2017,3.14635087
3/31/2017,3.028427318
4/3/2017,3.176749648
4/4/2017,3.256988364
4/5/2017,3.248849715
4/6/2017,3.259105088
4/7/2017,3.146561709
4/10/2017,3.343092199
4/11/2017,3.625244341
4/12/2017,3.67421367
4/13/2017,3.633142872
4/17/2017,3.571306326
4/18/2017,3.675374275
4/19/2017,3.560694834
4/25/2017,3.200557214
4/26/2017,2.954841265
4/27/2017,2.973314678
4/28/2017,2.947564502
5/1/2017,2.099125965
5/2/2017,3.021628174
5/3/2017,1.965903297
5/4/2017,3.095602347
5/5/2017,3.014736924
5/8/2017,2.854334875
5/9/2017,2.81073465
5/10/2017,2.800573062
5/11/2017,2.861316714
5/12/2017,2.833902064
5/15/2017,2.852560208
5/16/2017,2.792948299
5/17/2017,3.119270938
5/18/2017,2.936387807
5/19/2017,2.852730353
5/22/2017,2.880739066
5/23/2017,2.912079822
5/24/2017,2.868354364
5/31/2017,3.069532505
6/1/2017,2.934772561
6/2/2017,2.796266818
6/5/2017,2.787685168
6/6/2017,2.872039384
6/7/2017,2.829339524
6/8/2017,2.762639358
6/9/2017,2.676611379
6/12/2017,2.681882471
6/13/2017,2.645650538
6/14/2017,2.613773378
6/15/2017,2.601425764
6/16/2017,2.536171581
6/19/2017,2.675834471
6/20/2017,2.651086481
6/27/2017,2.659938999
6/28/2017,2.600294314
6/29/2017,2.806276812
6/30/2017,2.978300093
7/3/2017,3.060741211
7/5/2017,2.910348149
7/6/2017,2.837648533
7/7/2017,2.679452925
7/10/2017,2.615356932
7/11/2017,2.637113482
7/12/2017,2.547618046
7/13/2017,2.536193818
7/14/2017,2.36237981
7/17/2017,2.401246
7/25/2017,2.514634566
7/26/2017,2.221799198
7/27/2017,2.275275363
7/28/2017,2.202582905
7/31/2017,2.316478211
8/1/2017,2.363470004
8/2/2017,2.258936058
8/3/2017,2.259781537
8/4/2017,2.225899144
8/7/2017,2.258311694
8/8/2017,2.358434416
8/9/2017,2.528286605
8/10/2017,2.644467996
8/11/2017,2.60663513
8/14/2017,2.423143962
8/15/2017,2.381756898
8/16/2017,2.384154234
8/17/2017,2.400091513
8/18/2017,2.42171625
8/21/2017,2.572432916
8/22/2017,2.429188559
8/29/2017,2.449196301
8/30/2017,2.477191502
8/31/2017,2.47131957
9/1/2017,2.322321446
9/5/2017,2.680382479
9/6/2017,2.579401436
9/7/2017,2.644154929
9/8/2017,2.682703057
9/11/2017,2.561460941
9/12/2017,2.492697309
9/13/2017,2.472581439
9/14/2017,2.390188506
9/15/2017,2.39200005
9/18/2017,2.494645144
9/19/2017,2.500669698
9/26/2017,2.60044232
9/27/2017,2.583480424
9/28/2017,2.473795389
9/29/2017,2.482239704
10/2/2017,2.681122695
10/3/2017,2.627007052
10/4/2017,2.620671229
10/5/2017,2.719707452
10/6/2017,2.716785466
10/9/2017,2.702220711
10/10/2017,2.732368236
10/11/2017,2.629418247
10/12/2017,2.604791579
10/13/2017,2.467533685
10/16/2017,2.466783958
10/17/2017,2.558578556
10/18/2017,2.726143205
10/19/2017,2.679971286
10/20/2017,2.767502805
10/23/2017,2.871974478
10/24/2017,2.908991533
10/25/2017,2.898858794
10/31/2017,2.487075955
11/1/2017,2.417589191
11/2/2017,2.307433982
11/3/2017,2.144501946
11/6/2017,2.229899369
11/7/2017,2.216775015
11/8/2017,2.180836508
11/9/2017,2.273066757
11/10/2017,2.282624912
11/13/2017,2.292384333
11/14/2017,2.29018862
11/15/2017,2.247156624
11/16/2017,2.313492168
11/20/2017,2.234819649
11/28/2017,2.230928507
11/29/2017,2.248386789
11/30/2017,2.385136232
12/1/2017,2.529645758
12/4/2017,2.464368781
12/5/2017,2.450075931
12/6/2017,2.383664265
12/7/2017,2.425504131
12/8/2017,2.251227343
12/11/2017,2.319568798
12/12/2017,2.300056738
12/13/2017,2.125257293
12/14/2017,2.141190781
12/15/2017,2.175706537
12/18/2017,2.134474508
12/19/2017,2.218986319
12/27/2017,2.101117188
12/28/2017,2.172613097
12/29/2017,2.152138763
1/2/2018,2.281482496
1/3/2018,2.228969177
1/4/2018,2.169038542
1/5/2018,2.108276919
1/8/2018,2.20768905
1/9/2018,2.210555005
1/10/2018,2.190786982
1/11/2018,2.120491614
1/12/2018,2.04732243
1/16/2018,2.174771165
1/17/2018,2.143742259
1/18/2018,2.30308674
1/19/2018,2.362660146
1/22/2018,2.443383488
1/30/2018,2.700757043
1/31/2018,2.709938784
2/1/2018,2.661994678
2/2/2018,2.65825636
2/5/2018,2.752623615
2/6/2018,3.082018852
2/7/2018,3.012259814
2/8/2018,3.496816513
2/9/2018,3.622672808
2/12/2018,3.511775796
2/13/2018,3.438735666
2/14/2018,3.473456055
2/15/2018,3.216098069
2/16/2018,3.053580898
2/21/2018,3.287398803
2/27/2018,3.338561382
2/28/2018,3.257855995
3/1/2018,3.297147667
3/2/2018,3.242825902
3/5/2018,3.203322619
3/6/2018,3.147841186
3/7/2018,3.129199369
3/8/2018,2.993694745
3/9/2018,2.809871283
3/12/2018,2.761714438
3/13/2018,2.751178752
3/14/2018,2.77960887
3/15/2018,2.833081776
3/16/2018,2.753739697
3/19/2018,2.982302011
3/20/2018,2.924517308
3/21/2018,2.566353582
3/27/2018,2.645780297
3/28/2018,2.818786553
3/29/2018,2.886455951
4/2/2018,2.855100151
4/3/2018,2.639055622
4/4/2018,2.574246077
4/5/2018,2.511487758
4/6/2018,2.532564385
4/9/2018,2.414825061
4/10/2018,2.426220587
4/11/2018,2.344526308
4/12/2018,2.328959844
4/13/2018,2.373648806
4/24/2018,2.550878463
4/25/2018,2.601346607
4/26/2018,2.499514961
4/27/2018,2.33248864
4/30/2018,2.42786361
5/1/2018,2.431614967
5/2/2018,2.250205864
5/3/2018,2.254299023
5/4/2018,2.192124921
5/7/2018,2.248357656
5/8/2018,2.314803533
5/9/2018,2.322155018
5/10/2018,2.17201661
5/11/2018,2.067921193
5/14/2018,2.170913112
5/15/2018,2.421763198
5/16/2018,2.444836335
5/17/2018,2.403244805
5/18/2018,2.350700484
5/21/2018,2.537886454
5/30/2018,3.373344541
5/31/2018,3.28921924
6/1/2018,2.851675087
6/4/2018,2.694215101
6/5/2018,2.728431273
6/6/2018,2.766641656
6/7/2018,2.897234088
6/8/2018,3.029976387
6/11/2018,2.992696772
6/12/2018,2.900484664
6/13/2018,2.683399999
6/14/2018,2.488697539
6/15/2018,2.53162123
6/19/2018,2.628100916
6/20/2018,2.546233173
6/26/2018,2.582581331
6/27/2018,2.690345133
6/28/2018,2.632776585
6/29/2018,2.518133654
7/2/2018,2.607963419
7/3/2018,2.611949726
7/5/2018,2.598081623
7/6/2018,2.525763389
7/9/2018,2.519316767
7/10/2018,2.525502682
7/11/2018,2.578059212
7/12/2018,2.409182093
7/13/2018,2.391272288
7/16/2018,2.436630408
7/17/2018,2.388021403
7/18/2018,2.282199935
7/19/2018,2.390377253
7/20/2018,2.448992963
7/23/2018,2.606689405
7/31/2018,2.369989744
8/1/2018,2.351425229
8/2/2018,2.371380483
8/3/2018,2.335065738
8/6/2018,2.340923546
8/7/2018,2.323279672
8/8/2018,2.275871793
8/9/2018,2.288160112
8/10/2018,2.784953581
8/13/2018,2.696648048
8/14/2018,2.58014161
8/15/2018,2.693879761
8/16/2018,2.548718982
8/17/2018,2.543860564
8/20/2018,2.645828423
8/22/2018,2.512632452
8/28/2018,2.392531951
8/29/2018,2.354412221
8/30/2018,2.468804763
8/31/2018,2.489694057
9/4/2018,2.521226774
9/5/2018,2.458674065
9/6/2018,2.524248524
9/7/2018,2.408589582
9/10/2018,2.417749785
9/11/2018,2.337392869
9/12/2018,2.259434846
9/13/2018,2.149172677
9/14/2018,2.186266555
9/25/2018,2.373460097
9/26/2018,2.236041001
9/27/2018,2.089468353
9/28/2018,2.115903462
10/1/2018,2.233183082
10/2/2018,2.176952014
10/3/2018,2.309290906
10/4/2018,2.662915715
10/5/2018,2.627428669
10/8/2018,2.626668213
10/9/2018,2.639656889
10/10/2018,2.787275098
10/11/2018,2.625699632
10/12/2018,2.490079741
10/15/2018,2.424410832
10/16/2018,2.319294409
10/17/2018,2.212076315
10/18/2018,2.347578151
10/19/2018,2.21157393
10/22/2018,2.419096593
10/23/2018,2.542462147
10/30/2018,3.09636835
10/31/2018,2.856383299
11/1/2018,2.785733315
11/2/2018,2.771994143
11/5/2018,2.786454073
11/6/2018,2.90635457
11/7/2018,2.474559322
11/8/2018,2.555148644
11/9/2018,2.565773597
11/12/2018,2.631478038
11/13/2018,2.759959956
11/14/2018,2.969463856
11/15/2018,2.925730608
11/16/2018,3.026147265
11/19/2018,3.0527162
11/27/2018,2.731088009
11/28/2018,2.652894197
11/29/2018,2.644139026
11/30/2018,2.632000628
12/3/2018,2.552420031
12/4/2018,2.564214979
12/5/2018,2.604075372
12/6/2018,2.917277737
12/7/2018,2.92625466
12/10/2018,2.915541696
12/11/2018,2.902720442
12/12/2018,2.7687782
12/13/2018,2.592469414
12/14/2018,2.574912337
12/17/2018,2.761632146
12/18/2018,2.797211573
12/19/2018,2.57033982
12/26/2018,2.914423796
12/27/2018,3.15386568
12/28/2018,3.007433845
12/31/2018,3.06839468
1/2/2019,3.012069192
1/3/2019,3.346778829
1/4/2019,3.225771491
1/7/2019,3.131424238
1/8/2019,3.084004684
1/9/2019,2.940556393
1/10/2019,2.757436522
1/11/2019,2.57507478
1/14/2019,2.605865093
1/15/2019,2.634463482
1/16/2019,2.654894193
1/17/2019,2.623081036
1/18/2019,2.597265866
1/22/2019,2.834963614
1/29/2019,2.567100641
1/30/2019,2.5106333
1/31/2019,2.43598021
2/1/2019,2.314368014
2/4/2019,2.326919999
2/5/2019,2.297142806
2/6/2019,2.224071642
2/7/2019,2.352084712
2/8/2019,2.382945868
2/11/2019,2.382107159
2/12/2019,2.424340015
2/13/2019,2.332102839
2/14/2019,2.346862143
2/15/2019,2.238010229
2/26/2019,2.368706201
2/27/2019,2.513595682
2/28/2019,2.453347674
3/1/2019,2.468323821
3/4/2019,2.483626916
3/5/2019,2.407511859
3/6/2019,2.357351138
3/7/2019,2.443913637
3/8/2019,2.337521873
3/11/2019,2.354018481
3/12/2019,2.375977193
3/13/2019,2.392508714
3/14/2019,2.382671472
3/15/2019,2.370748038
3/18/2019,2.420507878
3/19/2019,2.393674865
3/26/2019,3.166987852
3/27/2019,3.290288832
3/28/2019,3.078754892
3/29/2019,2.989170228
4/1/2019,2.746090804
4/2/2019,2.7366555
4/3/2019,2.587670855
4/4/2019,2.554118393
4/5/2019,2.48240087
4/8/2019,2.485185332
4/9/2019,2.500491581
4/10/2019,2.417295665
4/11/2019,2.249805709
4/12/2019,2.282810569
4/15/2019,2.320111183
4/16/2019,2.363056883
4/17/2019,2.384983679
4/23/2019,2.595402134
4/30/2019,2.783370812
5/1/2019,2.554575434
5/2/2019,2.469011778
5/3/2019,2.413247834
5/6/2019,2.610787421
5/7/2019,2.931106186
5/8/2019,2.816839986
5/9/2019,2.926996405
5/10/2019,2.779444001
5/13/2019,2.951919338
5/14/2019,2.803116857
5/15/2019,2.799584843
5/16/2019,2.717790306
5/17/2019,2.794487269
5/20/2019,2.892853405
5/21/2019,2.72056925
5/29/2019,3.310311937
5/30/2019,3.229688811
5/31/2019,3.889848182
6/3/2019,3.983976948
6/4/2019,3.789853123
6/5/2019,3.784037058
6/6/2019,3.688203059
6/7/2019,3.341902093
6/10/2019,3.160878086
6/11/2019,3.198350939
6/12/2019,3.369790375
6/13/2019,3.806131502
6/14/2019,3.713503146
6/17/2019,3.730513437
6/18/2019,3.618245827
6/19/2019,3.44526145
6/25/2019,3.551953363
6/26/2019,3.366034321
6/27/2019,3.363202947
6/28/2019,3.306799121
7/1/2019,2.959054481
7/2/2019,3.003311646
7/3/2019,2.954816164
7/5/2019,2.918678671
7/8/2019,2.96980595
7/9/2019,3.025784047
7/10/2019,2.970263569
7/11/2019,2.962935142
7/12/2019,2.863921799
7/15/2019,2.910018756
7/16/2019,2.884854179
7/17/2019,2.872537594
7/18/2019,2.871555002
7/19/2019,2.915755409
7/22/2019,2.898378876
7/24/2019,3.050877569
7/30/2019,2.950012986
7/31/2019,2.842409699
