Date,PX_LAST,TOT_RETURN_INDEX_GROSS_DVDS
7/9/19,58.80988,58.8099
7/8/19,58.90325,58.9033
7/5/19,58.80203,58.802
7/3/19,59.08164,59.0816
7/2/19,58.81312,58.8131
7/1/19,58.89853,58.8985
6/28/19,59.63553,59.6355
6/27/19,59.66039,59.6604
6/26/19,60.18624,60.1862
6/25/19,60.45939,60.4594
6/24/19,59.63649,59.6365
6/21/19,59.88008,59.8801
6/20/19,59.75027,59.7503
6/19/19,60.91841,60.9184
6/18/19,62.27123,62.2712
6/17/19,62.54231,62.5423
6/14/19,63.27059,63.2706
6/13/19,61.08549,61.0855
6/12/19,59.26352,59.2635
6/11/19,58.8578,58.8578
6/10/19,59.23471,59.2347
6/7/19,59.55908,59.5591
6/6/19,61.33888,61.3389
6/5/19,62.74143,62.7414
6/4/19,61.94753,61.9475
6/3/19,62.94579,62.9458
5/31/19,63.08009,63.0801
5/30/19,60.92852,60.9285
5/29/19,61.77474,61.7747
5/28/19,61.23601,61.236
5/24/19,59.51807,59.5181
5/23/19,59.53318,59.5332
5/22/19,58.84198,58.842
5/21/19,59.14875,59.1487
5/20/19,59.11533,59.1153
5/17/19,58.8857,58.8857
5/16/19,58.30724,58.3072
5/15/19,58.12957,58.1296
5/14/19,57.62712,57.6271
5/13/19,57.88162,57.8816
5/10/19,56.35846,56.3585
5/9/19,56.91869,56.9187
5/8/19,56.68067,56.6807
5/7/19,57.43177,57.4318
5/6/19,55.86004,55.86
5/3/19,54.63558,54.6356
5/2/19,55.25139,55.2514
5/1/19,55.13254,55.1325
4/30/19,55.68334,55.6833
4/29/19,55.35283,55.3528
4/26/19,56.54394,56.5439
4/25/19,57.03511,57.0351
4/24/19,57.37969,57.3797
4/23/19,56.75941,56.7594
4/22/19,54.95648,54.9565
4/18/19,55.2805,55.2805
4/17/19,54.65652,54.6565
4/16/19,54.81212,54.8121
4/15/19,54.90404,54.904
4/12/19,55.01372,55.0137
4/11/19,54.57452,54.5745
4/10/19,54.55835,54.5584
4/9/19,54.52529,54.5253
4/8/19,54.06053,54.0605
4/5/19,54.60544,54.6054
4/4/19,55.18317,55.1832
4/3/19,55.84312,55.8431
4/2/19,56.80093,56.8009
4/1/19,56.70177,56.7018
3/29/19,57.74886,57.7489
3/28/19,57.97063,57.9706
3/27/19,59.2767,59.2767
3/26/19,56.76682,56.7668
3/25/19,57.9924,57.9924
3/22/19,55.85554,55.8555
3/21/19,53.44843,53.4484
3/20/19,53.90033,53.9003
3/19/19,53.97217,53.9722
3/18/19,55.12888,55.1289
3/15/19,55.22968,55.2297
3/14/19,55.943,55.943
3/13/19,56.50712,56.5071
3/12/19,56.44818,56.4482
3/11/19,57.48088,57.4809
3/8/19,57.84698,57.847
3/7/19,57.951,57.951
3/6/19,57.69367,57.6937
3/5/19,58.11277,58.1128
3/4/19,58.2245,58.2245
3/1/19,57.99384,57.9938
2/28/19,57.3625,57.3625
2/27/19,57.38411,57.3841
2/26/19,57.12654,57.1265
2/25/19,57.47268,57.4727
2/22/19,57.43874,57.4387
2/21/19,57.50728,57.5073
2/20/19,57.27609,57.2761
2/19/19,57.77229,57.7723
2/15/19,57.71312,57.7131
2/14/19,58.12163,58.1216
2/13/19,58.63781,58.6378
2/12/19,58.40106,58.4011
2/11/19,58.86789,58.8679
2/8/19,58.28773,58.2877
2/7/19,57.88175,57.8818
2/6/19,57.69163,57.6916
2/5/19,58.5415,58.5415
2/4/19,58.65629,58.6563
2/1/19,58.33987,58.3399
1/31/19,58.56769,58.5677
1/30/19,59.68123,59.6812
1/29/19,59.98425,59.9842
1/28/19,60.33231,60.3323
1/25/19,60.66106,60.6611
1/24/19,61.65147,61.6515
1/23/19,61.09892,61.0989
1/22/19,61.42141,61.4214
1/18/19,61.34002,61.34
1/17/19,61.36823,61.3682
1/16/19,61.20175,61.2018
1/15/19,61.68569,61.6857
1/14/19,61.68859,61.6886
1/11/19,61.4909,61.4909
1/10/19,61.6461,61.6461
1/9/19,61.86595,61.8659
1/8/19,63.06094,63.0609
1/7/19,63.29235,63.2924
1/4/19,65.15869,65.1587
1/3/19,65.02325,65.0232
1/2/19,64.94927,64.9493
12/31/18,65.0978,65.0978
12/28/18,65.18661,65.1866
12/27/18,65.44246,65.4425
12/26/18,65.56006,65.5601
12/24/18,63.9702,63.9702
12/21/18,63.52538,63.5254
12/20/18,62.49236,62.4924
12/19/18,62.54705,62.547
12/18/18,63.26585,63.2658
12/17/18,62.90195,62.9019
12/14/18,63.04752,63.0475
12/13/18,62.88633,62.8863
12/12/18,63.38226,63.3823
12/11/18,63.86607,63.8661
12/10/18,63.89965,63.8996
12/7/18,63.29092,63.2909
12/6/18,63.74813,63.7481
12/4/18,62.86697,62.867
12/3/18,62.33595,62.3359
11/30/18,62.87229,62.8723
11/29/18,62.80665,62.8066
11/28/18,63.06417,63.0642
11/27/18,64.04076,64.0408
11/26/18,64.1591,64.1591
11/23/18,64.54345,64.5434
11/21/18,64.24184,64.2418
11/20/18,64.72398,64.724
11/19/18,62.65491,62.6549
11/16/18,62.44304,62.443
11/15/18,62.97835,62.9783
11/14/18,62.87966,62.8797
11/13/18,62.77152,62.7715
11/12/18,62.81903,62.819
11/9/18,62.34557,62.3456
11/8/18,62.06443,62.0644
11/7/18,61.58409,61.5841
11/6/18,62.8987,62.8987
11/5/18,63.12418,63.1242
11/2/18,63.33128,63.3313
11/1/18,62.98309,62.9831
10/31/18,63.65647,63.6565
10/30/18,63.59151,63.5915
10/29/18,62.99614,62.9961
10/26/18,62.96069,62.9607
10/25/18,62.71544,62.7154
10/24/18,62.52962,62.5296
10/23/18,61.94043,61.9404
10/22/18,61.40902,61.409
10/19/18,61.18924,61.1892
10/18/18,61.48884,61.4888
10/17/18,61.21617,61.2162
10/16/18,61.19455,61.1945
10/15/18,61.46409,61.4641
10/12/18,61.84381,61.8438
10/11/18,61.4946,61.4946
10/10/18,61.91178,61.9118
10/9/18,61.81185,61.8118
10/8/18,61.68118,61.6812
10/5/18,61.51307,61.5131
10/4/18,61.84805,61.8481
10/3/18,61.18107,61.1811
10/2/18,60.06406,60.0641
10/1/18,60.04841,60.0484
9/28/18,59.75547,59.7555
9/27/18,59.82181,59.8218
9/26/18,59.47924,59.4792
9/25/18,59.88278,59.8828
9/24/18,59.79601,59.796
9/21/18,59.60654,59.6065
9/20/18,59.68702,59.687
9/19/18,59.92468,59.9247
9/18/18,59.9108,59.9108
9/17/18,59.67852,59.6785
9/14/18,59.96735,59.9673
9/13/18,59.62839,59.6284
9/12/18,59.95356,59.9536
9/11/18,60.5195,60.5195
9/10/18,60.5034,60.5034
9/7/18,60.80789,60.8079
9/6/18,60.37849,60.3785
9/5/18,60.47672,60.4767
9/4/18,60.7772,60.7772
8/31/18,60.54334,60.5433
8/30/18,60.20417,60.2042
8/29/18,60.02563,60.0256
8/28/18,60.4284,60.4284
8/27/18,60.3525,60.3525
8/24/18,60.81383,60.8138
8/23/18,61.36737,61.3674
8/22/18,61.30285,61.3028
8/21/18,61.56242,61.5624
8/20/18,62.14329,62.1433
8/17/18,62.38934,62.3893
8/16/18,62.72439,62.7244
8/15/18,62.94076,62.9408
8/14/18,62.83724,62.8372
8/13/18,62.63823,62.6382
8/10/18,62.45396,62.454
8/9/18,61.33945,61.3394
8/8/18,61.20742,61.2074
8/7/18,61.2266,61.2266
8/6/18,61.39941,61.3994
8/3/18,61.13842,61.1384
8/2/18,61.38341,61.3834
8/1/18,61.08159,61.0816
7/31/18,60.47843,60.4784
7/30/18,60.87402,60.874
7/27/18,60.98816,60.9882
7/26/18,61.05633,61.0563
7/25/18,60.947,60.947
7/24/18,61.05975,61.0598
7/23/18,61.15053,61.1505
7/20/18,60.09053,60.0905
7/19/18,60.46351,60.4635
7/18/18,60.31065,60.3106
7/17/18,60.6058,60.6058
7/16/18,60.57577,60.5758
7/13/18,60.61333,60.6133
7/12/18,60.82863,60.8286
7/11/18,62.12821,62.1282
7/10/18,61.94494,61.9449
7/9/18,61.85409,61.8541
7/6/18,61.78273,61.7827
7/5/18,62.20721,62.2072
7/3/18,62.33476,62.3348
7/2/18,62.90517,62.9052
6/29/18,62.37047,62.3705
6/28/18,62.93706,62.9371
6/27/18,62.77303,62.773
6/26/18,62.05181,62.0518
6/25/18,62.18782,62.1878
6/22/18,61.83894,61.8389
6/21/18,62.61739,62.6174
6/20/18,62.42126,62.4213
6/19/18,62.65341,62.6534
6/18/18,62.26626,62.2663
6/15/18,62.25765,62.2576
6/14/18,62.26577,62.2658
6/13/18,61.17378,61.1738
6/12/18,61.90759,61.9076
6/11/18,62.31761,62.3176
6/8/18,62.1337,62.1337
6/7/18,61.83096,61.831
6/6/18,61.74747,61.7475
6/5/18,61.72429,61.7243
6/4/18,61.9887,61.9887
6/1/18,62.3832,62.3832
5/31/18,62.9509,62.9509
5/30/18,62.74005,62.7401
5/29/18,63.13875,63.1387
5/25/18,61.42698,61.427
5/24/18,61.07228,61.0723
5/23/18,61.35295,61.3529
5/22/18,61.19314,61.1931
5/21/18,61.20126,61.2013
5/18/18,60.98948,60.9895
5/17/18,61.15205,61.1521
5/16/18,60.90747,60.9075
5/15/18,60.55115,60.5512
5/14/18,58.98464,58.9846
5/11/18,59.0567,59.0567
5/10/18,59.70951,59.7095
5/9/18,60.20245,60.2024
5/8/18,59.83165,59.8316
5/7/18,59.18042,59.1804
5/4/18,59.03202,59.032
5/3/18,59.07574,59.0757
5/2/18,59.26297,59.263
5/1/18,59.52401,59.524
4/30/18,58.83811,58.8381
4/27/18,59.08678,59.0868
4/26/18,59.41778,59.4178
4/25/18,59.43373,59.4337
4/24/18,59.39874,59.3987
4/23/18,59.42871,59.4287
4/20/18,58.77043,58.7704
4/19/18,58.1774,58.1774
4/18/18,57.50605,57.5061
4/17/18,57.65277,57.6528
4/16/18,57.94234,57.9423
4/13/18,58.35359,58.3536
4/12/18,58.6671,58.6671
4/11/18,58.31111,58.3111
4/10/18,58.62237,58.6224
4/9/18,59.09239,59.0924
4/6/18,59.42489,59.4249
4/5/18,60.06048,60.0605
4/4/18,59.91541,59.9154
4/3/18,60.34075,60.3408
3/29/18,60.4426,60.4426
3/28/18,60.18144,60.1814
3/27/18,59.48929,59.4893
3/26/18,59.16104,59.161
3/23/18,59.44831,59.4483
3/22/18,59.95286,59.9529
3/21/18,60.26873,60.2687
3/20/18,60.64264,60.6426
3/19/18,60.20408,60.2041
3/16/18,60.54195,60.5419
3/15/18,59.90272,59.9027
3/14/18,59.70101,59.701
3/13/18,59.53515,59.5351
3/12/18,61.87039,61.8704
3/9/18,61.94999,61.95
3/8/18,62.39143,62.3914
3/7/18,62.35787,62.3579
3/6/18,62.18833,62.1883
3/5/18,61.3102,61.3102
3/2/18,61.2167,61.2167
3/1/18,61.28398,61.284
2/28/18,61.21713,61.2171
2/27/18,61.15284,61.1528
2/26/18,60.50536,60.5054
2/23/18,60.06826,60.0683
2/22/18,59.92218,59.9222
2/21/18,60.8096,60.8096
2/20/18,61.43065,61.4307
2/16/18,61.33751,61.3375
2/15/18,62.39577,62.3958
2/14/18,62.96505,62.9651
2/13/18,63.35303,63.353
2/12/18,63.91853,63.9185
2/8/18,64.04898,64.049
2/7/18,57.34311,57.3431
2/6/18,57.38036,57.3804
2/5/18,56.24749,56.2475
2/2/18,56.29962,56.2996
2/1/18,55.70959,55.7096
1/31/18,55.28796,55.288
1/30/18,55.49734,55.4973
1/29/18,55.59328,55.5933
1/26/18,54.13618,54.1362
1/25/18,52.94589,52.9459
1/24/18,53.5184,53.5184
1/23/18,53.62378,53.6238
1/22/18,53.56093,53.5609
1/19/18,53.06139,53.0614
1/18/18,52.47363,52.4736
1/17/18,53.34639,53.3464
1/16/18,53.53643,53.5364
1/12/18,54.11619,54.1162
1/11/18,54.66024,54.6602
1/10/18,55.51003,55.51
1/9/18,55.1296,55.1296
1/8/18,54.60845,54.6084
1/5/18,54.34548,54.3455
1/4/18,54.37681,54.3768
1/3/18,54.65203,54.652
1/2/18,54.55376,54.5538
12/29/17,54.38363,54.3836
12/28/17,54.88999,54.89
12/27/17,55.13068,55.1307
12/26/17,55.40393,55.4039
12/22/17,55.48806,55.4881
12/21/17,55.26626,55.2663
12/20/17,55.22438,55.2244
12/19/17,55.11878,55.1188
12/18/17,55.08058,55.0806
12/15/17,55.11262,55.1126
12/14/17,54.97116,54.9712
12/13/17,55.58956,55.5896
12/12/17,56.11566,56.1157
12/11/17,55.91927,55.9193
12/8/17,56.18408,56.1841
12/7/17,56.20073,56.2007
12/6/17,56.47418,56.4742
12/5/17,56.55599,56.556
12/4/17,56.7207,56.7207
12/1/17,56.66051,56.6605
11/30/17,56.41241,56.4124
11/29/17,57.59008,57.5901
11/28/17,57.4642,57.4642
11/27/17,57.41052,57.4105
11/24/17,57.46144,57.4614
11/22/17,58.10089,58.1009
11/21/17,58.6988,58.6988
11/20/17,59.04486,59.0449
11/17/17,60.65921,60.6592
11/16/17,60.86809,60.8681
11/15/17,60.90015,60.9002
11/14/17,61.06773,61.0677
11/13/17,61.96519,61.9652
11/10/17,61.74629,61.7463
11/9/17,61.82131,61.8213
11/8/17,61.78196,61.782
11/7/17,62.12553,62.1255
11/6/17,62.02205,62.022
11/3/17,62.29423,62.2942
11/2/17,62.7059,62.7059
11/1/17,62.3323,62.3323
10/31/17,62.46566,62.4657
10/30/17,62.59673,62.5967
10/27/17,62.99396,62.994
10/26/17,62.60058,62.6006
10/25/17,61.84712,61.8471
10/24/17,61.32268,61.3227
10/23/17,60.90251,60.9025
10/20/17,60.70944,60.7094
10/19/17,60.05915,60.0591
10/18/17,60.10011,60.1001
10/17/17,60.23327,60.2333
10/16/17,60.27432,60.2743
10/13/17,60.31115,60.3112
10/12/17,60.50697,60.507
10/11/17,60.66183,60.6618
10/10/17,61.08287,61.0829
10/9/17,61.29362,61.2936
10/6/17,61.27602,61.276
10/5/17,61.60219,61.6022
10/4/17,61.14937,61.1494
10/3/17,61.15034,61.1503
10/2/17,61.14281,61.1428
9/29/17,60.63713,60.6371
9/28/17,60.7943,60.7943
9/27/17,62.33833,62.3383
9/26/17,61.8401,61.8401
9/25/17,61.59561,61.5956
9/21/17,61.07433,61.0743
9/20/17,61.013,61.013
9/19/17,61.54167,61.5417
9/18/17,61.8485,61.8485
9/15/17,61.82503,61.825
9/14/17,62.13396,62.134
9/13/17,62.23382,62.2338
9/12/17,61.97442,61.9744
9/11/17,61.8797,61.8797
9/8/17,62.04058,62.0406
9/7/17,62.44057,62.4406
9/6/17,62.63939,62.6394
9/5/17,62.71528,62.7153
9/1/17,62.67499,62.675
8/31/17,62.76408,62.7641
8/30/17,62.39919,62.3992
8/29/17,61.69274,61.6927
8/28/17,61.82683,61.8268
8/25/17,62.38748,62.3875
8/24/17,63.16503,63.165
8/23/17,62.80824,62.8082
8/22/17,62.86977,62.8698
8/21/17,62.52537,62.5254
8/18/17,62.95004,62.95
8/17/17,63.35917,63.3592
8/16/17,63.67288,63.6729
8/15/17,63.29556,63.2956
8/14/17,63.70728,63.7073
8/11/17,63.52254,63.5225
8/10/17,63.42604,63.426
8/9/17,63.13862,63.1386
8/8/17,62.70422,62.7042
8/7/17,62.43956,62.4396
8/4/17,62.634,62.634
8/3/17,62.10296,62.103
8/2/17,62.20088,62.2009
8/1/17,62.24481,62.2448
7/31/17,62.36559,62.3656
7/28/17,62.7289,62.7289
7/27/17,63.16872,63.1687
7/26/17,63.35254,63.3525
7/25/17,63.60594,63.6059
7/24/17,63.16377,63.1638
7/21/17,62.90931,62.9093
7/20/17,62.98238,62.9824
7/19/17,63.73579,63.7358
7/18/17,63.95087,63.9509
7/17/17,64.78382,64.7838
7/14/17,65.86962,65.8696
7/13/17,66.74568,66.7457
7/12/17,66.85054,66.8505
7/11/17,67.0542,67.0542
7/10/17,67.27799,67.278
7/7/17,67.29488,67.2949
7/6/17,66.7338,66.7338
7/3/17,66.80461,66.8046
6/30/17,66.45054,66.4505
6/29/17,66.39545,66.3955
6/28/17,66.51433,66.5143
6/27/17,66.66372,66.6637
6/26/17,67.32213,67.3221
6/23/17,67.52702,67.527
6/22/17,67.61384,67.6138
6/21/17,67.70432,67.7043
6/20/17,67.48764,67.4876
6/19/17,67.11175,67.1117
6/16/17,66.96756,66.9676
6/15/17,67.16003,67.16
6/14/17,65.89195,65.892
6/13/17,66.45242,66.4524
6/12/17,66.69048,66.6905
6/9/17,66.51188,66.5119
6/8/17,66.81234,66.8123
6/7/17,66.45362,66.4536
6/6/17,66.66371,66.6637
6/5/17,66.49782,66.4978
6/2/17,66.47737,66.4774
6/1/17,72.73863,72.7386
5/31/17,72.50156,72.5016
5/30/17,72.78747,72.7875
5/26/17,72.71182,72.7118
5/25/17,72.67784,72.6778
5/24/17,73.33154,73.3315
5/23/17,73.47212,73.4721
5/22/17,73.11732,73.1173
5/19/17,73.59485,73.5949
5/18/17,74.3304,74.3304
5/17/17,74.49273,74.4927
5/16/17,74.03395,74.0339
5/15/17,74.73118,74.7312
5/12/17,75.11677,75.1168
5/11/17,75.54983,75.5498
5/10/17,75.61649,75.6165
5/9/17,75.43135,75.4314
5/8/17,75.38419,75.3842
5/5/17,75.40491,75.4049
5/4/17,76.09805,76.098
5/3/17,76.59613,76.5961
5/2/17,76.59087,76.5909
5/1/17,76.91673,76.9167
4/28/17,76.7636,76.7636
4/27/17,77.14233,77.1423
4/26/17,77.70115,77.7011
4/25/17,77.34953,77.3495
4/24/17,78.076,78.076
4/21/17,79.84663,79.8466
4/20/17,79.46213,79.4621
4/19/17,79.51447,79.5145
4/18/17,79.36123,79.3612
4/17/17,79.7447,79.7447
4/13/17,79.99435,79.9944
4/12/17,80.15469,80.1547
4/11/17,79.49105,79.491
4/10/17,79.38679,79.3868
4/7/17,79.34711,79.3471
4/6/17,79.16432,79.1643
4/5/17,79.12088,79.1209
4/4/17,79.15768,79.1577
4/3/17,79.1483,79.1483
3/31/17,78.89128,78.8913
3/30/17,78.81166,78.8117
3/29/17,78.76477,78.7648
3/28/17,78.35318,78.3532
3/27/17,78.61745,78.6175
3/24/17,78.98001,78.98
3/23/17,79.1856,79.1856
3/22/17,78.56813,78.5681
3/21/17,78.20335,78.2033
3/20/17,79.01752,79.0175
3/17/17,78.86655,78.8666
3/16/17,79.31871,79.3187
3/15/17,81.22706,81.2271
3/14/17,82.01676,82.0168
3/10/17,82.08829,82.0883
3/9/17,83.1569,83.1569
3/8/17,83.27797,83.278
3/7/17,83.03546,83.0355
3/6/17,83.16317,83.1632
3/3/17,83.94244,83.9424
3/2/17,83.66648,83.6665
3/1/17,83.15032,83.1503
2/28/17,82.81486,82.8149
2/27/17,82.92154,82.9215
2/24/17,83.14883,83.1488
2/23/17,83.32545,83.3254
2/22/17,83.62568,83.6257
2/21/17,83.76328,83.7633
2/17/17,82.09911,82.0991
2/16/17,81.79855,81.7986
2/15/17,82.33182,82.3318
2/14/17,82.6408,82.6408
2/13/17,82.35183,82.3518
2/10/17,82.19861,82.1986
2/9/17,81.98367,81.9837
2/8/17,81.45274,81.4527
2/6/17,80.95016,80.9502
2/3/17,80.33197,80.332
2/2/17,80.86763,80.8676
2/1/17,81.28894,81.2889
1/31/17,80.95326,80.9533
1/30/17,81.65155,81.6515
1/27/17,82.93551,82.9355
1/26/17,82.99803,82.998
1/25/17,82.7994,82.7994
1/24/17,82.33708,82.3371
1/23/17,82.4182,82.4182
1/20/17,83.05386,83.0539
1/19/17,83.90707,83.9071
1/18/17,82.32706,82.3271
1/17/17,81.57772,81.5777
1/13/17,81.89339,81.8934
1/12/17,81.69781,81.6978
1/11/17,81.69334,81.6933
1/10/17,82.78572,82.7857
1/9/17,84.2399,84.2399
1/6/17,83.37441,83.3744
1/5/17,83.32704,83.327
1/4/17,84.68296,84.683
1/3/17,85.17311,85.1731
12/30/16,84.30833,84.3083
12/29/16,85.07448,85.0745
12/28/16,85.99769,85.9977
12/23/16,84.89663,84.8966
12/22/16,85.34763,85.3476
12/21/16,85.77731,85.7773
12/20/16,85.97807,85.9781
12/19/16,86.03983,86.0398
12/16/16,86.01379,86.0138
12/15/16,86.42082,86.4208
12/14/16,83.8855,83.8855
12/13/16,84.375,84.375
12/12/16,84.25108,84.2511
12/9/16,84.56357,84.5636
12/8/16,83.45744,83.4574
12/7/16,82.3064,82.3064
12/6/16,83.10306,83.1031
12/5/16,83.18009,83.1801
12/2/16,83.27869,83.2787
12/1/16,84.07529,84.0753
11/30/16,82.94179,82.9418
11/29/16,82.55387,82.5539
11/28/16,82.88144,82.8814
11/25/16,82.98877,82.9888
11/23/16,83.19598,83.196
11/22/16,82.36235,82.3624
11/21/16,83.20762,83.2076
11/18/16,83.0342,83.0342
11/17/16,81.4592,81.4592
11/16/16,81.5258,81.5258
11/15/16,80.65778,80.6578
11/14/16,82.08205,82.0821
11/11/16,79.29098,79.291
11/10/16,78.6521,78.6521
11/9/16,74.60463,74.6046
11/8/16,74.03611,74.0361
11/7/16,74.74418,74.7442
11/4/16,74.11606,74.1161
11/3/16,74.20139,74.2014
11/2/16,74.18018,74.1802
11/1/16,74.32164,74.3216
10/31/16,74.67846,74.6785
10/28/16,74.35101,74.351
10/27/16,74.2747,74.2747
10/26/16,73.96444,73.9644
10/25/16,73.79488,73.7949
10/24/16,73.80952,73.8095
10/21/16,73.83667,73.8367
10/20/16,73.70489,73.7049
10/19/16,73.78738,73.7874
10/18/16,73.82166,73.8217
10/17/16,73.65694,73.6569
10/14/16,73.71533,73.7153
10/13/16,73.37862,73.3786
10/12/16,73.49955,73.4995
10/11/16,73.43934,73.4393
10/10/16,72.81945,72.8195
10/7/16,72.67192,72.6719
10/6/16,72.85189,72.8519
10/5/16,72.66643,72.6664
10/4/16,72.61926,72.6193
10/3/16,72.34801,72.348
9/30/16,72.10545,72.1055
9/29/16,71.94155,71.9415
9/28/16,71.94219,71.9422
9/27/16,71.89589,71.8959
9/26/16,71.60757,71.6076
9/23/16,71.91061,71.9106
9/22/16,72.20342,72.2034
9/21/16,72.85599,72.856
9/20/16,73.81102,73.811
9/19/16,73.75861,73.7586
9/16/16,73.68987,73.6899
9/15/16,73.18982,73.1898
9/14/16,73.15621,73.1562
9/13/16,73.38674,73.3867
9/12/16,72.80171,72.8017
9/9/16,72.82211,72.8221
9/8/16,72.08537,72.0854
9/7/16,71.89281,71.8928
9/6/16,72.40459,72.4046
9/2/16,73.13446,73.1345
9/1/16,73.08448,73.0845
8/31/16,73.44506,73.4451
8/30/16,73.4822,73.4822
8/29/16,73.60415,73.6042
8/26/16,73.37784,73.3778
8/25/16,73.04487,73.0449
8/24/16,72.72163,72.7216
8/23/16,72.60117,72.6012
8/22/16,72.80035,72.8004
8/19/16,73.21555,73.2155
8/18/16,73.03619,73.0362
8/17/16,73.53854,73.5385
8/16/16,73.63564,73.6356
8/15/16,74.17278,74.1728
8/12/16,73.71956,73.7196
8/11/16,73.84836,73.8484
8/10/16,73.77093,73.7709
8/9/16,74.48437,74.4844
8/8/16,74.91198,74.912
8/5/16,74.93687,74.9369
8/4/16,74.34908,74.3491
8/3/16,74.32432,74.3243
8/2/16,74.22258,74.2226
8/1/16,74.33533,74.3353
7/29/16,74.16868,74.1687
7/28/16,75.15349,75.1535
7/27/16,75.72559,75.7256
7/26/16,75.80997,75.81
7/25/16,76.00801,76.008
7/22/16,76.30163,76.3016
7/21/16,76.06286,76.0629
7/20/16,75.84954,75.8495
7/19/16,75.79444,75.7944
7/18/16,75.83777,75.8378
7/15/16,75.68252,75.6825
7/14/16,74.97525,74.9753
7/13/16,74.45315,74.4531
7/12/16,74.91886,74.9189
7/11/16,74.80322,74.8032
7/8/16,74.88014,74.8801
7/7/16,75.235,75.235
7/6/16,75.02931,75.0293
7/5/16,75.34716,75.3472
7/1/16,74.679,74.679
6/30/16,75.38156,75.3816
6/29/16,75.38295,75.383
6/28/16,75.96128,75.9613
6/27/16,76.36347,76.3635
6/24/16,75.45227,75.4523
6/23/16,74.07734,74.0773
6/22/16,74.9447,74.9447
6/21/16,75.21094,75.2109
6/20/16,74.98011,74.9801
6/17/16,75.63682,75.6368
6/16/16,76.3273,76.3273
6/15/16,75.32479,75.3248
6/14/16,75.80487,75.8049
6/13/16,75.36335,75.3633
6/10/16,74.99557,74.9956
6/9/16,74.58256,74.5826
6/8/16,73.75208,73.7521
6/7/16,74.08582,74.0858
6/6/16,74.09035,74.0903
6/3/16,74.3952,74.3952
6/2/16,75.85156,75.8516
6/1/16,75.84571,75.8457
5/31/16,75.82368,75.8237
5/27/16,75.78342,75.7834
5/26/16,75.81424,75.8142
5/25/16,75.95663,75.9566
5/24/16,76.52704,76.527
5/23/16,76.09277,76.0928
5/20/16,76.33104,76.331
5/19/16,76.32941,76.3294
5/18/16,75.82661,75.8266
5/17/16,75.27356,75.2736
5/16/16,75.26483,75.2648
5/13/16,75.11068,75.1107
5/12/16,74.58282,74.5828
5/11/16,74.169,74.169
5/10/16,74.55632,74.5563
5/9/16,74.45352,74.4535
5/6/16,74.17943,74.1794
5/5/16,74.43919,74.4392
5/4/16,73.77577,73.7758
5/2/16,73.74176,73.7418
4/29/16,74.17832,74.1783
4/28/16,74.84343,74.8434
4/27/16,74.82338,74.8234
4/26/16,75.43161,75.4316
4/25/16,75.73229,75.7323
4/22/16,76.01354,76.0135
4/21/16,75.5709,75.5709
4/20/16,75.37742,75.3774
4/19/16,75.07911,75.0791
4/18/16,75.07285,75.0728
4/15/16,75.25226,75.2523
4/14/16,75.53484,75.5348
4/13/16,75.36989,75.3699
4/12/16,74.87693,74.8769
4/11/16,74.55756,74.5576
4/8/16,74.61208,74.6121
4/7/16,74.7275,74.7275
4/6/16,74.20061,74.2006
4/5/16,74.63145,74.6314
4/4/16,74.17288,74.1729
4/1/16,74.60499,74.605
3/31/16,74.85282,74.8528
3/30/16,75.24516,75.2452
3/29/16,75.80115,75.8012
3/28/16,76.76226,76.7623
3/24/16,76.72984,76.7298
3/23/16,76.52003,76.52
3/22/16,76.29445,76.2944
3/21/16,77.18908,77.1891
3/18/16,76.82483,76.8248
3/17/16,76.55063,76.5506
3/16/16,78.4174,78.4174
3/15/16,79.05679,79.0568
3/14/16,79.2332,79.2332
3/11/16,78.87236,78.8724
3/10/16,78.99768,78.9977
3/9/16,80.07072,80.0707
3/8/16,80.5427,80.5427
3/7/16,80.14699,80.147
3/4/16,80.34188,80.3419
3/3/16,81.25343,81.2534
3/2/16,82.37354,82.3735
3/1/16,82.47375,82.4738
2/29/16,82.66667,82.6667
2/26/16,81.88558,81.8856
2/25/16,81.26981,81.2698
2/24/16,81.15929,81.1593
2/23/16,80.93639,80.9364
2/22/16,76.94958,76.9496
2/19/16,76.50283,76.5028
2/18/16,75.73549,75.7355
2/17/16,75.75594,75.7559
2/16/16,76.91479,76.9148
2/12/16,76.81842,76.8184
2/11/16,76.80494,76.8049
2/10/16,75.73248,75.7325
2/9/16,75.31606,75.3161
2/8/16,75.66502,75.665
2/5/16,75.05162,75.0516
2/4/16,74.60927,74.6093
2/3/16,75.3931,75.3931
2/2/16,76.20532,76.2053
2/1/16,76.25562,76.2556
1/29/16,76.41797,76.418
1/28/16,75.73321,75.7332
1/27/16,76.06696,76.067
1/26/16,76.34637,76.3464
1/25/16,76.5488,76.5488
1/22/16,76.75021,76.7502
1/21/16,77.05644,77.0564
1/20/16,76.51744,76.5174
1/19/16,76.20791,76.2079
1/15/16,76.06611,76.0661
1/14/16,75.49029,75.4903
1/12/16,75.45899,75.459
1/11/16,75.06663,75.0666
1/8/16,75.01837,75.0184
1/7/16,75.25318,75.2532
1/6/16,76.09484,76.0948
1/5/16,76.11204,76.112
1/4/16,75.70715,75.7072
12/31/15,75.26229,75.2623
12/30/15,74.96105,74.961
12/22/15,77.10327,77.1033
12/21/15,77.63013,77.6301
12/18/15,78.31503,78.315
12/17/15,78.53776,78.5378
12/16/15,78.26286,78.2629
12/15/15,79.37569,79.3757
12/14/15,78.59283,78.5928
12/11/15,78.00619,78.0062
12/10/15,78.25888,78.2589
12/9/15,78.09688,78.0969
12/8/15,78.9145,78.9145
12/7/15,79.19086,79.1909
12/4/15,78.99531,78.9953
12/3/15,79.03137,79.0314
12/2/15,81.34152,81.3415
12/1/15,81.13225,81.1323
11/30/15,81.93182,81.9318
11/27/15,81.66038,81.6604
11/25/15,81.49299,81.493
11/24/15,81.14962,81.1496
11/23/15,81.02637,81.0264
11/19/15,80.19765,80.1977
11/18/15,81.09962,81.0996
11/17/15,81.0463,81.0463
11/16/15,80.71816,80.7182
11/13/15,80.3375,80.3375
11/12/15,79.79404,79.794
11/11/15,80.39892,80.3989
11/10/15,80.4951,80.4951
11/9/15,79.99442,79.9944
11/6/15,80.45078,80.4508
11/5/15,79.62264,79.6226
11/4/15,79.93736,79.9374
11/3/15,79.16781,79.1678
11/2/15,78.79503,78.795
10/30/15,78.62588,78.6259
10/29/15,79.30154,79.3015
10/28/15,78.44555,78.4455
10/27/15,78.27505,78.275
10/26/15,78.27031,78.2703
10/23/15,78.54938,78.5494
10/22/15,77.58822,77.5882
10/21/15,76.26476,76.2648
10/20/15,76.21564,76.2156
10/19/15,76.29394,76.2939
10/16/15,76.10052,76.1005
10/15/15,75.94071,75.9407
10/14/15,75.58759,75.5876
10/13/15,76.2072,76.2072
10/12/15,76.35117,76.3512
10/9/15,76.35325,76.3533
10/8/15,77.02535,77.0254
10/7/15,77.85289,77.8529
10/6/15,77.77679,77.7768
10/5/15,78.74318,78.7432
10/2/15,78.2512,78.2512
10/1/15,78.64416,78.6442
9/30/15,78.89465,78.8947
9/29/15,78.47438,78.4744
9/28/15,77.91422,77.9142
9/25/15,78.23172,78.2317
9/24/15,78.08974,78.0897
9/23/15,78.092,78.092
9/22/15,77.59799,77.598
9/21/15,76.72345,76.7234
9/18/15,76.0271,76.0271
9/17/15,78.29087,78.2909
9/16/15,78.85755,78.8575
9/15/15,78.72906,78.7291
9/14/15,78.60235,78.6024
9/11/15,78.76598,78.766
9/10/15,79.9343,79.9343
9/9/15,80.9319,80.9319
9/8/15,80.78505,80.7851
9/4/15,80.9135,80.9135
9/3/15,81.40685,81.4069
9/2/15,80.80997,80.81
9/1/15,80.30343,80.3034
8/31/15,80.84613,80.8461
8/28/15,80.92811,80.9281
8/27/15,80.62478,80.6248
8/26/15,78.87571,78.8757
8/25/15,78.44699,78.447
8/24/15,77.25735,77.2574
8/21/15,77.88242,77.8824
8/20/15,78.76541,78.7654
8/19/15,79.40857,79.4086
8/18/15,79.8749,79.8749
8/17/15,79.51981,79.5198
8/14/15,79.56729,79.5673
8/13/15,79.59422,79.5942
8/12/15,78.90828,78.9083
8/11/15,79.79853,79.7985
8/10/15,79.94558,79.9456
8/7/15,80.17155,80.1715
8/6/15,80.99771,80.9977
8/5/15,82.02888,82.0289
8/4/15,81.15307,81.1531
8/3/15,80.13867,80.1387
7/31/15,79.89639,79.8964
7/30/15,80.16128,80.1613
7/29/15,79.13004,79.13
7/28/15,78.65677,78.6568
7/27/15,77.98974,77.9897
7/24/15,78.9397,78.9397
7/23/15,78.70463,78.7046
7/22/15,79.07915,79.0792
7/21/15,78.49453,78.4945
7/20/15,79.36537,79.3654
7/17/15,79.91158,79.9116
7/16/15,80.45237,80.4524
7/15/15,80.6431,80.6431
7/14/15,80.73569,80.7357
7/13/15,81.74394,81.7439
7/10/15,81.29212,81.2921
7/9/15,82.38662,82.3866
7/8/15,81.79186,81.7919
7/7/15,82.53954,82.5395
7/6/15,81.37246,81.3725
7/2/15,80.83994,80.8399
7/1/15,81.28386,81.2839
6/30/15,81.10822,81.1082
6/29/15,80.30141,80.3014
6/26/15,80.18107,80.1811
6/25/15,80.09995,80.0999
6/24/15,80.62584,80.6258
6/23/15,80.67663,80.6766
6/22/15,78.67828,78.6783
6/19/15,78.59284,78.5928
6/18/15,78.27501,78.275
6/17/15,78.99689,78.9969
6/16/15,79.1852,79.1852
6/15/15,79.02854,79.0285
6/12/15,79.01366,79.0137
6/11/15,80.16014,80.1601
6/10/15,80.8121,80.8121
6/9/15,80.88731,80.8873
6/8/15,81.24277,81.2428
6/5/15,82.07802,82.078
6/4/15,80.82034,80.8203
6/3/15,81.21724,81.2172
6/2/15,81.27069,81.2707
6/1/15,82.66325,82.6632
5/29/15,81.71876,81.7188
5/28/15,82.27813,82.2781
5/27/15,82.84323,82.8432
5/26/15,81.30567,81.3057
5/22/15,80.26459,80.2646
5/21/15,79.40172,79.4017
5/20/15,80.05046,80.0505
5/19/15,79.76137,79.7614
5/18/15,77.97551,77.9755
5/15/15,77.12561,77.1256
5/14/15,79.40065,79.4007
5/13/15,79.82587,79.8259
5/12/15,80.95577,80.9558
5/11/15,81.28697,81.287
5/8/15,80.14437,80.1444
5/7/15,80.14556,80.1456
5/6/15,79.74035,79.7404
5/5/15,80.22498,80.225
5/4/15,80.47316,80.4732
5/1/15,80.18252,80.1825
4/30/15,79.64152,79.6415
4/29/15,79.98923,79.9892
4/28/15,80.8369,80.8369
4/27/15,80.79215,80.7922
4/24/15,80.93615,80.9361
4/23/15,81.26386,81.2639
4/22/15,82.25205,82.2521
4/21/15,81.76492,81.7649
4/20/15,81.89599,81.896
4/17/15,81.59384,81.5938
4/16/15,81.94781,81.9478
4/15/15,82.80441,82.8044
4/14/15,82.73759,82.7376
4/13/15,83.22623,83.2262
4/10/15,83.39313,83.3931
4/9/15,83.11774,83.1177
4/8/15,84.05583,84.0558
4/7/15,83.93696,83.937
4/6/15,83.06349,83.0635
4/2/15,84.39338,84.3934
4/1/15,85.07421,85.0742
3/31/15,85.41201,85.412
3/30/15,84.96303,84.963
3/27/15,84.52578,84.5258
3/26/15,85.5894,85.5894
3/25/15,84.96672,84.9667
3/24/15,85,85
3/23/15,85.18112,85.1811
3/20/15,84.5856,84.5856
3/19/15,86.59144,86.5914
3/18/15,85.56275,85.5628
3/17/15,86.00283,86.0028
3/16/15,85.76015,85.7602
3/13/15,86.74228,86.7423
3/12/15,85.15411,85.1541
3/11/15,85.25446,85.2545
3/10/15,83.55257,83.5526
3/9/15,82.57827,82.5783
3/6/15,82.70081,82.7008
3/5/15,81.71916,81.7192
3/4/15,81.57681,81.5768
3/3/15,80.92135,80.9213
3/2/15,80.99839,80.9984
2/27/15,80.66994,80.6699
2/26/15,80.7414,80.7414
2/25/15,79.64446,79.6445
2/24/15,80.07234,80.0723
2/23/15,80.47123,80.4712
2/20/15,80.06671,80.0667
2/19/15,80.06682,80.0668
2/18/15,78.18919,78.1892
2/17/15,77.48292,77.4829
2/13/15,76.86711,76.8671
2/12/15,77.65191,77.6519
2/11/15,78.72322,78.7232
2/10/15,78.97808,78.9781
2/9/15,79.1332,79.1332
2/6/15,77.92793,77.9279
2/5/15,77.43429,77.4343
2/4/15,77.44196,77.442
2/3/15,77.28184,77.2818
2/2/15,76.1493,76.1493
1/30/15,76.45287,76.4529
1/29/15,76.21406,76.2141
1/28/15,75.98203,75.982
1/27/15,76.28821,76.2882
1/26/15,78.30674,78.3067
1/23/15,79.36028,79.3603
1/22/15,78.31855,78.3185
1/21/15,78.7473,78.7473
1/20/15,80.11777,80.1178
1/16/15,79.52026,79.5203
1/15/15,78.83803,78.838
1/14/15,75.99253,75.9925
1/13/15,75.52821,75.5282
1/12/15,74.25165,74.2516
1/9/15,72.66272,72.6627
1/8/15,73.02192,73.0219
1/7/15,72.62046,72.6205
1/6/15,71.75809,71.7581
1/5/15,70.63658,70.6366
1/2/15,69.81682,69.8168
12/31/14,70.07438,70.0744
12/30/14,69.7376,69.7376
12/29/14,70.22675,70.2267
12/26/14,70.23409,70.2341
12/24/14,70.13946,70.1395
12/23/14,70.22011,70.2201
12/22/14,70.25792,70.2579
12/19/14,70.33497,70.335
12/18/14,70.34354,70.3435
12/17/14,69.77362,69.7736
12/16/14,69.52594,69.5259
12/15/14,69.35199,69.352
12/12/14,68.24823,68.2482
12/11/14,68.1198,68.1198
12/10/14,66.84905,66.8491
12/9/14,66.91948,66.9195
12/8/14,67.2026,67.2026
12/5/14,67.21712,67.2171
12/4/14,66.80404,66.804
12/3/14,67.39537,67.3954
12/2/14,67.20491,67.2049
12/1/14,66.32784,66.3278
11/28/14,65.87053,65.8705
11/26/14,65.5098,65.5098
11/25/14,65.67416,65.6742
11/24/14,65.81637,65.8164
11/21/14,66.64514,66.6451
11/20/14,66.16955,66.1696
11/19/14,66.11155,66.1116
11/18/14,66.08682,66.0868
11/17/14,66.74165,66.7416
11/14/14,66.10197,66.102
11/13/14,66.30566,66.3057
11/12/14,66.57288,66.5729
11/10/14,67.2085,67.2085
11/7/14,67.06346,67.0635
11/6/14,67.88998,67.89
11/5/14,67.08293,67.0829
11/4/14,66.73575,66.7358
11/3/14,66.90429,66.9043
10/31/14,66.72253,66.7225
10/30/14,66.73011,66.7301
10/29/14,67.39438,67.3944
10/28/14,68.09012,68.0901
10/27/14,68.88627,68.8863
10/24/14,69.45498,69.455
10/23/14,69.7358,69.7358
10/22/14,68.48547,68.4855
10/21/14,68.31069,68.3107
10/20/14,68.63619,68.6362
10/17/14,69.43074,69.4307
10/16/14,69.40351,69.4035
10/15/14,70.32288,70.3229
10/14/14,65.95577,65.9558
10/10/14,65.34536,65.3454
10/9/14,65.13479,65.1348
10/8/14,64.67108,64.6711
10/7/14,64.98577,64.9858
10/6/14,65.39897,65.399
10/3/14,65.97938,65.9794
10/2/14,65.28873,65.2887
10/1/14,65.78634,65.7863
9/30/14,65.44461,65.4446
9/29/14,64.88934,64.8893
9/26/14,65.30065,65.3007
9/25/14,64.37485,64.3749
9/24/14,64.33878,64.3388
9/23/14,63.61018,63.6102
9/22/14,63.91833,63.9183
9/19/14,64.18608,64.1861
9/18/14,63.87062,63.8706
9/17/14,63.94101,63.941
9/16/14,63.82568,63.8257
9/15/14,63.72564,63.7256
9/12/14,63.49622,63.4962
9/11/14,63.22257,63.2226
9/10/14,63.64905,63.649
9/9/14,63.47166,63.4717
9/8/14,63.18231,63.1823
9/5/14,62.89862,62.8986
9/4/14,63.14204,63.142
9/3/14,62.12617,62.1262
9/2/14,62.33143,62.3314
8/29/14,61.44542,61.4454
8/28/14,62.08729,62.0873
8/27/14,61.73728,61.7373
8/26/14,61.37225,61.3723
8/25/14,61.89574,61.8957
8/22/14,61.77492,61.7749
8/21/14,62.08299,62.083
8/20/14,62.39278,62.3928
8/19/14,62.3442,62.3442
8/18/14,61.96677,61.9668
8/15/14,61.57179,61.5718
8/14/14,61.38081,61.3808
8/13/14,60.99768,60.9977
8/12/14,60.84581,60.8458
8/11/14,60.45122,60.4512
8/8/14,60.30859,60.3086
8/7/14,60.1573,60.1573
8/6/14,59.89977,59.8998
8/5/14,59.51081,59.5108
8/4/14,59.19356,59.1936
8/1/14,59.09463,59.0946
7/31/14,59.59656,59.5966
7/30/14,59.72793,59.7279
7/29/14,58.16867,58.1687
7/28/14,57.83796,57.838
7/25/14,57.81518,57.8152
7/24/14,57.4833,57.4833
7/23/14,57.4092,57.4092
7/22/14,57.45897,57.459
7/21/14,58.33148,58.3315
7/18/14,56.93468,56.9347
7/17/14,56.62526,56.6253
7/16/14,56.70461,56.7046
7/15/14,56.61851,56.6185
7/14/14,56.58243,56.5824
7/11/14,56.48019,56.4802
7/10/14,56.52718,56.5272
7/9/14,56.4541,56.4541
7/8/14,56.60322,56.6032
7/7/14,57.15126,57.1513
7/3/14,57.16386,57.1639
7/2/14,56.88544,56.8854
7/1/14,56.24863,56.2486
6/30/14,55.7122,55.7122
6/27/14,55.94165,55.9416
6/26/14,56.47958,56.4796
6/25/14,56.88517,56.8852
6/24/14,57.40046,57.4005
6/23/14,57.44337,57.4434
6/20/14,57.36896,57.369
6/19/14,57.44072,57.4407
6/18/14,58.01105,58.011
6/17/14,58.87043,58.8704
6/16/14,58.62933,58.6293
6/13/14,58.9683,58.9683
6/12/14,59.09057,59.0906
6/11/14,59.58186,59.5819
6/10/14,59.99557,59.9956
6/9/14,61.0555,61.0555
6/6/14,60.81824,60.8182
6/5/14,61.18648,61.1865
6/4/14,61.53733,61.5373
6/3/14,61.33646,61.3365
6/2/14,60.34572,60.3457
5/30/14,59.52643,59.5264
5/29/14,59.49004,59.49
5/28/14,59.35845,59.3584
5/27/14,59.151,59.151
5/23/14,59.12827,59.1283
5/22/14,59.47985,59.4799
5/21/14,59.25492,59.2549
5/20/14,59.12046,59.1205
5/19/14,58.98614,58.9861
5/15/14,58.44459,58.4446
5/14/14,58.00263,58.0026
5/13/14,57.9927,57.9927
5/12/14,57.81784,57.8178
5/9/14,57.75549,57.7555
5/8/14,57.47782,57.4778
5/7/14,57.09052,57.0905
5/6/14,57.07002,57.07
5/5/14,57.30758,57.3076
5/2/14,57.02539,57.0254
5/1/14,57.49207,57.4921
4/30/14,57.41382,57.4138
4/29/14,57.66418,57.6642
4/28/14,56.60432,56.6043
4/25/14,56.43157,56.4316
4/24/14,56.69126,56.6913
4/23/14,56.74796,56.748
4/22/14,57.00725,57.0072
4/21/14,57.01551,57.0155
4/17/14,57.03741,57.0374
4/16/14,56.63365,56.6336
4/15/14,56.64665,56.6466
4/14/14,56.28435,56.2844
4/11/14,55.76024,55.7602
4/10/14,55.79319,55.7932
4/9/14,56.44869,56.4487
4/8/14,57.07451,57.0745
4/7/14,57.93726,57.9373
4/4/14,59.63517,59.6352
4/3/14,60.09766,60.0977
4/2/14,60.11913,60.1191
4/1/14,60.79142,60.7914
3/31/14,60.8481,60.8481
3/28/14,61.17211,61.1721
3/27/14,61.04321,61.0432
3/26/14,61.07767,61.0777
3/25/14,61.08339,61.0834
3/24/14,61.13433,61.1343
3/21/14,61.50333,61.5033
3/20/14,62.14706,62.1471
3/19/14,61.74188,61.7419
3/18/14,61.29148,61.2915
3/17/14,61.35009,61.3501
3/14/14,61.57554,61.5755
3/13/14,61.59342,61.5934
3/12/14,61.41121,61.4112
3/11/14,61.6633,61.6633
3/10/14,61.89996,61.9
3/7/14,62.47207,62.4721
3/6/14,62.47204,62.472
3/5/14,62.97779,62.9778
3/4/14,63.19814,63.1981
3/3/14,61.85935,61.8593
2/28/14,61.50058,61.5006
2/27/14,61.83356,61.8336
2/26/14,61.90023,61.9002
2/25/14,63.02356,63.0236
2/24/14,63.55827,63.5583
2/21/14,63.502,63.502
2/20/14,64.1559,64.1559
2/19/14,63.92525,63.9252
2/18/14,63.72692,63.7269
2/14/14,64.18401,64.184
2/13/14,64.93782,64.9378
2/12/14,65.68274,65.6827
2/11/14,65.38208,65.3821
2/10/14,66.58115,66.5811
2/7/14,66.74253,66.7425
2/6/14,67.45828,67.4583
2/5/14,67.59772,67.5977
2/4/14,67.36928,67.3693
2/3/14,65.45091,65.4509
1/31/14,65.57571,65.5757
1/30/14,65.16381,65.1638
1/29/14,64.21669,64.2167
1/28/14,64.4368,64.4368
1/27/14,64.06901,64.069
1/24/14,64.27684,64.2768
1/23/14,64.48995,64.4899
1/22/14,65.44166,65.4417
1/21/14,65.33579,65.3358
1/17/14,65.50399,65.504
1/16/14,65.2836,65.2836
1/15/14,65.4627,65.4627
1/14/14,65.19769,65.1977
1/13/14,64.99927,64.9993
1/10/14,66.36171,66.3617
1/9/14,67.95259,67.9526
1/8/14,68.06927,68.0693
1/7/14,69.34478,69.3448
1/6/14,69.49923,69.4992
1/3/14,69.95957,69.9596
1/2/14,69.8574,69.8574
12/31/13,69.80202,69.802
12/30/13,69.4058,69.4058
12/27/13,69.66153,69.6615
12/26/13,70.49671,70.4967
12/24/13,70.46484,70.4648
12/23/13,70.4431,70.4431
12/20/13,70.37579,70.3758
12/19/13,70.55251,70.5525
12/18/13,69.91858,69.9186
12/17/13,70.09305,70.0931
12/16/13,70.55871,70.5587
12/13/13,70.74646,70.7465
12/12/13,70.83939,70.8394
12/11/13,70.96283,70.9628
12/10/13,71.07996,71.08
12/9/13,71.73359,71.7336
12/6/13,72.09404,72.094
12/5/13,72.67472,72.6747
12/4/13,73.29704,73.297
12/3/13,71.93382,71.9338
12/2/13,72.01683,72.0168
11/29/13,70.16046,70.1605
11/27/13,70.14738,70.1474
11/26/13,70.03762,70.0376
11/25/13,70.09768,70.0977
11/22/13,69.80575,69.8057
11/21/13,70.48815,70.4881
11/20/13,69.24622,69.2462
11/19/13,68.29196,68.292
11/18/13,68.17442,68.1744
11/15/13,69.73518,69.7352
11/14/13,71.37025,71.3702
11/13/13,72.29077,72.2908
11/12/13,72.74959,72.7496
11/8/13,72.03561,72.0356
11/7/13,70.63782,70.6378
11/6/13,69.97634,69.9763
11/5/13,70.69567,70.6957
11/4/13,70.04663,70.0466
11/1/13,68.12153,68.1215
10/31/13,66.63725,66.6373
10/30/13,65.45389,65.4539
10/29/13,66.70062,66.7006
10/28/13,66.72468,66.7247
10/25/13,66.59659,66.5966
10/24/13,67.08925,67.0892
10/23/13,66.81413,66.8141
10/22/13,68.53558,68.5356
10/21/13,70.11553,70.1155
10/18/13,70.18697,70.187
10/17/13,70.8681,70.8681
10/16/13,72.90896,72.909
10/15/13,73.51459,73.5146
10/14/13,72.39246,72.3925
10/11/13,72.75279,72.7528
10/10/13,73.31756,73.3176
10/9/13,73.45866,73.4587
10/8/13,73.12509,73.1251
10/7/13,72.93554,72.9355
10/4/13,73.09622,73.0962
10/3/13,73.02554,73.0255
10/2/13,74.00427,74.0043
10/1/13,74.68392,74.6839
9/30/13,73.30574,73.3057
9/27/13,73.23819,73.2382
9/26/13,73.79203,73.792
9/25/13,72.64193,72.6419
9/24/13,72.74142,72.7414
9/23/13,73.10396,73.104
9/20/13,73.68227,73.6823
9/19/13,74.21384,74.2138
9/18/13,77.60144,77.6014
9/17/13,79.70049,79.7005
9/16/13,79.79609,79.7961
9/13/13,82.99345,82.9935
9/12/13,83.20186,83.2019
9/11/13,83.59522,83.5952
9/10/13,84.48718,84.4872
9/9/13,83.93423,83.9342
9/6/13,84.61714,84.6171
9/5/13,85.54887,85.5489
9/4/13,84.10175,84.1017
9/3/13,83.34219,83.3422
8/30/13,81.86913,81.8691
8/29/13,80.92145,80.9215
8/28/13,80.1395,80.1395
8/27/13,78.80938,78.8094
8/26/13,80.63889,80.6389
8/23/13,80.80974,80.8097
8/22/13,81.49424,81.4942
8/21/13,80.08823,80.0882
8/20/13,79.28465,79.2846
8/19/13,79.72416,79.7242
8/16/13,78.54944,78.5494
8/15/13,78.50841,78.5084
8/14/13,76.78787,76.7879
8/13/13,76.58643,76.5864
8/12/13,75.44334,75.4433
8/9/13,75.14052,75.1405
8/8/13,75.2371,75.2371
8/7/13,75.87785,75.8779
8/6/13,76.6223,76.6223
8/5/13,76.79083,76.7908
8/2/13,76.38774,76.3877
8/1/13,78.50764,78.5076
7/31/13,76.84544,76.8454
7/30/13,77.11634,77.1163
7/29/13,77.00196,77.002
7/26/13,75.7756,75.7756
7/25/13,76.03749,76.0375
7/24/13,76.34409,76.3441
7/23/13,75.77203,75.772
7/22/13,76.92541,76.9254
7/19/13,77.7152,77.7152
7/18/13,78.1047,78.1047
7/17/13,78.40779,78.4078
7/16/13,79.28332,79.2833
7/15/13,80.91334,80.9133
7/12/13,80.76629,80.7663
7/11/13,81.27016,81.2702
7/10/13,82.8418,82.8418
7/9/13,83.1848,83.1848
7/8/13,83.27634,83.2763
7/5/13,83.75282,83.7528
7/3/13,80.97287,80.9729
7/2/13,80.45165,80.4516
7/1/13,80.35851,80.3585
6/28/13,80.23068,80.2307
6/27/13,79.56882,79.5688
6/26/13,83.80872,83.8087
6/25/13,83.65524,83.6552
6/24/13,83.84239,83.8424
6/21/13,77.96378,77.9638
6/20/13,76.85626,76.8563
6/19/13,71.09387,71.0939
6/18/13,69.80963,69.8096
6/17/13,70.80708,70.8071
6/14/13,70.62312,70.6231
6/13/13,71.50146,71.5015
6/12/13,72.13643,72.1364
6/11/13,71.16283,71.1628
6/10/13,71.14033,71.1403
6/7/13,70.69278,70.6928
6/6/13,70.10037,70.1004
6/5/13,71.44931,71.4493
6/4/13,71.98378,71.9838
6/3/13,71.47661,71.4766
5/31/13,70.94287,70.9429
5/30/13,70.0138,70.0138
5/29/13,66.47341,66.4734
5/28/13,66.28061,66.2806
5/24/13,63.9291,63.9291
5/23/13,63.92948,63.9295
5/22/13,63.87658,63.8766
5/21/13,63.08657,63.0866
5/20/13,63.28259,63.2826
5/17/13,63.68881,63.6888
5/16/13,62.64537,62.6454
5/15/13,63.15994,63.1599
5/14/13,61.72611,61.7261
5/13/13,61.14365,61.1436
5/10/13,60.24356,60.2436
5/9/13,59.50275,59.5027
5/8/13,58.91732,58.9173
5/7/13,59.50015,59.5002
5/6/13,59.51052,59.5105
5/3/13,59.18212,59.1821
5/2/13,58.84153,58.8415
5/1/13,58.25625,58.2563
4/30/13,58.57273,58.5727
4/29/13,58.7543,58.7543
4/26/13,59.03679,59.0368
4/25/13,59.42185,59.4218
4/24/13,59.44948,59.4495
4/23/13,59.49581,59.4958
4/22/13,59.48804,59.488
4/19/13,59.43526,59.4353
4/18/13,59.3578,59.3578
4/17/13,59.66219,59.6622
4/16/13,59.23789,59.2379
4/15/13,59.35277,59.3528
4/12/13,60.58801,60.588
4/11/13,60.64462,60.6446
4/10/13,61.42245,61.4224
4/9/13,60.96927,60.9693
4/8/13,61.61119,61.6112
4/5/13,61.49885,61.4988
4/4/13,62.70094,62.7009
4/3/13,64.83457,64.8346
4/2/13,65.4296,65.4296
4/1/13,65.27119,65.2712
3/28/13,65.5592,65.5592
3/27/13,65.89414,65.8941
3/26/13,65.6216,65.6216
3/25/13,65.87203,65.872
3/22/13,65.62355,65.6236
3/21/13,66.04972,66.0497
3/20/13,66.17215,66.1722
3/19/13,65.39835,65.3984
3/18/13,65.00232,65.0023
3/15/13,64.49686,64.4969
3/14/13,65.01384,65.0138
3/13/13,65.01426,65.0143
3/12/13,64.55502,64.555
3/11/13,64.54608,64.5461
3/8/13,64.87298,64.873
3/7/13,64.01466,64.0147
3/6/13,63.94919,63.9492
3/5/13,63.70058,63.7006
3/4/13,63.6713,63.6713
3/1/13,63.70189,63.7019
2/28/13,65.19911,65.1991
2/27/13,65.11947,65.1195
2/26/13,65.36163,65.3616
2/25/13,63.11401,63.114
2/22/13,63.0326,63.0326
2/21/13,62.87121,62.8712
2/20/13,62.29766,62.2977
2/19/13,62.16297,62.163
2/15/13,63.23948,63.2395
2/14/13,63.62819,63.6282
2/13/13,63.25727,63.2573
2/12/13,62.77947,62.7795
2/11/13,62.98009,62.9801
2/8/13,63.60165,63.6016
2/7/13,63.35348,63.3535
2/6/13,63.74871,63.7487
2/5/13,63.27297,63.273
2/4/13,63.34688,63.3469
2/1/13,62.13152,62.1315
1/31/13,62.13928,62.1393
1/30/13,62.4208,62.4208
1/29/13,62.53709,62.5371
1/28/13,63.01828,63.0183
1/25/13,62.26583,62.2658
1/24/13,61.82607,61.8261
1/23/13,61.88472,61.8847
1/22/13,61.86683,61.8668
1/18/13,61.48187,61.4819
1/17/13,61.12691,61.1269
1/16/13,60.76483,60.7648
1/15/13,60.44994,60.4499
1/14/13,62.46071,62.4607
1/11/13,61.68413,61.6841
1/10/13,62.3454,62.3454
1/9/13,62.78981,62.7898
1/8/13,63.05279,63.0528
1/7/13,62.94629,62.9463
1/4/13,63.56809,63.5681
1/3/13,63.3285,63.3285
1/2/13,63.44445,63.4445
12/31/12,62.49905,62.4991
12/28/12,62.21449,62.2145
12/27/12,62.27858,62.2786
12/26/12,62.3081,62.3081
12/24/12,62.48578,62.4858
12/21/12,63.8621,63.8621
12/20/12,63.64804,63.648
12/19/12,64.28086,64.2809
12/18/12,64.98866,64.9887
12/17/12,63.85954,63.8595
12/14/12,62.85693,62.8569
12/13/12,63.15226,63.1523
12/12/12,62.52292,62.5229
12/11/12,62.70482,62.7048
12/10/12,63.19858,63.1986
12/7/12,63.24575,63.2457
12/6/12,63.20056,63.2006
12/5/12,62.95277,62.9528
12/4/12,62.89337,62.8934
12/3/12,63.99081,63.9908
11/30/12,64.2132,64.2132
11/29/12,64.73173,64.7317
11/28/12,64.53133,64.5313
11/27/12,64.97411,64.9741
11/26/12,65.29321,65.2932
11/23/12,65.86324,65.8632
11/21/12,66.40942,66.4094
11/20/12,66.10183,66.1018
11/19/12,65.93501,65.935
11/16/12,66.21866,66.2187
11/15/12,66.13168,66.1317
11/14/12,66.25608,66.2561
11/13/12,66.04249,66.0425
11/12/12,66.0505,66.0505
11/9/12,66.03521,66.0352
11/8/12,65.612,65.612
11/7/12,67.30136,67.3014
11/6/12,67.92821,67.9282
11/5/12,68.61257,68.6126
11/2/12,68.769,68.769
11/1/12,67.96815,67.9681
10/31/12,67.85659,67.8566
10/26/12,67.98144,67.9814
10/25/12,68.72107,68.7211
10/24/12,68.23375,68.2338
10/23/12,68.17972,68.1797
10/22/12,67.77701,67.777
10/19/12,68.58349,68.5835
10/18/12,68.44997,68.45
10/17/12,67.45941,67.4594
10/16/12,67.25949,67.2595
10/15/12,66.16419,66.1642
10/12/12,66.14672,66.1467
10/11/12,66.30863,66.3086
10/10/12,67.22787,67.2279
10/9/12,67.72039,67.7204
10/8/12,67.18822,67.1882
10/5/12,67.94361,67.9436
10/4/12,67.69089,67.6909
10/3/12,69.36009,69.3601
10/2/12,67.8875,67.8875
10/1/12,68.35698,68.357
9/28/12,68.06462,68.0646
9/27/12,68.47084,68.4708
9/26/12,68.97061,68.9706
9/25/12,68.77702,68.777
9/24/12,69.03361,69.0336
9/21/12,69.48931,69.4893
9/20/12,69.75738,69.7574
9/19/12,70.38029,70.3803
9/18/12,70.95859,70.9586
9/17/12,71.24562,71.2456
9/14/12,71.87714,71.8771
9/13/12,73.31112,73.3111
9/12/12,74.07666,74.0767
9/11/12,72.86792,72.8679
9/10/12,73.28483,73.2848
9/7/12,73.26609,73.2661
9/6/12,73.96089,73.9609
9/5/12,73.95478,73.9548
9/4/12,74.35714,74.3571
8/31/12,75.0537,75.0537
8/30/12,75.81793,75.8179
8/29/12,75.6925,75.6925
8/28/12,74.79119,74.7912
8/27/12,74.72229,74.7223
8/24/12,74.05073,74.0507
8/23/12,74.62034,74.6203
8/22/12,76.12096,76.121
8/21/12,77.03959,77.0396
8/20/12,77.92723,77.9272
8/17/12,78.78714,78.7871
8/16/12,79.03891,79.0389
8/15/12,78.8651,78.8651
8/14/12,76.52019,76.5202
8/13/12,75.45381,75.4538
8/10/12,75.97202,75.972
8/9/12,78.01661,78.0166
8/8/12,76.18855,76.1886
8/7/12,75.0765,75.0765
8/6/12,75.19742,75.1974
8/3/12,75.19198,75.192
8/2/12,75.92897,75.929
8/1/12,74.88618,74.8862
7/31/12,73.87453,73.8745
7/30/12,75.26505,75.265
7/27/12,74.08546,74.0855
7/26/12,73.33659,73.3366
7/25/12,74.28666,74.2867
7/24/12,74.72828,74.7283
7/23/12,74.28101,74.281
7/20/12,73.90126,73.9013
7/19/12,73.45061,73.4506
7/18/12,73.46323,73.4632
7/17/12,74.29155,74.2915
7/16/12,73.68893,73.6889
7/13/12,73.83094,73.8309
7/12/12,74.38105,74.381
7/11/12,74.02481,74.0248
7/10/12,74.3799,74.3799
7/9/12,74.36022,74.3602
7/6/12,75.67171,75.6717
7/5/12,75.93803,75.938
7/3/12,74.26261,74.2626
7/2/12,74.4838,74.4838
6/29/12,74.39728,74.3973
6/28/12,75.25956,75.2596
6/27/12,75.71142,75.7114
6/26/12,76.09444,76.0944
6/25/12,76.16419,76.1642
6/22/12,76.01497,76.015
6/21/12,75.87936,75.8794
6/20/12,76.67034,76.6703
6/19/12,78.45099,78.451
6/18/12,79.29635,79.2963