Date,Open,High,Low,Last,Volume,Status
6/18/2012,97.84,97.84,97.84,99.62,1
6/19/2012,97.8,97.8,97.8,99.57,1
6/20/2012,95.64,95.64,95.64,97.31,1
6/21/2012,93.77,93.77,93.77,95.35,1
6/22/2012,93.93,93.93,93.93,95.49,1
6/25/2012,93.61,93.61,93.61,95.19,1
6/26/2012,93.52,93.52,93.52,95.08,1
6/27/2012,92.89,92.89,92.89,94.45,1
6/28/2012,91.97,91.97,91.97,93.51,1
6/29/2012,92.6,92.6,92.6,94.12,1
7/2/2012,92.26,92.26,92.26,93.79,1
7/3/2012,92.28,92.28,92.28,93.66,1
7/5/2012,92.7,92.7,92.7,94.11,1
7/6/2012,91.5,91.5,91.5,92.94,1
7/9/2012,90.18,90.18,90.18,91.53,1
7/10/2012,89.82,89.82,89.82,91.16,1
7/11/2012,89.37,89.37,89.37,90.71,1
7/12/2012,89.37,89.37,89.37,90.73,1
7/13/2012,88.97,88.97,88.97,90.31,1
7/16/2012,89.05,89.05,89.05,90.35,1
7/17/2012,89.68,89.68,89.68,90.97,1
7/18/2012,88.81,88.81,88.81,90.11,1
7/19/2012,88.88,88.88,88.88,90.19,1
7/20/2012,88.65,88.65,88.65,89.96,1
7/23/2012,88.79,88.79,88.79,90.14,1
7/24/2012,88.74,88.74,88.74,90.07,1
7/25/2012,88.74,88.74,88.74,90.08,1
7/26/2012,88.72,88.72,88.72,90.05,1
7/27/2012,90.18,90.18,90.18,91.54,1
7/30/2012,90.88,90.88,90.88,92.29,1
7/31/2012,89.56,89.56,89.56,90.91,1
8/1/2012,90.74,90.74,90.74,92.11,1
8/2/2012,90.92,90.92,90.92,92.36,1
8/3/2012,91.61,91.61,91.61,93.02,1
8/6/2012,91.81,91.81,91.81,93.32,1
8/7/2012,91.95,91.95,91.95,93.23,1
8/8/2012,92.89,92.89,92.89,94.23,1
8/9/2012,94.36,94.36,94.36,95.82,1
8/10/2012,92,92,92,93.4,1
8/13/2012,91.82,91.82,91.82,93.11,1
8/14/2012,93.05,93.05,93.05,94.38,1
8/15/2012,95.51,95.51,95.51,96.87,1
8/16/2012,96.32,96.32,96.32,97.7,1
8/17/2012,95.62,95.62,95.62,97.05,1
8/20/2012,94.79,94.79,94.79,96.17,1
8/21/2012,94.77,94.77,94.77,96.13,1
8/22/2012,93.54,93.54,93.54,94.9,1
8/23/2012,92.52,92.52,92.52,93.85,1
8/24/2012,91.53,91.53,91.53,92.83,1
8/27/2012,92.21,92.21,92.21,93.5,1
8/28/2012,92.69,92.69,92.69,94.02,1
8/29/2012,93.49,93.49,93.49,94.82,1
8/30/2012,93.43,93.43,93.43,94.78,1
8/31/2012,92.97,92.97,92.97,94.35,1
9/4/2012,92.08,92.08,92.08,93.4,1
9/5/2012,91.91,91.91,91.91,93.22,1
9/6/2012,92.15,92.15,92.15,93.42,1
9/7/2012,92.36,92.36,92.36,93.7,1
9/10/2012,92.38,92.38,92.38,93.68,1
9/11/2012,92.42,92.42,92.42,93.73,1
9/12/2012,94.14,94.14,94.14,95.47,1
9/13/2012,93.25,93.25,93.25,94.63,1
9/14/2012,93.05,93.05,93.05,94.31,1
9/17/2012,92.19,92.19,92.19,93.46,1
9/18/2012,91.26,91.26,91.26,92.53,1
9/19/2012,90.69,90.69,90.69,91.98,1
9/20/2012,89.08,89.08,89.08,90.28,1
9/21/2012,89.15,89.15,89.15,90.35,1
9/24/2012,87.98,87.98,87.98,89.15,1
9/25/2012,87.93,87.93,87.93,89.08,1
9/26/2012,87.55,87.55,87.55,88.71,1
9/27/2012,87.17,87.17,87.17,88.3,1
9/28/2012,86.53,86.53,86.53,87.64,1
10/1/2012,87.03,87.03,87.03,88.16,1
10/2/2012,86.73,86.73,86.73,87.86,1
10/3/2012,87.98,87.98,87.98,89.53,1
10/4/2012,86.64,86.64,86.64,88.12,1
10/5/2012,87.21,87.21,87.21,88.68,1
10/8/2012,87.17,87.17,87.17,87.17,1
10/9/2012,87.19,87.19,87.19,87.19,1
10/10/2012,86.65,86.65,86.65,86.65,1
10/11/2012,85.81,85.81,85.81,85.81,1
10/12/2012,85.66,85.66,85.66,85.66,1
10/15/2012,85.59,85.59,85.59,85.59,1
10/16/2012,87.74,87.74,87.74,87.74,1
10/17/2012,88.5,88.5,88.5,88.5,1
10/18/2012,89.69,89.69,89.69,89.69,1
10/19/2012,89.33,89.33,89.33,89.33,1
10/22/2012,88.51,88.51,88.51,88.51,1
10/23/2012,88.47,88.47,88.47,88.47,1
10/24/2012,88.39,88.39,88.39,88.39,1
10/25/2012,89.09,89.09,89.09,89.09,1
10/26/2012,87.9,87.9,87.9,87.9,1
10/31/2012,88.01,88.01,88.01,88.01,1
11/1/2012,87.91,87.91,87.91,87.91,1
11/2/2012,88.21,88.21,88.21,88.21,1
11/5/2012,87.68,87.68,87.68,87.68,1
11/6/2012,87.05,87.05,87.05,87.05,1
11/7/2012,85.89,85.89,85.89,85.89,1
11/8/2012,83.57,83.57,83.57,83.57,1
11/9/2012,84.01,84.01,84.01,84.01,1
11/12/2012,83.97,83.97,83.97,83.97,1
11/13/2012,83.94,83.94,83.94,83.94,1
11/14/2012,84.45,84.45,84.45,84.45,1
11/15/2012,84.47,84.47,84.47,84.47,1
11/16/2012,84.25,84.25,84.25,84.25,1
11/19/2012,84.41,84.41,84.41,84.41,1
11/20/2012,84.65,84.65,84.65,84.65,1
11/21/2012,85.19,85.19,85.19,85.19,1
11/23/2012,85.53,85.53,85.53,85.53,1
11/26/2012,84.62,84.62,84.62,84.62,1
11/27/2012,84.07,84.07,84.07,84.07,1
11/28/2012,83.51,83.51,83.51,83.51,1
11/29/2012,83.97,83.97,83.97,83.97,1
11/30/2012,83.49,83.49,83.49,83.49,1
12/3/2012,83.54,83.54,83.54,83.54,1
12/4/2012,82.34,82.34,82.34,82.34,1
12/5/2012,82.38,82.38,82.38,82.38,1
12/6/2012,81.87,81.87,81.87,81.87,1
12/7/2012,81.84,81.84,81.84,81.84,1
12/10/2012,81.76,81.76,81.76,81.76,1
12/11/2012,81.51,81.51,81.51,81.51,1
12/12/2012,81.83,81.83,81.83,81.83,1
12/13/2012,82.54,82.54,82.54,82.54,1
12/14/2012,82.77,82.77,82.77,82.77,1
12/17/2012,84.02,84.02,84.02,84.02,1
12/18/2012,85.98,85.98,85.98,85.98,1
12/19/2012,85.14,85.14,85.14,85.14,1
12/20/2012,84.27,84.27,84.27,84.27,1
12/21/2012,84.1,84.1,84.1,84.1,1
12/24/2012,82.4,82.4,82.4,82.4,1
12/26/2012,82.4,82.4,82.39,82.39,1
12/27/2012,82.27,82.27,82.27,82.27,1
12/28/2012,82.26,82.26,82.26,82.26,1
12/31/2012,82.48,82.48,82.48,82.48,1
1/2/2013,83.55,83.55,83.55,83.55,1
1/3/2013,83.03,83.03,83.03,83.03,1
1/4/2013,82.95,82.95,82.95,82.95,1
1/7/2013,82.51,82.51,82.51,82.51,1
1/8/2013,82.41,82.41,82.41,82.41,1
1/9/2013,82.06,82.06,82.06,82.06,1
1/10/2013,82.67,82.67,82.67,82.67,1
1/11/2013,82.41,82.41,82.41,82.41,1
1/14/2013,83.46,83.46,83.46,83.46,1
1/15/2013,80.61,80.61,80.61,80.61,1
1/16/2013,80.72,80.72,80.72,80.72,1
1/17/2013,81.69,81.69,81.69,81.69,1
1/18/2013,81.9,81.9,81.9,81.9,1
1/22/2013,82.32,82.32,82.32,82.32,1
1/23/2013,82.35,82.35,82.35,82.35,1
1/24/2013,82.68,82.68,82.68,82.68,1
1/25/2013,83.76,83.76,83.76,83.76,1
1/28/2013,84.81,84.81,84.81,84.81,1
1/29/2013,84.3,84.3,84.3,84.3,1
1/30/2013,84.73,84.73,84.73,84.73,1
1/31/2013,84.41,84.41,84.41,84.41,1
2/1/2013,84.94,84.94,84.94,84.94,1
2/4/2013,85.74,85.74,85.74,85.74,1
2/5/2013,85.95,85.95,85.95,85.95,1
2/6/2013,86.15,86.15,86.15,86.15,1
2/7/2013,84.9,84.9,84.9,84.9,1
2/8/2013,84.94,84.94,84.94,84.94,1
2/11/2013,84.45,84.45,84.45,84.45,1
2/12/2013,84.52,84.52,84.52,84.52,1
2/13/2013,85.1,85.1,85.1,85.1,1
2/14/2013,84.88,84.88,84.88,84.88,1
2/15/2013,84.88,84.88,84.88,84.45,1
2/19/2013,83.14,83.24,83.07,83.23,1
2/20/2013,83.38,83.39,83.11,83.13,1
2/21/2013,83.14,83.16,82.98,82.99,1
2/22/2013,82.99,83.16,82.98,83.14,1
2/25/2013,83.37,83.4,83.23,83.26,1
2/26/2013,83.03,85.33,83.01,85.31,1
2/27/2013,85.12,85.31,84.8,85.3,1
2/28/2013,85.31,85.32,84.81,85.3,1
3/1/2013,82.98,83.19,82.97,83.08,1
3/4/2013,82.89,82.99,82.73,82.83,1
3/5/2013,82.82,82.99,82.71,82.97,1
3/6/2013,83.37,83.37,83.05,83.07,1
3/7/2013,83.74,84.33,83.73,83.84,1
3/8/2013,84.71,84.81,83.83,84.27,1
3/11/2013,84.13,84.13,83.96,84.11,1
3/12/2013,83.97,84.42,83.82,84.07,1
3/13/2013,83.98,84.48,83.96,84.33,1
3/14/2013,84.41,84.58,84.4,84.57,1
3/15/2013,84.33,84.48,84.21,84.22,1
3/18/2013,84.24,84.25,84.22,84.23,1
3/19/2013,84.34,84.36,84.2,84.22,1
3/20/2013,84.36,85.65,84.35,85.64,1
3/21/2013,85.54,85.56,85.28,85.29,1
3/22/2013,85.29,85.31,85.13,85.14,1
3/25/2013,85,85,84.82,84.83,1
3/26/2013,84.44,84.55,84.2,84.35,1
3/27/2013,84.27,84.32,84.05,84.16,1
3/28/2013,84.16,84.17,84.05,84.06,1
4/1/2013,84.06,84.08,83.85,83.88,1
4/2/2013,83.87,83.92,83.85,83.92,1
4/3/2013,83.56,83.58,83.26,83.28,1
4/4/2013,80.89,80.89,80.72,80.74,1
4/5/2013,80.2,80.22,79.8,80.01,1
4/8/2013,80.05,80.16,80.04,80.15,1
4/9/2013,80.1,80.11,79.59,79.76,1
4/10/2013,79.95,80.25,79.93,80.23,1
4/11/2013,79.94,79.96,79.58,79.59,1
4/12/2013,79.41,79.44,79.31,79.34,1
4/15/2013,79.13,79.14,77.55,77.58,1
4/16/2013,77.76,78.1,77.75,78.04,1
4/17/2013,78.04,78.06,77.69,77.71,1
4/18/2013,77.64,77.66,77.63,77.64,1
4/19/2013,77.64,77.72,77.35,77.67,1
4/22/2013,77.67,77.68,77.61,77.62,1
4/23/2013,77.38,77.68,77.36,77.41,1
4/24/2013,77.62,77.63,77.21,77.32,1
4/25/2013,77.32,77.33,77.21,77.29,1
4/26/2013,76.89,77.05,76.84,76.86,1
4/29/2013,76.86,76.9,76.84,76.88,1
4/30/2013,76.89,77.09,76.86,77.07,1
5/1/2013,77.15,77.16,76.82,76.84,1
5/2/2013,76.88,77.05,76.87,76.9,1
5/3/2013,77.42,77.77,77.4,77.57,1
5/6/2013,77.71,77.86,77.69,77.81,1
5/7/2013,77.89,77.91,77.84,77.85,1
5/8/2013,77.9,77.91,77.59,77.6,1
5/9/2013,77.77,78.03,77.51,78.02,1
5/10/2013,78.07,78.18,77.95,78.16,1
5/13/2013,79.11,79.35,79.11,79.34,1
5/14/2013,79.29,79.98,79.27,79.96,1
5/15/2013,81.08,81.24,81.05,81.23,1
5/16/2013,81.22,81.25,80.52,80.8,1
5/17/2013,80.77,81.72,80.77,81.7,1
5/20/2013,81.61,82.12,81.45,81.47,1
5/21/2013,81.45,81.67,81.35,81.47,1
5/22/2013,81.23,82.35,81.18,82.19,1
5/23/2013,82,82.7,81.98,82.68,1
5/24/2013,82.48,82.6,82.09,82.59,1
5/28/2013,82.96,85.27,82.96,85.27,1
5/29/2013,85.26,86.01,85.25,85.99,1
5/30/2013,90.74,91.49,90.73,91.34,1
5/31/2013,91.49,92.03,91.47,92.02,1
6/3/2013,93.62,93.87,93.12,93.52,1
6/4/2013,94.2,94.21,93.71,94.09,1
6/5/2013,93.95,93.97,93.46,93.52,1
6/6/2013,93.81,93.83,92.59,92.89,1
6/7/2013,92.74,93.62,92.73,93.47,1
6/10/2013,94.05,94.15,94.03,94.14,1
6/11/2013,94.77,95.22,94.47,94.49,1
6/12/2013,95.98,96.25,95.84,96.23,1
6/13/2013,95.37,95.39,95.26,95.29,1
6/14/2013,94.42,94.42,93.81,94.07,1
6/17/2013,94.07,94.51,93.95,94.4,1
6/18/2013,93.37,93.63,93.36,93.51,1
6/19/2013,93.23,95.3,93.21,95.28,1
6/20/2013,101.03,101.76,100.54,101.75,1
6/21/2013,101.22,102.47,101.21,102.46,1
6/24/2013,108.61,112.38,108.6,109.8,1
6/25/2013,108.85,109.81,108.83,109.58,1
6/26/2013,109,109.02,108.47,109.01,1
6/27/2013,108.06,108.07,103.69,103.71,1
6/28/2013,104.33,104.67,104.17,104.34,1
7/1/2013,104.66,104.9,104.41,104.9,1
7/2/2013,104.56,104.86,104.55,104.74,1
7/3/2013,104.74,105.38,104.74,105.37,1
7/5/2013,106.31,107.49,106.3,107.48,1
7/8/2013,107.71,107.73,107.14,107.16,1
7/9/2013,106.78,106.79,106.3,106.41,1
7/10/2013,106.31,106.66,105.92,106.46,1
7/11/2013,105.83,105.85,105.35,105.83,1
7/12/2013,104.89,105.62,104.88,105.61,1
7/15/2013,105.83,105.85,105.58,105.6,1
7/16/2013,105.6,105.62,103.88,104.21,1
7/17/2013,103.07,103.08,102.43,103.02,1
7/18/2013,102.08,102.7,102.05,102.2,1
7/19/2013,102.12,102.13,101.81,102.11,1
7/22/2013,102.11,102.12,101.4,101.48,1
7/23/2013,99.39,100.25,99.37,100.11,1
7/24/2013,100.23,100.82,100.23,100.82,1
7/25/2013,101.19,101.46,100.57,100.59,1
7/26/2013,100.11,100.82,100.1,100.63,1
7/29/2013,101.72,102.41,101.71,102.12,1
7/30/2013,102.1,102.21,101.9,101.96,1
7/31/2013,103.48,103.49,102,102.02,1
8/1/2013,102.83,103.74,102.81,103.74,1
8/2/2013,102.13,102.24,101.4,101.42,1
8/5/2013,101.99,102.24,101.84,101.84,1
8/6/2013,101.99,102,101.88,101.9,1
8/7/2013,101.75,101.77,101.11,101.13,1
8/8/2013,100.97,100.99,100.45,100.75,1
8/9/2013,100.98,100.99,100.24,100.26,1
8/12/2013,100.26,100.41,100.15,100.4,1
8/13/2013,101.45,101.66,101.2,101.5,1
8/14/2013,101.69,101.8,101.44,101.79,1
8/15/2013,103.2,104.7,103.05,104.11,1
8/16/2013,104.1,104.64,104.09,104.62,1
8/19/2013,105.96,106.38,105.88,106.36,1
8/20/2013,106,106.6,105.99,106.4,1
8/21/2013,106.23,107.13,106.23,107.11,1
8/22/2013,108.75,109.16,108.64,108.86,1
8/23/2013,108.76,108.91,107.99,108.18,1
8/26/2013,107.87,107.9,107.77,107.79,1
8/27/2013,106.45,106.48,105.4,105.51,1
8/28/2013,105.9,107.12,105.89,106.85,1
8/29/2013,107.99,107.99,107.13,107.14,1
8/30/2013,107.38,108.12,107.37,108.1,1
9/3/2013,108.58,110.5,108.58,109.77,1
9/4/2013,111.07,111.11,111.07,111.09,1
9/5/2013,112.17,113.13,112.15,112.3,1
9/6/2013,111.76,111.78,110.57,111.39,1
9/9/2013,111.05,111.31,111.04,111.28,1
9/10/2013,111.53,112.06,111.51,112.03,1
9/11/2013,111.43,111.44,111.08,111.19,1
9/12/2013,110.85,110.85,110.32,110.75,1
9/13/2013,110.24,110.34,110.23,110.29,1
9/16/2013,108.83,108.83,105.46,106.44,1
9/17/2013,106.65,106.65,106.39,106.44,1
9/18/2013,106.21,106.39,103.41,103.66,1
9/19/2013,101.23,101.24,100.1,100.3,1
9/20/2013,100.26,100.37,99.67,99.67,1
9/23/2013,99.33,99.34,98.79,98.8,1
9/24/2013,98.3,98.45,98.14,98.15,1
9/25/2013,98.28,98.31,98.27,98.27,1
9/26/2013,98.61,99.44,98.6,99.42,1
9/27/2013,99.33,99.44,99.03,99.04,1
9/30/2013,99.04,99.2,98.94,99.19,1
10/1/2013,100.89,101.13,100.85,101.01,1
10/2/2013,100.72,100.74,100.52,100.52,1
10/3/2013,99.89,99.89,99.47,99.49,1
10/4/2013,99.12,99.24,99.06,99.06,1
10/7/2013,99.15,99.16,98.99,99.01,1
10/8/2013,99.34,99.36,99.23,99.26,1
10/9/2013,99.24,99.26,99.09,99.25,1
10/10/2013,99.27,99.62,99.12,99.14,1
10/11/2013,98.73,98.75,98.48,98.5,1
10/14/2013,98.29,98.29,98.28,98.28,1
10/15/2013,98.51,99.24,98.49,99.23,1
10/16/2013,99.24,99.34,98.49,98.5,1
10/17/2013,97.4,97.56,96.81,96.82,1
10/18/2013,95.8,96.2,95.7,96.1,1
10/21/2013,96.09,96.2,95.88,95.89,1
10/22/2013,95.37,95.37,94.35,94.49,1
10/23/2013,92.26,92.28,91.97,92.13,1
10/24/2013,92.13,92.62,92.11,92.61,1
10/25/2013,92.51,92.52,91.86,91.87,1
10/28/2013,92.02,92.04,92.01,92.02,1
10/29/2013,91.73,91.74,91.52,91.68,1
10/30/2013,91.69,91.7,89.87,90.13,1
10/31/2013,90.09,90.64,90.07,90.62,1
11/1/2013,91.11,91.95,91.09,91.93,1
11/4/2013,94.4,94.65,94.3,94.64,1
11/5/2013,94.53,95.26,94.51,95.22,1
11/6/2013,94.59,94.66,94.39,94.65,1
11/7/2013,95.03,95.05,94.64,94.69,1
11/8/2013,96,96.3,95.98,96.29,1
11/11/2013,,,,96.29,1
11/12/2013,97.92,98.03,97.76,97.79,1
11/13/2013,97.7,97.72,97.26,97.26,1
11/14/2013,96.75,96.76,96.14,96.15,1
11/15/2013,94.09,94.17,94,94.01,1
11/18/2013,93.28,93.29,92.07,92.09,1
11/19/2013,92.15,92.55,92.14,92.44,1
11/20/2013,92.49,93.08,92.32,93.06,1
11/21/2013,93.65,95.15,93.64,94.87,1
11/22/2013,94.47,94.54,94.23,94.51,1
11/25/2013,94.72,94.75,94.57,94.73,1
11/26/2013,94.93,94.96,94.89,94.95,1
11/27/2013,95.67,95.68,95.17,95.19,1
11/29/2013,95.33,95.34,95.31,95.32,1
12/2/2013,97.35,97.6,97.33,97.59,1
12/3/2013,97.69,97.84,97.67,97.83,1
12/4/2013,99.65,99.66,99.53,99.64,1
12/5/2013,99.8,99.8,99.15,99.31,1
12/6/2013,98.91,98.93,98.18,98.74,1
12/9/2013,98.63,98.65,98.32,98.44,1
12/10/2013,98.06,98.45,97.75,97.87,1
12/11/2013,98.09,98.21,97.55,97.95,1
12/12/2013,97.39,97.97,97.28,97.39,1
12/13/2013,96.91,97.06,96.89,97.05,1
12/16/2013,96.91,97.02,96.74,96.99,1
12/17/2013,96.6,96.62,96.4,96.42,1
12/18/2013,96.75,96.91,96.15,96.18,1
12/19/2013,96.9,97.25,96.39,96.41,1
12/20/2013,96.89,96.91,96.16,96.26,1
12/23/2013,96.67,96.67,96.15,96.5,1
12/24/2013,96.41,96.42,96.39,96.41,1
12/26/2013,96.65,96.9,96.5,96.51,1
12/27/2013,96.02,96.03,95.87,95.91,1
12/30/2013,95.81,95.97,95.75,95.78,1
12/31/2013,96.17,96.27,96.14,96.25,1
1/2/2014,96.25,96.27,95.51,95.53,1
1/3/2014,95.61,95.63,95.16,95.18,1
1/6/2014,95.34,95.34,94.78,94.79,1
1/7/2014,94.68,94.7,94.5,94.51,1
1/8/2014,92.27,92.39,92.26,92.37,1
1/9/2014,92.49,92.51,92.19,92.3,1
1/10/2014,91.37,91.38,90.46,90.67,1
1/13/2014,89.03,89.05,88.73,88.75,1
1/14/2014,88.77,89.31,88.7,89.21,1
1/15/2014,89.49,89.74,88.99,88.99,1
1/16/2014,88.76,88.87,88.51,88.74,1
1/17/2014,88.5,88.67,88.5,88.64,1
1/21/2014,88.54,88.65,88.52,88.53,1
1/22/2014,88.93,88.94,88.67,88.68,1
1/23/2014,88.35,88.35,88.18,88.19,1
1/24/2014,88.19,88.21,87.93,87.95,1
1/27/2014,87.44,87.66,87.42,87.64,1
1/28/2014,87.89,88.44,87.87,88.04,1
1/29/2014,88.03,88.15,87.48,87.72,1
1/30/2014,88.21,88.33,88.2,88.31,1
1/31/2014,88.51,88.77,88.5,88.56,1
2/3/2014,88.85,88.87,88.36,88.47,1
2/4/2014,90.73,91.09,90.72,91.09,1
2/5/2014,90.98,91.48,90.97,91.48,1
2/6/2014,91.99,92.06,91.64,91.75,1
2/7/2014,91.4,91.42,90.9,90.91,1
2/10/2014,90.81,90.84,90.8,90.83,1
2/11/2014,89.4,89.8,89.23,89.24,1
2/12/2014,89.39,89.65,89.18,89.23,1
2/13/2014,88.8,88.81,88.54,88.77,1
2/14/2014,88.75,88.75,87.89,87.9,1
2/18/2014,87.66,87.68,87.65,87.65,1
2/19/2014,87.41,87.92,87.4,87.91,1
2/20/2014,87.91,87.93,87.89,87.9,1
2/21/2014,87.81,87.83,87.2,87.22,1
2/24/2014,87.31,87.33,87.29,87.31,1
2/25/2014,86.61,87.22,86.61,86.67,1
2/26/2014,84.55,85.39,84.55,84.63,1
2/27/2014,84.82,85.08,84.76,84.78,1
2/28/2014,85.02,85.41,84.9,84.92,1
3/3/2014,84.77,85.08,84.75,84.97,1
3/4/2014,86.11,86.8,86.08,86.79,1
3/5/2014,86.98,87,86.48,86.5,1
3/6/2014,86.72,86.85,86.57,86.58,1
3/7/2014,86.93,86.95,86.67,86.68,1
3/10/2014,86.48,86.5,85.74,85.88,1
3/11/2014,85.84,85.84,85.48,85.49,1
3/12/2014,85.35,85.59,85.19,85.38,1
3/13/2014,85.62,85.73,85.32,85.35,1
3/14/2014,85.28,85.59,85.27,85.59,1
3/17/2014,85.54,85.64,85.41,85.43,1
3/18/2014,85.33,85.35,85.31,85.33,1
3/19/2014,85.34,86.62,85.33,85.92,1
3/20/2014,86.11,86.13,85.61,85.62,1
3/21/2014,85.13,85.15,84.58,84.85,1
3/24/2014,85.13,85.16,84.83,84.83,1
3/25/2014,84.62,84.64,84.46,84.46,1
3/26/2014,84.43,84.44,83.84,84.22,1
3/27/2014,84.22,84.33,83.91,83.91,1
3/28/2014,83.82,84.23,83.78,84.13,1
3/31/2014,84.28,84.29,83.76,83.8,1
4/1/2014,83.83,83.89,83.81,83.88,1
4/2/2014,83.17,83.18,82.76,82.76,1
4/3/2014,82.77,83.57,82.46,82.46,1
4/4/2014,81.96,81.97,81.71,81.73,1
4/7/2014,80.16,80.17,79.49,79.6,1
4/8/2014,78.94,78.96,78.74,78.74,1
4/9/2014,78.32,78.32,77.8,77.95,1
4/10/2014,77.59,77.64,77.12,77.48,1
4/11/2014,77.38,77.5,77.37,77.49,1
4/14/2014,77.38,77.85,77.37,77.83,1
4/15/2014,78.48,78.5,78.27,78.28,1
4/16/2014,78.33,78.5,78.32,78.33,1
4/17/2014,78.48,78.84,78.46,78.82,1
4/21/2014,78.82,78.84,78.57,78.67,1
4/22/2014,78.82,78.84,78.57,78.67,1
4/23/2014,78.58,78.6,78.41,78.42,1
4/24/2014,78.68,78.69,78.37,78.37,1
4/25/2014,78.17,78.2,78.07,78.09,1
4/28/2014,78.33,78.4,78.33,78.38,1
4/29/2014,79.79,79.79,79.62,79.64,1
4/30/2014,79.82,79.83,79.3,79.61,1
5/1/2014,79.66,79.73,79.45,79.73,1
5/2/2014,79.46,79.47,79.05,79.06,1
5/5/2014,79.07,79.53,79.05,79.52,1
5/6/2014,79.42,79.49,79.4,79.47,1
5/7/2014,79.56,79.73,79.45,79.47,1
5/8/2014,79.46,79.88,79.31,79.67,1
5/9/2014,79.47,79.48,79.45,79.46,1
5/12/2014,79.45,79.56,79.43,79.54,1
5/13/2014,79.54,79.56,79.43,79.45,1
5/14/2014,79.36,79.52,79.34,79.51,1
5/15/2014,79.51,80.12,79.49,80.11,1
5/19/2014,80.77,80.88,80.76,80.87,1
5/20/2014,81.33,81.35,80.83,80.93,1
5/21/2014,80.7,80.97,80.69,80.96,1
5/22/2014,81.18,81.2,81.12,81.19,1
5/23/2014,80.64,80.85,80.57,80.58,1
5/27/2014,80.78,80.8,80.52,80.54,1
5/28/2014,80.29,80.71,80.28,80.68,1
5/29/2014,80.61,80.97,80.6,80.96,1
5/30/2014,81.15,81.57,81.14,81.2,1
6/2/2014,81.79,82.06,81.79,82.04,1
6/3/2014,83.48,83.62,83.26,83.62,1
6/4/2014,83.44,83.86,83.44,83.74,1
6/5/2014,83.84,83.86,83.43,83.44,1
6/6/2014,82.71,82.96,82.43,82.95,1
6/9/2014,83.09,83.3,82.93,82.95,1
6/10/2014,81.81,81.82,81.16,81.27,1
6/11/2014,81.05,81.06,80.54,80.65,1
6/12/2014,80.15,80.17,80.04,80.05,1
6/13/2014,79.54,80.06,79.54,79.79,1
6/16/2014,79.9,79.92,79.54,79.56,1
6/17/2014,79.69,79.81,79.69,79.74,1
6/18/2014,79.11,79.11,78.74,78.75,1
6/19/2014,78.04,78.24,77.87,78.24,1
6/20/2014,78.22,78.29,77.87,77.93,1
6/23/2014,77.93,78.12,77.92,78.1,1
6/24/2014,78.14,78.2,77.97,77.99,1
6/25/2014,77.69,77.7,77.57,77.58,1
6/26/2014,77.18,77.2,76.87,76.88,1
6/27/2014,76.31,76.33,76.3,76.31,1
6/30/2014,76.32,76.33,76.11,76.27,1
7/1/2014,76.76,77.03,76.75,77.01,1
7/2/2014,77.26,77.67,77.26,77.66,1
7/3/2014,77.67,77.78,77.65,77.76,1
7/7/2014,77.75,77.78,77.75,77.76,1
7/8/2014,77.27,77.28,77,77.02,1
7/9/2014,77.02,77.18,76.9,76.93,1
7/10/2014,76.73,76.88,76.71,76.86,1
7/11/2014,76.77,76.83,76.76,76.83,1
7/14/2014,76.81,77.03,76.8,77.02,1
7/15/2014,76.82,76.83,76.8,76.82,1
7/16/2014,76.8,76.83,76.7,76.71,1
7/17/2014,76.56,76.73,76.55,76.58,1
7/18/2014,76.82,76.98,76.81,76.97,1
7/21/2014,78.92,78.93,78.85,78.87,1
7/22/2014,77.21,77.4,77.21,77.38,1
7/23/2014,77.39,77.41,77.28,77.29,1
7/24/2014,77.53,77.55,77.42,77.43,1
7/25/2014,77.44,77.66,77.38,77.64,1
7/28/2014,77.74,77.75,77.73,77.74,1
7/29/2014,77.75,78.02,77.59,78.01,1
7/30/2014,79.01,80.03,79,79.91,1
7/31/2014,80.26,80.27,79.7,79.77,1
8/1/2014,79.91,79.92,79.35,79.37,1
8/4/2014,79.37,79.68,79.35,79.42,1
8/5/2014,79.42,79.57,79.4,79.56,1
8/6/2014,79.56,80.12,79.4,80.08,1
8/7/2014,79.92,80.32,79.65,80.31,1
8/8/2014,80.81,80.92,80.8,80.91,1
8/11/2014,80.91,81.06,80.89,80.92,1
8/12/2014,81.2,81.3,81.18,81.29,1
8/13/2014,81.23,81.58,81.22,81.56,1
8/14/2014,81.82,82.17,81.8,82.06,1
8/15/2014,82.07,82.62,81.9,82.42,1
8/18/2014,82.71,82.82,82.7,82.8,1
8/19/2014,82.42,83.06,82.42,83.03,1
8/20/2014,83.14,83.15,82.68,82.92,1
8/21/2014,82.94,82.95,82.43,82.44,1
8/22/2014,82.29,82.3,81.7,81.79,1
8/25/2014,81.8,81.8,81.68,81.69,1
8/26/2014,81.7,81.7,80.84,80.95,1
8/27/2014,81.06,81.46,81.04,81.45,1
8/28/2014,81.44,81.8,81.44,81.8,1
8/29/2014,80.37,81.02,80.35,80.77,1
9/2/2014,81.25,81.87,81.25,81.81,1
9/3/2014,82.04,82.06,81.63,81.64,1
9/4/2014,81.79,81.81,81.74,81.75,1
9/5/2014,81.56,81.63,81.35,81.46,1
9/8/2014,81.46,81.74,81.41,81.72,1
9/9/2014,82.06,82.08,81.86,81.98,1
9/10/2014,82.06,82.12,81.95,82.12,1
9/11/2014,82.02,82.03,81.8,81.81,1
9/12/2014,82.17,82.39,82.13,82.38,1
9/15/2014,82.37,82.59,82.37,82.41,1
9/16/2014,82.65,82.91,82.64,82.75,1
9/17/2014,82.55,82.81,82.24,82.81,1
9/18/2014,82.49,82.66,82.49,82.54,1
9/19/2014,82.34,82.37,82.33,82.37,1
9/22/2014,82.03,82.03,82,82.02,1
9/23/2014,81.92,81.93,81.71,81.72,1
9/24/2014,81.92,82.28,81.91,82.27,1
9/25/2014,82.02,82.03,82,82.02,1
9/26/2014,82.01,82.88,82,82.86,1
9/29/2014,82.3,82.4,82.27,82.39,1
9/30/2014,82.58,82.65,82.57,82.65,1
10/1/2014,82.92,82.96,82.89,82.95,1
10/2/2014,82.41,82.78,82.4,82.76,1
10/3/2014,82.43,82.58,82.41,82.56,1
10/6/2014,82.52,82.63,82.36,82.37,1
10/7/2014,82.36,82.38,82.08,82.22,1
10/8/2014,82.37,82.5,81.97,81.99,1
10/9/2014,82.08,82.64,82.07,82.63,1
10/10/2014,82.65,82.68,82.58,82.59,1
10/14/2014,83.32,83.52,83.3,83.5,1
10/15/2014,85.68,92.6,85.65,89.95,1
10/16/2014,91.06,91.07,89,89.01,1
10/17/2014,86.5,88.88,86.49,88.67,1
10/20/2014,88.65,88.66,87.71,87.82,1
10/21/2014,86.44,86.99,86.42,86.98,1
10/22/2014,87.13,87.24,86.72,86.73,1
10/23/2014,87.67,88.18,87.66,88.16,1
10/24/2014,88.16,88.18,87.86,87.93,1
10/27/2014,87.97,87.97,87.03,87.52,1
10/28/2014,87.43,87.45,86.73,86.74,1
10/29/2014,86.32,86.33,85.81,85.82,1
10/30/2014,85.27,85.28,84.11,84.14,1
10/31/2014,84.02,84.03,83.6,83.61,1
11/3/2014,83.77,83.78,83.53,83.53,1
11/4/2014,83.44,83.77,83.43,83.72,1
11/5/2014,83.8,83.85,83.78,83.8,1
11/6/2014,84.16,84.2,84.05,84.17,1
11/7/2014,83.27,83.47,83.25,83.38,1
11/10/2014,83.51,83.53,83.5,83.52,1
11/12/2014,82.79,82.82,82.78,82.81,1
11/13/2014,82.4,82.72,82.39,82.65,1
11/14/2014,82.35,82.79,82.31,82.72,1
11/17/2014,82.72,83.08,82.71,83.08,1
11/18/2014,83.01,83.03,82.8,82.82,1
11/19/2014,82.98,82.99,82.95,82.97,1
11/20/2014,82.91,82.98,82.9,82.97,1
11/21/2014,82.87,82.88,82.55,82.56,1
11/24/2014,81.87,81.87,81.79,81.79,1
11/25/2014,81.81,81.84,81.77,81.83,1
11/26/2014,81.94,81.94,81.91,81.92,1
11/28/2014,81.91,81.93,81.9,81.91,1
12/1/2014,82.4,82.98,82.39,82.87,1
12/2/2014,82.93,83.25,82.93,83.24,1
12/3/2014,83.38,83.41,82.93,82.93,1
12/4/2014,82.98,82.99,82.57,82.67,1
12/5/2014,82.64,83.23,82.62,82.63,1
12/8/2014,82.88,83.04,82.66,82.76,1
12/9/2014,82.76,82.97,82.74,82.94,1
12/10/2014,82.96,83.1,82.93,83.08,1
12/11/2014,83.75,84.45,83.74,84.38,1
12/12/2014,84.38,85.21,84.37,85.01,1
12/15/2014,85.02,86.27,84.99,86.26,1
12/16/2014,86.96,87.13,86.95,86.97,1
12/17/2014,86.98,87,86.59,86.61,1
12/18/2014,86.04,86.42,86.01,86.41,1
12/19/2014,86.26,86.26,86.07,86.09,1
12/22/2014,86.09,86.1,86.07,86.08,1
12/23/2014,85.83,85.84,85.47,85.5,1
12/24/2014,85.52,85.53,85.49,85.5,1
12/26/2014,85.5,85.52,85.49,85.51,1
12/29/2014,85.48,85.5,85.47,85.48,1
12/30/2014,85.46,85.48,84.77,84.78,1
12/31/2014,84.77,84.79,84.76,84.79,1
1/2/2015,83.98,83.99,83.85,83.85,1
1/5/2015,83.71,84.23,83.71,84.22,1
1/6/2015,84.6,85.73,84.53,85.55,1
1/7/2015,85.52,85.92,85.51,85.91,1
1/8/2015,85.89,86.3,85.88,86.29,1
1/9/2015,86.05,86.18,85.65,85.96,1
1/12/2015,86.15,87.89,86.13,87.81,1
1/13/2015,88.79,89.15,88.63,89.01,1
1/14/2015,89.18,89.77,89.17,89.58,1
1/15/2015,90.08,91.57,90.01,91.46,1
1/16/2015,92.72,92.72,91.79,91.83,1
1/20/2015,91.78,92.55,91.74,92.52,1
1/21/2015,91.75,91.79,90.95,91.15,1
1/22/2015,89.22,89.28,89.14,89.15,1
1/23/2015,89.1,89.37,89.09,89.32,1
1/26/2015,89.09,89.14,88.11,88.33,1
1/27/2015,88.27,88.31,86.21,86.61,1
1/28/2015,86.11,86.37,86.1,86.27,1
1/29/2015,86.17,86.19,86.13,86.16,1
1/30/2015,86.16,86.47,86.14,86.3,1
2/2/2015,86.33,86.35,86.25,86.3,1
2/3/2015,86.98,88.65,86.98,88.65,1
2/4/2015,88.69,88.71,88.38,88.4,1
2/5/2015,88.42,88.92,88.23,88.67,1
2/6/2015,88,88.54,87.99,88.23,1
2/9/2015,88.27,89.68,88.25,89.65,1
2/10/2015,89.29,89.37,89.14,89.34,1
2/11/2015,89.06,89.07,88.88,88.91,1
2/12/2015,88.53,88.53,88.21,88.43,1
2/13/2015,87.84,87.85,87.67,87.69,1
2/17/2015,88.18,88.48,88.17,88.47,1
2/18/2015,88.7,88.96,88.66,88.69,1
2/19/2015,89.97,91.38,89.97,91.06,1
2/20/2015,91.31,91.32,91.03,91.22,1
2/23/2015,91.21,91.31,91.18,91.19,1
2/24/2015,90.95,90.97,90.65,90.77,1
2/25/2015,90.81,90.83,90.49,90.5,1
2/26/2015,90.11,90.39,90.09,90.39,1
2/27/2015,90.32,90.34,90.3,90.31,1
3/2/2015,90.32,90.56,90.31,90.54,1
3/3/2015,90.69,90.7,90.53,90.64,1
3/4/2015,90.49,90.5,90.16,90.33,1
3/5/2015,90.03,90.06,90.02,90.03,1
3/6/2015,89.93,90.11,89.74,89.78,1
3/9/2015,89.74,89.75,89.58,89.68,1
3/10/2015,89.61,89.71,89.54,89.56,1
3/11/2015,89.71,89.81,89.68,89.79,1
3/12/2015,89.76,90.36,89.75,90.34,1
3/13/2015,90.36,91.01,90.36,91.01,1
3/16/2015,90.98,91,90.79,90.82,1
3/17/2015,91.03,91.2,91.02,91.12,1
3/18/2015,91.29,91.31,91.11,91.15,1
3/19/2015,91.49,92.12,91.49,92.09,1
3/20/2015,92.03,92.33,91.73,91.75,1
3/23/2015,91.74,93.18,91.72,93.12,1
3/24/2015,92.98,93,92.8,92.82,1
3/25/2015,93.03,93.2,93.02,93.2,1
3/26/2015,93.26,93.38,92.99,93.01,1
3/27/2015,92.08,92.18,92.04,92.15,1
3/30/2015,92.15,92.2,91.92,91.93,1
3/31/2015,91.75,91.77,91.62,91.63,1
4/1/2015,91.73,91.74,91.7,91.71,1
4/2/2015,91.62,91.82,91.62,91.82,1
4/6/2015,91.47,91.49,91.29,91.32,1
4/7/2015,91.12,91.13,91.06,91.08,1
4/8/2015,91.07,91.11,90.91,90.94,1
4/9/2015,88.86,88.88,88.58,88.67,1
4/10/2015,88.41,88.43,88.3,88.33,1
4/13/2015,88.14,88.15,88.06,88.07,1
4/14/2015,88.14,88.27,88.14,88.19,1
4/15/2015,88.17,88.18,87.72,87.93,1
4/16/2015,88.01,88.07,87.78,87.93,1
4/17/2015,87.94,88.18,87.7,87.95,1
4/20/2015,88.11,88.14,87.98,88.03,1
4/21/2015,87.79,87.94,87.77,87.93,1
4/22/2015,87.95,88.28,87.95,88.24,1
4/23/2015,87.88,87.98,87.87,87.96,1
4/24/2015,88.05,88.06,87.79,87.84,1
4/27/2015,88.15,88.22,88.1,88.12,1
4/28/2015,88.13,88.67,88.1,88.67,1
4/29/2015,88.85,89.36,88.82,89.14,1
4/30/2015,89.48,89.6,89.29,89.31,1
5/1/2015,89.33,89.64,89.12,89.62,1
5/4/2015,89.88,89.9,89.75,89.8,1
5/5/2015,89.64,89.89,89.64,89.86,1
5/6/2015,89.86,90.4,89.86,90.29,1
5/7/2015,90.17,90.64,89.96,90.3,1
5/8/2015,89.67,89.95,89.57,89.93,1
5/11/2015,90.07,90.7,90.05,90.7,1
5/12/2015,91.1,91.26,90.81,90.97,1
5/13/2015,90.88,91.17,90.75,90.77,1
5/14/2015,90.76,90.76,90.35,90.35,1
5/15/2015,88.1,88.19,88.06,88.17,1
5/18/2015,88.33,88.52,88.33,88.51,1
5/19/2015,89.06,89.07,88.83,88.91,1
5/20/2015,88.75,88.87,88.75,88.84,1
5/21/2015,88.58,88.6,88.31,88.39,1
5/22/2015,88.49,88.6,88.39,88.58,1
5/26/2015,88.6,88.74,88.54,88.55,1
5/27/2015,88.65,90.34,88.64,90.15,1
5/28/2015,89.88,89.95,89.82,89.93,1
5/29/2015,89.91,89.92,89.56,89.67,1
6/1/2015,89.85,90.29,89.83,90.26,1
6/2/2015,90.69,90.83,90.69,90.82,1
6/3/2015,90.99,91.52,90.98,91.41,1
6/4/2015,91.26,91.26,91.22,91.23,1
6/5/2015,92,92.03,91.27,91.32,1
6/8/2015,91.41,91.42,91.26,91.26,1
6/9/2015,91.38,91.4,91.12,91.16,1
6/10/2015,91.21,91.37,91.2,91.35,1
6/11/2015,90.53,91.37,90.1,90.1,1
6/12/2015,89.29,89.29,89.06,89.08,1
6/15/2015,89.05,89.18,89.04,89.16,1
6/16/2015,88.97,89.05,88.97,89.02,1
6/17/2015,89.22,89.42,88.96,88.99,1
6/18/2015,88.87,89.06,88.87,89.03,1
6/19/2015,89.14,89.16,89.11,89.14,1
6/22/2015,89.17,89.41,89.16,89.41,1
6/23/2015,90.19,90.2,90.06,90.14,1
6/24/2015,90.18,90.21,90.16,90.18,1
6/25/2015,90.1,90.12,89.73,89.76,1
6/26/2015,89.8,90.05,89.44,89.45,1
6/29/2015,89.74,90.07,89.74,90.05,1
6/30/2015,90.23,90.49,90.18,90.46,1
7/1/2015,90.27,90.28,90,90.03,1
7/2/2015,89.36,89.73,89.34,89.7,1
7/6/2015,89.84,90.14,89.84,90.12,1
7/7/2015,90.21,90.33,90.18,90.29,1
7/8/2015,90.26,90.41,90.13,90.38,1
7/9/2015,90.64,90.7,90.51,90.65,1
7/10/2015,90.71,90.72,90.45,90.47,1
7/13/2015,90.63,90.79,90.07,90.09,1
7/14/2015,90.07,90.08,88.88,88.89,1
7/15/2015,88.27,88.3,88.22,88.28,1
7/16/2015,88.16,88.26,87.48,87.5,1
7/17/2015,87.51,87.51,86.75,86.76,1
7/20/2015,86.78,86.8,86.03,86.04,1
7/21/2015,86.06,86.06,86.01,86.03,1
7/22/2015,86.13,86.23,86.09,86.22,1
7/23/2015,86.16,86.53,86.12,86.52,1
7/24/2015,86.66,86.69,86.64,86.66,1
7/27/2015,86.59,86.7,86.56,86.67,1
7/28/2015,86.8,86.91,86.78,86.9,1
7/29/2015,87.2,87.48,87.1,87.32,1
7/30/2015,87.51,87.52,87.46,87.48,1
7/31/2015,87.71,87.94,87.67,87.91,1
8/3/2015,87.78,87.88,87.76,87.84,1
8/4/2015,88.2,88.98,88.09,88.96,1
8/5/2015,89.09,89.21,89.08,89.19,1
8/6/2015,88.71,88.72,88.47,88.49,1
8/7/2015,88.48,88.49,87.85,87.86,1
8/10/2015,88.13,88.17,88.12,88.14,1
8/11/2015,87.93,87.96,87.9,87.93,1
8/12/2015,88.16,88.19,88.11,88.18,1
8/13/2015,88.65,88.66,88.6,88.66,1
8/14/2015,88.66,88.68,88.62,88.63,1
8/17/2015,88.17,88.2,88.06,88.1,1
8/18/2015,88.11,88.21,88.08,88.11,1
8/19/2015,88.12,88.24,87.57,87.81,1
8/20/2015,87.8,88.18,87.78,88.17,1
8/21/2015,88.26,88.5,88.21,88.49,1
8/24/2015,88.72,89.41,88.71,89.07,1
8/25/2015,89.47,89.66,89.46,89.61,1
8/26/2015,89.77,89.81,89.72,89.8,1
8/27/2015,90.64,90.66,90.52,90.59,1
8/28/2015,90.46,90.53,90.44,90.51,1
8/31/2015,90.46,90.7,90.45,90.58,1
9/1/2015,90.53,90.58,90.48,90.51,1
9/2/2015,90.64,90.81,90.62,90.79,1
9/3/2015,90.75,90.88,90.48,90.5,1
9/4/2015,90.24,90.27,89.94,90.17,1
9/8/2015,90.45,90.47,90.33,90.35,1
9/9/2015,90.43,90.56,90.29,90.32,1
9/10/2015,90.21,90.24,90,90.03,1
9/11/2015,89.99,90.02,89.22,89.36,1
9/14/2015,89.34,89.35,88.95,88.97,1
9/15/2015,88.49,88.85,88.47,88.83,1
9/16/2015,89.24,89.24,89.06,89.18,1
9/17/2015,88.84,88.84,88.48,88.5,1
9/18/2015,86.38,86.51,86.26,86.42,1
9/21/2015,86.26,86.3,85.98,86.03,1
9/22/2015,86.1,86.33,86.07,86.32,1
9/23/2015,87.37,87.41,87.23,87.26,1
9/24/2015,87.39,87.96,87.39,87.89,1
9/25/2015,87.09,87.54,87.04,87.51,1
9/28/2015,87.57,87.58,87.3,87.56,1
9/29/2015,88.32,88.44,88.29,88.37,1
9/30/2015,88.48,88.48,88.21,88.22,1
10/1/2015,88.37,88.41,88.04,88.05,1
10/2/2015,87.68,88.02,87.51,87.97,1
10/5/2015,88.03,88.11,88.01,88.09,1
10/6/2015,87.86,87.88,87.57,87.6,1
10/7/2015,87.63,87.66,87.48,87.53,1
10/8/2015,86.83,86.94,86.82,86.9,1
10/9/2015,87.03,87.04,86.85,86.89,1
10/12/2015,86.9,86.9,86.88,86.88,1
10/13/2015,86.83,86.89,86.78,86.8,1
10/14/2015,86.76,86.79,86.4,86.51,1
10/15/2015,86.73,86.8,86.54,86.58,1
10/16/2015,86.56,86.63,86.54,86.61,1
10/19/2015,86.52,86.58,86.36,86.38,1
10/20/2015,86.53,86.55,86.5,86.52,1
10/21/2015,86.55,86.56,86.49,86.53,1
10/22/2015,86.42,86.46,86.39,86.41,1
10/23/2015,86.57,86.7,86.51,86.53,1
10/26/2015,86.54,86.56,86.49,86.52,1
10/27/2015,86.48,86.5,86.34,86.4,1
10/28/2015,86.64,86.83,86.63,86.8,1
10/29/2015,86.83,87.02,86.7,86.97,1
10/30/2015,87,87.01,86.62,86.63,1
11/2/2015,86.88,86.89,86.8,86.84,1
11/3/2015,86.74,86.78,86.72,86.76,1
11/4/2015,86.73,86.81,86.69,86.78,1
11/5/2015,86.7,86.74,86.48,86.51,1
11/6/2015,86.43,86.45,86.18,86.38,1
11/9/2015,86.44,86.44,86.04,86.05,1
11/10/2015,86.08,86.2,86.06,86.17,1
11/11/2015,86.28,86.28,86.26,86.26,1
11/12/2015,86.01,86.04,85.99,86.01,1
11/13/2015,86.12,86.2,86.1,86.17,1
11/16/2015,86.3,86.34,86.26,86.32,1
11/17/2015,86.47,86.5,86.25,86.29,1
11/18/2015,86.3,86.33,86.24,86.29,1
11/19/2015,86.02,86.02,86.02,86.02,1
11/23/2015,86.01,86.06,86.01,86.05,1
11/24/2015,86.16,86.64,86.13,86.4,1
11/25/2015,86.58,86.6,86.55,86.57,1
11/27/2015,86.57,86.58,86.54,86.56,1
11/30/2015,86.54,86.56,86.52,86.52,1
12/1/2015,86.35,86.36,86.13,86.13,1
12/2/2015,86.33,86.38,86.08,86.1,1
12/3/2015,86.22,86.43,86.13,86.16,1
12/4/2015,86.15,86.16,85.71,85.86,1
12/7/2015,86.07,86.07,85.87,85.93,1
12/8/2015,85.89,85.97,85.88,85.93,1
12/9/2015,85.95,85.99,85.9,85.93,1
12/10/2015,85.64,85.69,85.63,85.67,1
12/11/2015,85.61,85.79,85.58,85.76,1
12/14/2015,86.01,86.67,85.98,86.57,1
12/15/2015,86.72,86.75,86.69,86.71,1
12/16/2015,86.47,86.56,85.51,85.51,1
12/17/2015,85.52,85.52,84.94,84.97,1
12/18/2015,84.97,85,84.82,84.87,1
12/21/2015,84.78,84.78,84.68,84.71,1
12/22/2015,84.57,84.61,84.56,84.59,1
12/30/2015,81.83,81.84,81.79,81.79,1
12/31/2015,81.77,81.81,81.75,81.78,1
1/4/2016,81.41,81.92,81.36,81.9,1
1/5/2016,82.01,82.03,81.63,81.79,1
1/6/2016,81.74,81.87,81.73,81.84,1
1/7/2016,81.7,81.77,81.68,81.74,1
1/8/2016,81.6,81.71,81.53,81.68,1
1/11/2016,81.75,81.87,81.63,81.68,1
1/12/2016,81.65,81.83,81.62,81.79,1
1/14/2016,81.99,82.06,81.98,81.99,1
1/15/2016,83,83.32,82.99,83.3,1
1/19/2016,83.37,83.39,83.21,83.28,1
1/20/2016,83.63,83.66,83.42,83.58,1
1/21/2016,83.62,83.7,83.51,83.56,1
1/22/2016,83.2,83.21,82.93,82.99,1
1/25/2016,83.07,83.14,82.89,82.91,1
1/26/2016,82.94,82.96,82.76,82.79,1
1/27/2016,82.92,83.07,82.61,82.7,1
1/28/2016,82.7,82.94,82.59,82.89,1
1/29/2016,82.74,83.04,82.68,82.86,1
2/1/2016,83.1,83.17,82.96,83.05,1
2/2/2016,82.8,83.14,82.78,83.14,1
2/3/2016,83.38,83.48,83.26,83.43,1
2/4/2016,83.45,83.59,83.42,83.54,1
2/5/2016,83.2,83.62,83.05,83.6,1
2/8/2016,83.69,84.82,83.62,84.48,1
2/9/2016,85.17,85.73,84.5,85.19,1
2/10/2016,84.94,85.12,84.78,85.04,1
2/11/2016,85.8,87.03,85.74,87.02,1
2/12/2016,87.08,87.16,86.39,86.39,1
2/16/2016,86.78,86.84,85.63,85.66,1
2/17/2016,85.72,85.74,84.42,84.43,1
2/18/2016,84.08,84.25,83.98,84.18,1
2/19/2016,84.83,85.17,84.8,85.14,1
2/22/2016,84.8,84.89,84.77,84.86,1
2/23/2016,89.52,89.54,89,89.2,1
2/24/2016,89.1,89.58,89.07,89.47,1
2/25/2016,89.38,89.82,89.26,89.73,1
2/26/2016,89.62,89.68,89.44,89.46,1
2/29/2016,89.82,89.93,89.75,89.9,1
3/1/2016,89.6,90.07,89.51,89.55,1
3/2/2016,89.56,89.59,89.38,89.4,1
3/3/2016,89.44,89.46,88.89,88.94,1
3/4/2016,88.48,88.59,88.34,88.36,1
3/7/2016,88.58,88.62,88.29,88.33,1
3/8/2016,88.52,88.79,88.49,88.75,1
3/9/2016,88.96,88.96,88.28,88.31,1
3/10/2016,88.34,88.48,88.32,88.43,1
3/11/2016,88.12,88.22,87.98,87.99,1
3/14/2016,88.06,88.08,87.78,87.83,1
3/15/2016,87.78,87.86,87.77,87.84,1
3/16/2016,87.69,87.71,86.89,86.91,1
3/17/2016,86.65,86.68,86.61,86.64,1
3/18/2016,86.48,86.64,86.45,86.62,1
3/21/2016,86.8,86.84,86.76,86.83,1
3/22/2016,85.57,85.62,85.56,85.61,1
3/23/2016,85.6,85.61,85.41,85.58,1
3/24/2016,85.52,85.84,85.5,85.83,1
3/28/2016,85.83,85.96,85.8,85.92,1
3/29/2016,85.91,85.92,85.38,85.39,1
3/30/2016,85.45,85.48,85.15,85.17,1
3/31/2016,85.16,85.39,85.13,85.19,1
4/1/2016,84.85,85.01,84.85,84.99,1
4/4/2016,84.29,84.54,84.27,84.52,1
4/5/2016,84.86,85.06,84.83,85.05,1
4/6/2016,85.06,85.27,84.69,84.7,1
4/7/2016,84.85,85.05,84.83,85.01,1
4/8/2016,85.04,85.21,85.03,85.11,1
4/11/2016,85.13,85.35,85.08,85.1,1
4/12/2016,85.06,85.2,85.05,85.18,1
4/13/2016,85.09,85.2,85.05,85.07,1
4/14/2016,85.1,85.11,85.06,85.09,1
4/15/2016,85.03,85.04,84.94,85.02,1
4/18/2016,85.02,85.07,84.97,85.02,1
4/19/2016,85.08,85.44,85.07,85.41,1
4/20/2016,85.18,85.39,85.15,85.38,1
4/21/2016,85.39,85.41,85.37,85.38,1
4/22/2016,85.39,85.42,85.29,85.31,1
4/25/2016,85.32,85.33,85.25,85.32,1
4/26/2016,85.13,85.26,85.12,85.2,1
4/27/2016,84.93,84.96,84.72,84.73,1
4/28/2016,84.74,84.87,84.73,84.85,1
4/29/2016,84.78,84.88,84.75,84.86,1
5/2/2016,84.97,84.99,84.94,84.98,1
5/4/2016,84.83,84.94,84.8,84.82,1
5/5/2016,84.76,84.97,84.7,84.95,1
5/6/2016,84.63,84.76,84.62,84.75,1
5/9/2016,84.76,84.88,84.75,84.81,1
5/10/2016,84.82,84.88,84.81,84.86,1
5/11/2016,84.82,84.83,84.76,84.79,1
5/12/2016,84.88,84.94,84.85,84.92,1
5/13/2016,84.78,84.85,84.76,84.83,1
5/16/2016,85.09,85.26,85.08,85.26,1
5/17/2016,85.11,85.32,85.1,85.3,1
5/18/2016,85.56,85.65,85.52,85.54,1
5/19/2016,85.63,85.66,85.07,85.55,1
5/20/2016,85.55,85.61,85.53,85.59,1
5/23/2016,85.35,85.48,85.29,85.3,1
5/24/2016,85.32,85.35,85.31,85.32,1
5/25/2016,84.99,85.01,84.69,84.76,1
5/26/2016,84.66,84.75,84.62,84.73,1
5/27/2016,84.44,84.47,84.39,84.4,1
5/31/2016,84.53,84.55,84.43,84.46,1
6/1/2016,84.58,84.75,84.56,84.75,1
6/2/2016,84.75,84.75,84.61,84.62,1
6/3/2016,84.32,84.33,84.17,84.26,1
6/6/2016,84.27,84.45,84.27,84.3,1
6/7/2016,84.28,84.28,84.06,84.08,1
6/8/2016,84.09,84.09,84.05,84.07,1
6/9/2016,84.47,84.57,84.4,84.42,1
6/10/2016,84.35,84.7,84.33,84.58,1
6/13/2016,84.56,85.08,84.55,85.04,1
6/14/2016,85.58,85.6,84.98,85,1
6/15/2016,84.95,85.02,84.55,84.65,1
6/16/2016,84.97,85.62,84.95,85.54,1
6/17/2016,85.08,85.24,85.07,85.22,1
6/20/2016,85.15,85.17,84.81,84.84,1
6/21/2016,84.84,84.85,84.59,84.68,1
6/22/2016,84.67,84.72,84.65,84.71,1
6/23/2016,83.95,84.1,83.91,84.1,1
6/24/2016,85.61,85.66,84.2,84.25,1
6/27/2016,84.32,84.33,84.01,84.29,1
6/28/2016,84.18,84.22,83.92,83.96,1
6/29/2016,83.6,83.69,83.32,83.66,1
6/30/2016,83.4,83.58,82.98,83.47,1
7/1/2016,83.13,83.53,83.11,83.17,1
7/5/2016,83.19,83.58,83.18,83.56,1
7/6/2016,83.5,83.52,83.19,83.2,1
7/7/2016,83.26,83.3,83.22,83.24,1
7/8/2016,83.12,83.13,82.77,82.78,1
7/11/2016,82.86,82.89,82.66,82.68,1
7/12/2016,82.88,83.21,82.76,83.1,1
7/13/2016,82.84,82.86,82.67,82.71,1
7/14/2016,83.03,83.34,82.69,83.32,1
7/15/2016,83.71,83.78,83.7,83.72,1
7/18/2016,83.7,83.99,83.68,83.96,1
7/19/2016,83.8,83.83,83.45,83.48,1
7/20/2016,83.72,83.74,83.46,83.48,1
7/21/2016,83.79,84,83.7,83.73,1
7/22/2016,83.72,83.74,83.65,83.68,1
7/25/2016,83.6,83.63,83.49,83.51,1
7/26/2016,83.46,83.53,83.28,83.3,1
7/27/2016,83.27,83.29,83.21,83.23,1
7/28/2016,83.29,83.33,83,83.24,1
7/29/2016,82.76,86.83,82.3,82.75,1
8/1/2016,83.03,83.05,82.76,83.04,1
8/2/2016,82.85,83.31,82.81,83.3,1
8/3/2016,83.26,83.33,83.02,83.05,1
8/4/2016,83.05,83.06,82.62,82.81,1
8/5/2016,82.7,83.12,82.69,83.09,1
8/8/2016,83.07,83.09,82.83,82.98,1
8/9/2016,82.84,82.85,82.68,82.7,1
8/10/2016,82.53,82.57,82.31,82.38,1
8/11/2016,82.2,82.43,82.19,82.4,1
8/12/2016,82.54,82.68,82.22,82.33,1
8/15/2016,82.92,82.95,82.76,82.94,1
8/16/2016,82.95,83.52,82.92,82.98,1
8/17/2016,83.05,83.06,82.89,82.9,1
8/18/2016,82.77,83,82.55,82.75,1
8/19/2016,82.82,82.9,82.76,82.88,1
8/22/2016,82.79,82.87,82.4,82.41,1
8/23/2016,82.3,82.3,82.12,82.17,1
8/24/2016,81.95,82.14,81.93,81.95,1
8/25/2016,82.38,82.4,82.29,82.38,1
8/26/2016,82.23,82.47,81.94,82.44,1
8/29/2016,82.4,82.41,82.09,82.26,1
8/30/2016,82.6,82.63,81.93,81.94,1
8/31/2016,81.95,81.97,81.93,81.95,1
9/1/2016,81.89,81.98,81.84,81.84,1
9/2/2016,81.73,81.86,81.63,81.64,1
9/6/2016,81.65,81.68,81.38,81.39,1
9/7/2016,80.82,80.86,80.58,80.75,1
9/8/2016,81.06,81.08,80.88,81.06,1
9/9/2016,81.53,81.67,81.52,81.67,1
9/12/2016,81.67,81.81,81.62,81.8,1
9/13/2016,81.74,82.55,81.72,82.45,1
9/14/2016,82.39,82.41,82.31,82.33,1
9/15/2016,82.24,82.44,82.24,82.28,1
9/16/2016,82.28,82.3,82.26,82.26,1
9/19/2016,82.4,82.44,82.36,82.44,1
9/20/2016,82.42,82.44,82.39,82.41,1
9/21/2016,81.57,81.65,81.29,81.3,1
9/22/2016,81.2,81.2,81.05,81.07,1
9/23/2016,80.92,80.95,80.75,80.77,1
9/26/2016,80.68,80.7,80.57,80.58,1
9/27/2016,80.5,80.73,80.49,80.66,1
9/28/2016,80.52,80.65,80.45,80.64,1
9/29/2016,80.68,80.76,80.57,80.74,1
9/30/2016,80.74,80.99,80.74,80.96,1
10/3/2016,80.97,81.17,80.95,81.16,1
10/4/2016,81.15,81.36,80.93,81.29,1
10/5/2016,81.32,81.46,81.32,81.43,1
10/6/2016,81.29,81.37,81.29,81.31,1
10/7/2016,81.4,81.43,81.11,81.16,1
10/10/2016,81.15,81.16,81.13,81.15,1
10/11/2016,81.28,81.31,81.26,81.29,1
10/12/2016,81.3,81.32,81.04,81.07,1
10/13/2016,81.04,81.06,80.98,81.01,1
10/14/2016,81.01,81.05,80.99,81.05,1
10/17/2016,81.03,87.55,81,81.03,1
10/18/2016,81.15,81.16,81.12,81.13,1
10/19/2016,80.96,81.08,80.93,80.93,1
10/20/2016,80.93,80.97,80.65,80.67,1
10/21/2016,80.54,80.56,80.27,80.29,1
10/24/2016,80.44,80.46,80.28,80.29,1
10/25/2016,80.24,80.38,80.21,80.37,1
10/26/2016,80.59,80.72,80.58,80.71,1
10/27/2016,80.75,80.93,80.73,80.9,1
10/28/2016,81.21,81.37,81.19,81.34,1
10/31/2016,81.35,81.9,81.33,81.87,1
11/1/2016,82.25,82.27,82.13,82.17,1
11/2/2016,82.15,82.36,82.07,82.34,1
11/3/2016,82.35,82.46,82.32,82.46,1
11/4/2016,82.33,82.41,82.33,82.38,1
11/7/2016,82.55,82.56,82.53,82.54,1
11/8/2016,81.61,81.61,81.61,81.61,1
11/10/2016,85.65,85.68,85.39,85.66,1
11/11/2016,86.11,86.12,86.09,86.11,1
11/14/2016,87.73,88.25,87.55,88.23,1
11/15/2016,88.23,88.24,86.57,86.57,1
11/16/2016,86.4,87.21,86.39,87.2,1
11/17/2016,86.51,86.74,86.43,86.64,1
11/18/2016,86.43,87.93,86.41,87.9,1
11/21/2016,88.05,88.29,87.96,88.25,1
11/22/2016,88.19,88.21,87.49,87.51,1
11/23/2016,87.86,88.3,87.81,87.83,1
11/25/2016,87.83,87.93,87.81,87.91,1
11/28/2016,87.9,87.91,87.73,87.73,1
11/29/2016,87.92,87.93,87.72,87.73,1
11/30/2016,87.78,87.92,87.76,87.91,1
12/1/2016,88.22,89.37,88.21,89.33,1
12/2/2016,89.11,89.11,88.87,88.9,1
12/5/2016,88.92,89.57,88.9,89.56,1
12/6/2016,89.66,89.72,89.01,89.02,1
12/7/2016,88.95,88.96,88.41,88.43,1
12/8/2016,88.67,88.7,88.53,88.54,1
12/9/2016,88.55,89.2,88.54,89.13,1
12/12/2016,89.48,89.66,89.47,89.66,1
12/13/2016,89.63,89.67,89.63,89.64,1
12/14/2016,89.62,89.64,89.32,89.38,1
12/15/2016,90.29,90.3,89.78,89.99,1
12/16/2016,89.7,89.87,89.68,89.85,1
12/19/2016,89.85,89.86,89.83,89.86,1
12/20/2016,89.45,89.47,89.38,89.4,1
12/21/2016,89.46,89.53,89.44,89.44,1
12/22/2016,89.31,89.31,89.11,89.12,1
12/23/2016,89,89.12,88.69,88.7,1
12/27/2016,,,,88.7,1
12/28/2016,89.26,89.55,89.23,89.3,1
12/29/2016,89.3,89.3,89.07,89.09,1
12/30/2016,89.09,89.1,88.91,88.92,1
1/3/2017,88.82,88.83,88.79,88.81,1
1/4/2017,88.68,88.7,88.67,88.68,1
1/5/2017,88.57,88.59,88.29,88.31,1
1/6/2017,88.26,88.27,87.94,87.96,1
1/9/2017,87.95,89.31,87.65,89.05,1
1/10/2017,89.06,89.08,85.16,87.43,1
1/11/2017,86.32,86.33,86.11,86.26,1
1/12/2017,86.27,87.01,86.26,87,1
1/13/2017,86.67,87.13,86.65,87.11,1
1/17/2017,87.09,87.3,87.08,87.28,1
1/18/2017,87.3,88.31,87.14,87.95,1
1/19/2017,88.66,89.23,88.66,89.21,1
1/20/2017,88.9,88.92,88.64,88.66,1
1/23/2017,88.54,88.55,88.4,88.41,1
1/24/2017,88.72,88.74,88.45,88.57,1
1/25/2017,88.66,88.91,88.65,88.91,1
1/26/2017,88.91,88.94,88.69,88.7,1
1/27/2017,88.55,88.61,88.53,88.6,1
1/30/2017,88.6,88.61,87.3,87.31,1
1/31/2017,87.34,87.36,87.28,87.3,1
2/1/2017,87.3,87.6,87.3,87.41,1
2/2/2017,87.23,87.26,87.08,87.24,1
2/3/2017,87.08,87.08,86.6,86.63,1
2/6/2017,86.91,86.93,86.9,86.9,1
2/7/2017,,,,86.9,1
2/8/2017,87.21,87.21,87.06,87.13,1
2/9/2017,87.25,87.43,87.25,87.37,1
2/10/2017,87.59,87.61,87.41,87.41,1
2/13/2017,87.43,87.44,87.23,87.26,1
2/14/2017,87.26,87.33,87.24,87.31,1
2/15/2017,87.14,87.14,87.05,87.14,1
2/16/2017,87.14,87.14,87.14,87.14,1
2/17/2017,87.14,87.14,87.14,87.14,1
2/21/2017,88.32,88.33,88.3,88.32,1
2/22/2017,88.32,88.32,87.97,88.2,1
2/23/2017,88.15,88.16,87.94,88.05,1
2/24/2017,87.93,87.95,87.87,87.88,1
2/27/2017,87.94,87.95,87.91,87.93,1
2/28/2017,87.94,87.94,87.83,87.85,1
3/1/2017,88.03,88.05,87.84,87.84,1
3/2/2017,87.9,87.91,87.87,87.9,1
3/3/2017,87.89,88.76,87.87,88.66,1
3/6/2017,87.95,87.98,87.94,87.97,1
3/7/2017,87.79,87.82,87.78,87.81,1
3/8/2017,87.81,87.82,87.72,87.75,1
3/9/2017,87.75,87.99,87.74,87.98,1
3/10/2017,87.72,87.74,87.58,87.58,1
3/13/2017,,,,87.58,1
3/14/2017,87.2,87.2,87.1,87.11,1
3/15/2017,86.8,86.81,86.3,86.32,1
3/16/2017,86.22,86.24,84.98,84.99,1
3/17/2017,84.86,84.87,84.71,84.75,1
3/20/2017,84.85,84.87,84.75,84.77,1
3/21/2017,84.65,84.66,84.27,84.53,1
3/22/2017,84.61,84.95,84.59,84.94,1
3/23/2017,85.32,85.42,85.31,85.37,1
3/24/2017,85.37,85.39,85.3,85.33,1
3/27/2017,85.3,85.43,85.3,85.41,1
3/28/2017,85.34,85.37,84.76,84.88,1
3/29/2017,84.88,84.89,84.66,84.68,1
3/30/2017,84.72,84.73,84.35,84.36,1
3/31/2017,84.32,84.4,84.27,84.39,1
4/3/2017,84.4,84.4,84.36,84.38,1
4/4/2017,84.62,84.63,84.36,84.39,1
4/5/2017,84.55,84.55,84.23,84.24,1
4/6/2017,84.18,84.32,84.18,84.31,1
4/7/2017,84.12,84.12,84.02,84.1,1
4/10/2017,84.15,84.17,84.14,84.15,1
4/11/2017,84.29,84.42,84.19,84.34,1
4/12/2017,84.57,84.99,84.55,84.98,1
4/13/2017,85.04,85.1,84.91,84.97,1
4/17/2017,84.97,84.98,84.94,84.96,1
4/18/2017,84.95,84.99,84.86,84.98,1
4/19/2017,84.88,85.18,84.82,85.16,1
4/20/2017,85.19,85.41,85.14,85.39,1
4/21/2017,85.24,85.39,85.23,85.38,1
4/24/2017,84.62,84.76,84.61,84.65,1
4/25/2017,84.72,84.76,84.67,84.69,1
4/26/2017,84.67,84.69,84.49,84.5,1
4/27/2017,84.22,84.22,83.8,83.9,1
4/28/2017,83.91,83.91,83.45,83.68,1
5/1/2017,83.68,83.88,83.67,83.87,1
5/2/2017,83.87,83.88,83.5,83.53,1
5/3/2017,83.54,83.63,83.53,83.62,1
5/4/2017,83.44,83.68,83.42,83.51,1
5/5/2017,83.51,83.53,82.87,82.87,1
5/8/2017,82.66,82.67,82.24,82.41,1
5/9/2017,82.3,82.31,82.16,82.19,1
5/10/2017,82.01,82.21,82,82.18,1
5/11/2017,82.01,82.13,81.98,82.1,1
5/12/2017,82.19,82.19,81.92,82.02,1
5/15/2017,82.03,82.04,82,82.01,1
5/16/2017,82.02,82.03,81.98,82,1
5/17/2017,82,82.97,81.99,82.97,1
5/18/2017,83.14,83.14,82.68,82.7,1
5/19/2017,82.56,82.57,82.33,82.36,1
5/22/2017,82.69,82.8,82.13,82.14,1
5/23/2017,82.4,82.42,82.21,82.23,1
5/24/2017,82.23,82.25,81.96,81.97,1
5/25/2017,81.78,81.79,81.51,81.53,1
5/26/2017,81.27,81.29,81.26,81.27,1
5/30/2017,81.38,81.39,81.32,81.34,1
5/31/2017,81.34,81.49,81.32,81.47,1
6/1/2017,81.62,81.63,81.52,81.54,1
6/2/2017,75.16,75.17,74.91,74.92,1
6/5/2017,75.1,75.12,74.82,74.83,1
6/6/2017,75.13,75.14,75.12,75.13,1
6/7/2017,75.17,75.2,74.81,74.86,1
6/8/2017,74.9,74.92,74.84,74.91,1
6/9/2017,74.62,74.69,74.46,74.48,1
6/12/2017,74.77,74.78,74.65,74.68,1
6/13/2017,74.41,74.46,74.41,74.44,1
6/14/2017,74.29,74.46,74.26,74.28,1
6/15/2017,74.9,75.02,74.86,74.87,1
6/16/2017,74.79,74.93,74.77,74.93,1
6/19/2017,74.94,74.94,74.84,74.89,1
6/20/2017,75.1,75.12,75.06,75.08,1
6/21/2017,75.13,75.47,75.1,75.47,1
6/22/2017,75.56,75.59,75.43,75.43,1
6/23/2017,75.56,75.61,75.49,75.61,1
6/26/2017,75.25,75.32,75.24,75.32,1
6/27/2017,75.34,75.43,75.33,75.41,1
6/28/2017,75.54,75.88,75.52,75.68,1
6/29/2017,76.01,76.01,75.87,75.89,1
6/30/2017,75.89,75.9,75.82,75.84,1
7/3/2017,75.84,75.89,75.84,75.87,1
7/5/2017,,,,75.87,1
7/6/2017,76.09,76.22,76.03,76.21,1
7/7/2017,76.88,76.9,76.75,76.77,1
7/10/2017,76.76,76.84,76.66,76.67,1
7/11/2017,76.77,76.77,76.7,76.71,1
7/12/2017,76.62,76.64,76.35,76.35,1
7/13/2017,76.31,76.34,76.03,76.03,1
7/14/2017,76.01,76.05,75.37,75.48,1
7/17/2017,75.58,75.59,74.29,74.32,1
7/18/2017,73.91,73.96,73.89,73.94,1
7/19/2017,73.54,73.57,73.41,73.43,1
7/20/2017,73.43,73.76,73.27,73.28,1
7/21/2017,73.03,73.4,73.02,73.39,1
7/24/2017,73.4,73.53,73.38,73.51,1
7/25/2017,73.62,74.14,73.61,74.12,1
7/26/2017,74.16,74.19,73.64,73.66,1
7/27/2017,73.67,73.79,73.65,73.68,1
7/28/2017,73.67,73.68,73.64,73.65,1
7/31/2017,73.67,73.78,73.64,73.66,1
8/1/2017,73.58,73.59,73.47,73.48,1
8/2/2017,73.52,73.85,73.49,73.82,1
8/3/2017,73.72,73.73,73.68,73.71,1
8/4/2017,73.49,73.88,73.49,73.62,1
8/7/2017,73.61,73.63,73.6,73.61,1
8/8/2017,73.61,73.7,73.31,73.69,1
8/9/2017,73.78,74.18,73.75,74.15,1
8/10/2017,74.13,74.59,74.12,74.57,1
8/11/2017,75.06,75.1,75.03,75.09,1
8/14/2017,75.14,75.16,75.12,75.13,1
8/15/2017,75.01,75.03,74.27,74.29,1
8/16/2017,74.29,74.62,74.11,74.51,1
8/17/2017,74.42,74.44,74.37,74.39,1
8/18/2017,74,74.04,73.94,73.96,1
8/21/2017,73.95,73.96,73.92,73.93,1
8/22/2017,73.94,73.98,73.94,73.96,1
8/23/2017,74,74.15,73.99,74.12,1
8/24/2017,74.43,74.57,74.4,74.56,1
8/25/2017,74.54,74.55,74.15,74.16,1
8/28/2017,74.18,74.18,74.04,74.05,1
8/29/2017,74,74.19,74,74.13,1
8/30/2017,74.17,74.32,74.15,74.28,1
8/31/2017,74.61,74.62,74.56,74.57,1
9/1/2017,74.47,74.54,74.29,74.32,1
9/5/2017,74.38,74.68,74.38,74.65,1
9/6/2017,74.65,74.86,74.64,74.71,1
9/7/2017,74.7,74.87,74.63,74.86,1
9/8/2017,74.86,74.87,74.6,74.61,1
9/11/2017,74.66,74.68,73.91,74.07,1
9/12/2017,74.15,74.21,74.08,74.14,1
9/13/2017,73.92,73.96,73.91,73.94,1
9/14/2017,73.96,73.97,73.83,73.84,1
9/15/2017,73.85,73.87,73.83,73.85,1
9/18/2017,73.8,73.82,73.78,73.81,1
9/19/2017,73.67,73.7,73.66,73.69,1
9/20/2017,73.25,73.27,73.11,73.24,1
9/21/2017,73.08,73.1,72.84,72.88,1
9/22/2017,,,,72.88,1
9/25/2017,72.78,72.98,72.75,72.96,1
9/26/2017,72.92,72.94,72.84,72.86,1
9/27/2017,72.91,73.27,72.9,73.26,1
9/28/2017,71.8,71.8,71.63,71.64,1
9/29/2017,71.6,71.64,71.49,71.57,1
10/2/2017,71.8,71.82,71.79,71.8,1
10/3/2017,71.8,71.94,71.78,71.87,1
10/4/2017,71.89,71.94,71.86,71.93,1
10/5/2017,71.93,72.14,71.93,72.13,1
10/6/2017,71.91,71.94,71.83,71.84,1
10/9/2017,72,72.02,72,72.02,1
10/10/2017,72.1,72.1,72.06,72.09,1
10/11/2017,72.08,72.09,71.79,71.86,1
10/12/2017,71.88,71.88,71.6,71.61,1
10/13/2017,71.33,71.35,71.31,71.33,1
10/16/2017,71.38,71.4,71.16,71.19,1
10/17/2017,71.2,71.22,70.74,70.75,1
10/18/2017,70.83,70.86,70.82,70.84,1
10/19/2017,70.99,71.1,70.98,71.08,1
10/20/2017,71.15,71.56,71.12,71.54,1
10/23/2017,71.53,71.55,71.52,71.53,1
10/24/2017,71.67,72.15,71.63,72.14,1
10/25/2017,73.1,73.29,72.83,73.06,1
10/26/2017,73.15,73.18,73.03,73.13,1
10/27/2017,73.59,73.61,72.65,73.01,1
10/30/2017,72.85,72.88,72.79,72.8,1
10/31/2017,72.79,72.8,72.76,72.76,1
11/1/2017,72.76,72.78,72.46,72.48,1
11/2/2017,72.29,73.8,72.26,73.09,1
11/3/2017,72.8,72.81,72.26,72.28,1
11/6/2017,72.1,72.12,72,72.02,1
11/7/2017,72.02,72.03,71.95,71.96,1
11/8/2017,71.62,71.64,71.6,71.63,1
11/9/2017,71.64,71.97,71.62,71.96,1
11/10/2017,71.99,72.01,71.97,71.99,1
11/13/2017,72.39,72.41,72.27,72.27,1
11/14/2017,72.28,72.28,71.94,71.95,1
11/15/2017,71.96,72.09,71.84,71.85,1
11/16/2017,72.05,72.06,71.65,71.66,1
11/17/2017,71.65,71.66,71.57,71.59,1
11/20/2017,69.53,69.55,69.33,69.36,1
11/21/2017,69.33,69.36,68.92,68.93,1
11/22/2017,68.92,68.94,68.51,68.53,1
11/24/2017,68.54,68.55,68.52,68.54,1
11/27/2017,68.53,68.54,68.31,68.33,1
11/28/2017,68.2,68.23,68.19,68.21,1
11/29/2017,68.14,68.33,68.13,68.25,1
11/30/2017,68.26,240.25,66.91,67.08,1
12/1/2017,66.86,67.47,66.84,67.46,1
12/4/2017,67.46,67.48,67.17,67.18,1
12/5/2017,67.19,67.2,66.77,66.77,1
12/6/2017,66.69,66.7,66.58,66.6,1
12/7/2017,66.38,66.38,66.21,66.3,1
12/8/2017,66.27,66.29,66.05,66.05,1
12/11/2017,66.12,66.14,65.93,65.94,1
12/12/2017,66.02,66.03,65.79,65.79,1
12/13/2017,65.67,65.68,65.38,65.39,1
12/14/2017,65.25,65.27,64.8,64.8,1
12/15/2017,64.81,65.04,64.8,64.84,1
12/18/2017,64.98,65,64.82,64.94,1
12/19/2017,65.07,65.21,64.94,65.2,1
12/20/2017,65.22,65.61,65.2,65.59,1
12/21/2017,65.59,65.61,65.57,65.59,1
12/22/2017,65.78,65.78,65.76,65.77,1
12/26/2017,65.78,65.78,65.75,65.77,1
12/27/2017,65.76,65.77,65.58,65.6,1
12/28/2017,65.61,65.62,65.59,65.61,1
12/29/2017,65.61,65.62,65.36,65.38,1
1/2/2018,65.49,65.72,65.49,65.71,1
1/3/2018,65.72,65.75,65.71,65.73,1
1/4/2018,65.89,65.96,65.66,65.66,1
1/5/2018,65.51,65.53,65.45,65.47,1
1/8/2018,65.43,65.48,65.4,65.41,1
1/9/2018,65.41,65.74,65.41,65.72,1
1/10/2018,66.57,66.64,66.37,66.39,1
1/11/2018,66.01,66.03,65.78,65.8,1
1/12/2018,65.73,65.74,65.66,65.67,1
1/16/2018,65.65,65.68,65.53,65.55,1
1/17/2018,65.51,65.52,65.35,65.36,1
1/18/2018,64.17,64.17,64,64.17,1
1/19/2018,64.51,64.91,64.51,64.91,1
1/22/2018,65.93,65.96,65.57,65.58,1
1/23/2018,65.46,65.86,65.46,65.85,1
1/24/2018,66.18,66.5,66.17,66.32,1
1/25/2018,66.09,66.38,66.08,66.14,1
1/26/2018,66.22,67.49,66.21,67.34,1
1/29/2018,68.39,69.33,68.38,68.78,1
1/30/2018,68.02,68.85,68.02,68.85,1
1/31/2018,68.25,68.67,68.23,68.64,1
2/1/2018,68.88,69.52,68.85,69.52,1
2/2/2018,69.71,70.29,69.69,70.2,1
2/5/2018,70.21,70.22,69.52,69.91,1
2/6/2018,71.14,71.21,70.97,71.1,1
2/7/2018,70.6,70.6,70.2,70.36,1
2/8/2018,77.91,78.54,77.84,78.46,1
2/9/2018,,,,78.46,1
2/12/2018,78.52,78.53,78.35,78.46,1
2/13/2018,78.46,78.46,78.14,78.26,1
2/14/2018,78.22,78.25,78.06,78.19,1
2/15/2018,78.34,78.36,77.77,77.82,1
2/16/2018,77.6,77.6,76.29,76.31,1
2/20/2018,75.93,75.95,75.5,75.83,1
2/21/2018,75.59,75.6,74.93,74.96,1
2/22/2018,74.09,74.17,73.91,73.92,1
2/23/2018,73.59,73.94,73.58,73.92,1
2/26/2018,73.9,74.47,73.89,74.47,1
2/27/2018,74.45,74.92,74.43,74.9,1
2/28/2018,74.9,74.91,74.74,74.74,1
3/1/2018,74.72,74.91,74.5,74.84,1
3/2/2018,74.87,75.38,74.77,75.37,1
3/5/2018,75.5,75.64,75.49,75.62,1
3/6/2018,76.94,77.09,76.92,77.07,1
3/7/2018,77.4,77.41,77.33,77.33,1
3/8/2018,77.14,77.16,76.86,76.86,1
3/9/2018,76.65,76.67,76.19,76.31,1
3/12/2018,76.3,76.31,76.28,76.28,1
3/13/2018,74.12,74.14,73.75,73.77,1
3/14/2018,73.64,73.91,73.5,73.88,1
3/15/2018,73.4,73.9,73.38,73.89,1
3/16/2018,74.3,74.42,74.28,74.4,1
3/19/2018,74.4,74.42,74.31,74.34,1
3/20/2018,74.68,74.74,74.34,74.36,1
3/21/2018,74.35,74.47,74,74.01,1
3/22/2018,73.36,73.77,73.26,73.76,1
3/23/2018,73.69,73.69,73.43,73.49,1
3/26/2018,73.43,73.64,73.43,73.62,1
3/27/2018,73.63,73.85,73.55,73.85,1
3/28/2018,74.1,74.32,74.1,74.3,1
3/29/2018,74.29,74.31,74.28,74.29,1
4/3/2018,74.29,74.3,74.01,74.02,1
4/4/2018,74.18,74.18,73.65,73.66,1
4/5/2018,73.67,73.69,73.48,73.49,1
4/6/2018,73.29,73.29,72.62,72.95,1
4/9/2018,72.94,72.97,72.68,72.79,1
4/10/2018,72.48,72.55,72.32,72.34,1
4/11/2018,72.33,72.36,71.95,72.16,1
4/12/2018,72.18,72.37,72.01,72.36,1
4/13/2018,72.24,72.25,72.01,72.02,1
4/16/2018,72.03,72.04,71.75,71.75,1
4/17/2018,71.74,71.76,71.22,71.23,1
4/18/2018,70.87,71.25,70.86,71.25,1
4/19/2018,71.41,71.82,71.4,71.82,1
4/20/2018,71.88,72.27,71.88,72.27,1
4/23/2018,72.52,72.61,72.51,72.61,1
4/24/2018,72.68,72.94,72.68,72.71,1
4/25/2018,72.4,72.43,72.38,72.42,1
4/26/2018,71.98,72.24,71.82,72.05,1
4/27/2018,71.88,71.89,71.47,71.56,1
4/30/2018,71.54,71.57,71.17,71.2,1
5/1/2018,71.25,71.53,71.25,71.53,1
5/2/2018,71.46,71.47,70.91,70.92,1
5/3/2018,70.81,70.82,70.63,70.82,1
5/4/2018,70.45,70.7,70.43,70.62,1
5/7/2018,70.62,70.63,70.6,70.62,1
5/8/2018,70.54,71.35,70.53,71.08,1
5/9/2018,71.45,71.45,71.26,71.37,1
5/10/2018,71.3,71.3,70.93,71.12,1
5/11/2018,70.66,70.67,70.52,70.62,1
5/14/2018,70.83,70.9,70.62,70.64,1
5/15/2018,71.15,71.86,71.14,71.85,1
5/16/2018,71.88,72.11,71.74,71.95,1
5/17/2018,72.19,72.21,72.11,72.19,1
5/18/2018,71.43,71.88,71.41,71.87,1
5/21/2018,72.02,72.07,71.89,72.04,1
5/22/2018,72.06,72.29,72.04,72.11,1
5/23/2018,72.14,72.15,71.73,71.74,1
5/24/2018,71.64,71.66,71.6,71.65,1
5/25/2018,71.5,71.86,71.49,71.63,1
5/29/2018,72.09,72.91,72,72.9,1
5/30/2018,72.69,73.19,72.66,73.18,1
5/31/2018,72.77,73.48,72.58,73.47,1
6/1/2018,72.73,72.82,72.5,72.77,1
6/4/2018,72.87,72.87,72.32,72.44,1
6/5/2018,72.31,72.33,72.16,72.31,1
6/6/2018,72.32,72.73,72.31,72.72,1
6/7/2018,72.86,73.25,72.73,73.01,1
6/8/2018,73.03,73.16,73,73.15,1
6/11/2018,73.33,73.47,73.31,73.46,1
6/12/2018,73.27,73.29,72.88,72.89,1
6/13/2018,72.52,72.54,72.13,72.13,1
6/14/2018,72.04,72.46,71.51,72.44,1
6/15/2018,72.43,72.6,72.13,72.25,1
6/18/2018,72.25,72.26,72.23,72.26,1
6/19/2018,72.24,72.51,72.22,72.49,1
6/20/2018,72.35,72.36,72.33,72.34,1
6/21/2018,72.51,72.7,72.48,72.68,1
6/22/2018,72.32,72.34,72.02,72.03,1
6/25/2018,72.62,72.72,72.59,72.71,1
6/26/2018,72.34,72.37,72.18,72.34,1
6/27/2018,72.43,72.74,72.41,72.71,1
6/28/2018,72.92,72.93,72.89,72.9,1
6/29/2018,72.83,72.85,72.6,72.83,1
7/2/2018,72.82,72.98,72.64,72.97,1
7/3/2018,72.95,73,72.56,72.62,1
7/5/2018,72.61,72.77,72.6,72.77,1
7/6/2018,72.56,72.59,72.56,72.57,1
7/9/2018,72.58,72.69,72.57,72.66,1
7/10/2018,72.7,72.7,72.67,72.68,1
7/11/2018,72.77,72.8,72.69,72.69,1
7/12/2018,72.71,72.71,71.04,71.06,1
7/13/2018,70.94,70.95,70.75,70.76,1
7/16/2018,70.78,70.94,70.75,70.91,1
7/17/2018,70.74,70.76,70.61,70.63,1
7/18/2018,70.33,70.33,70.21,70.28,1
7/19/2018,70.2,70.21,70.16,70.18,1
7/20/2018,70.22,70.38,70.2,70.36,1
7/23/2018,71,71.55,70.98,71.54,1
7/24/2018,71.54,71.57,71.33,71.33,1
7/25/2018,71.19,71.21,71.1,71.18,1
7/26/2018,71.25,71.26,71.19,71.21,1
7/27/2018,71.17,71.21,71.09,71.1,1
7/30/2018,71.11,71.34,71.09,71.32,1
7/31/2018,71.01,71.02,70.74,70.79,1
8/1/2018,70.8,71.28,70.8,71.27,1
8/2/2018,71.26,71.28,71.25,71.26,1
8/3/2018,70.69,70.9,70.68,70.89,1
8/6/2018,71.01,71.03,70.99,70.99,1
8/7/2018,71,71.05,70.96,70.98,1
8/8/2018,70.97,70.99,70.95,70.97,1
8/9/2018,70.97,70.98,70.89,70.89,1
8/10/2018,70.89,71.23,70.88,71.21,1
8/13/2018,71.16,71.47,71.16,71.37,1
8/14/2018,71.47,71.48,71.25,71.27,1
8/15/2018,71.34,71.41,71.32,71.4,1
8/16/2018,71.27,71.3,71.26,71.28,1
8/17/2018,71.27,71.29,71.15,71.18,1
8/20/2018,71.17,71.31,71.15,71.21,1
8/21/2018,71.17,71.18,71.15,71.16,1
8/22/2018,71.04,71.07,70.98,71.05,1
8/23/2018,71.07,71.21,70.89,70.91,1
8/24/2018,70.92,70.93,70.68,70.69,1
8/27/2018,70.71,70.73,70.52,70.54,1
8/28/2018,70.55,70.83,70.54,70.81,1
8/29/2018,70.82,70.83,70.25,70.26,1
8/30/2018,70.2,70.2,70.09,70.18,1
8/31/2018,70.18,70.2,70.16,70.2,1
9/4/2018,70.2,70.39,70.19,70.38,1
9/5/2018,70.37,70.39,70.27,70.28,1
9/6/2018,70.24,70.27,70.13,70.19,1
9/7/2018,70.12,70.32,70.1,70.3,1
9/10/2018,70.3,70.32,70.18,70.19,1
9/11/2018,70.2,70.22,70.03,70.13,1
9/12/2018,70.12,70.12,69.71,69.72,1
9/13/2018,69.72,69.74,69.61,69.64,1
9/14/2018,69.8,69.81,69.78,69.79,1
9/17/2018,69.8,69.81,69.78,69.8,1
9/18/2018,69.71,69.85,69.69,69.85,1
9/19/2018,69.85,70.12,69.83,70.01,1
9/20/2018,70.01,70.19,70.01,70.18,1
9/21/2018,70.01,70.02,69.99,69.99,1
9/24/2018,70.01,70.36,69.99,70.35,1
9/25/2018,70.5,70.51,70.48,70.5,1
9/26/2018,70.3,70.32,69.89,69.9,1
9/27/2018,69.89,69.91,69.82,69.83,1
9/28/2018,69.73,69.74,69.3,69.4,1
10/1/2018,69.42,69.49,69.4,69.47,1
10/2/2018,69.43,69.44,69.32,69.38,1
10/3/2018,69.48,70.47,69.46,70.45,1
10/4/2018,70.9,71.16,70.89,71.15,1
10/5/2018,70.97,70.97,70.79,70.82,1
10/8/2018,70.81,70.82,70.8,70.81,1
10/9/2018,70.92,71.12,70.9,70.96,1
10/10/2018,70.96,71.45,70.94,71.44,1
10/11/2018,71.42,71.42,71.16,71.18,1
10/12/2018,71.16,71.53,71.13,71.51,1
10/15/2018,71.38,71.39,71.18,71.2,1
10/16/2018,71.2,71.21,70.88,70.9,1
10/17/2018,70.66,70.67,70.35,70.57,1
10/18/2018,70.84,71.01,70.52,70.54,1
10/19/2018,70.59,70.59,70.43,70.49,1
10/22/2018,70.5,70.51,70.42,70.43,1
10/23/2018,70.89,71.13,70.89,71.12,1
10/24/2018,70.92,71.4,70.87,71.24,1
10/25/2018,71.16,71.41,71.15,71.32,1
10/26/2018,71.43,72.04,71.4,71.75,1
10/29/2018,71.74,71.76,71.72,71.74,1
10/30/2018,71.74,72.19,71.73,72.17,1
10/31/2018,72.16,72.16,71.95,71.97,1
11/1/2018,72.09,72.11,71.85,71.87,1
11/2/2018,71.7,72.09,71.69,72.09,1
11/5/2018,72.07,72.14,71.9,71.93,1
11/6/2018,71.92,71.93,71.75,71.78,1
11/7/2018,70.75,70.75,70.33,70.6,1
11/8/2018,70.44,70.75,70.44,70.71,1
11/9/2018,70.56,70.66,70.54,70.65,1
11/12/2018,70.64,70.66,70.63,70.64,1
11/13/2018,70.63,70.82,70.62,70.8,1
11/14/2018,70.81,71.07,70.8,71.01,1
11/15/2018,71.15,71.29,71.14,71.26,1
11/16/2018,71.12,71.27,71.11,71.26,1
11/19/2018,71.53,71.89,71.52,71.79,1
11/20/2018,73.58,73.68,73.55,73.63,1
11/21/2018,74.96,74.96,73.17,73.21,1
11/23/2018,73.17,73.19,73.12,73.16,1
11/26/2018,73.13,73.13,72.73,72.75,1
11/27/2018,72.52,72.53,72.26,72.27,1
11/28/2018,72.27,72.28,71.53,71.54,1
11/29/2018,71.64,72.1,71.37,71.43,1
11/30/2018,71.14,71.22,71.13,71.14,1
12/3/2018,71.02,71.04,70.76,70.77,1
12/4/2018,70.7,71.39,70.62,71.31,1
12/6/2018,72.4,72.83,72.36,72.59,1
12/7/2018,72.2,72.2,71.8,72.12,1
12/10/2018,72.42,72.64,72.38,72.59,1
12/11/2018,72.53,72.53,72.2,72.29,1
12/12/2018,71.86,72.23,71.86,72.11,1
12/13/2018,71.79,71.81,71.4,71.42,1
12/14/2018,71.31,71.34,71.21,71.25,1
12/17/2018,71.28,71.42,71.21,71.4,1
12/18/2018,71.28,71.9,71.27,71.87,1
12/19/2018,72.07,72.08,71.31,71.46,1
12/20/2018,71.26,71.63,71.26,71.61,1
12/21/2018,71.49,72.34,71.49,72.33,1
12/24/2018,72.51,73,72.5,72.99,1
12/26/2018,74.28,74.73,74.26,74.45,1
12/27/2018,73.65,74.86,73.64,74.84,1
12/28/2018,74.6,74.83,74.54,74.58,1
12/31/2018,74.62,74.63,74.53,74.55,1
1/2/2019,74.62,74.68,73.61,73.62,1
1/3/2019,73.45,74.12,72.85,74.12,1
1/4/2019,73.8,74.33,73.62,74.32,1
1/7/2019,73.62,73.62,72.58,72.59,1
1/8/2019,72.7,72.71,72.22,72.23,1
1/9/2019,71.88,71.88,71.34,71.35,1
1/10/2019,71.15,71.15,70.89,70.93,1
1/11/2019,70.73,70.75,70.59,70.61,1
1/14/2019,70.91,70.95,70.77,70.8,1
1/15/2019,70.77,70.82,70.26,70.26,1
1/16/2019,69.97,69.99,69.76,69.77,1
1/17/2019,69.67,69.89,69.67,69.88,1
1/18/2019,69.8,69.82,69.65,69.67,1
1/22/2019,69.63,69.85,69.61,69.83,1
1/23/2019,69.84,69.97,69.59,69.61,1
1/24/2019,69.64,69.71,69.55,69.66,1
1/25/2019,69.52,69.52,69.15,69.19,1
1/28/2019,69.2,69.21,68.97,68.99,1
1/29/2019,68.67,68.68,68.53,68.55,1
1/30/2019,68.52,68.61,68.14,68.15,1
1/31/2019,67.36,67.37,66.88,67.06,1
2/1/2019,66.81,66.94,66.78,66.91,1
2/4/2019,67.07,67.11,67.01,67.05,1
2/5/2019,67.02,67.03,66.78,66.79,1
2/6/2019,65.89,65.9,65.62,65.63,1
2/7/2019,65.65,65.71,65.56,65.69,1
2/8/2019,65.94,66.05,65.9,66.04,1
2/11/2019,66.26,66.37,66.1,66.35,1
2/12/2019,66,66.12,65.98,66.11,1
2/13/2019,66.11,66.24,66.05,66.12,1
2/14/2019,65.98,66.07,65.65,65.66,1
2/15/2019,65.58,65.59,64.89,65.06,1
2/19/2019,65.57,65.58,65.54,65.56,1
2/20/2019,65.12,65.18,65.07,65.1,1
2/21/2019,65.1,65.16,65.07,65.15,1
2/22/2019,65.13,65.18,65.11,65.17,1
2/25/2019,65.24,65.39,65.21,65.22,1
2/26/2019,65.04,65.06,65,65.01,1
2/27/2019,65.02,65.24,65.01,65.24,1
2/28/2019,65.22,65.33,65.22,65.29,1
3/1/2019,65.58,65.91,65.57,65.91,1
3/4/2019,65.98,66.11,65.97,65.98,1
3/5/2019,65.94,65.95,65.64,65.65,1
3/6/2019,65.51,65.51,65.22,65.24,1
3/7/2019,64.91,65.06,64.87,65.05,1
3/8/2019,65.17,65.22,65.01,65.02,1
3/11/2019,65.05,65.05,64.61,64.62,1
3/12/2019,64.33,64.34,63.66,63.73,1
3/13/2019,63.91,64.05,63.86,63.87,1
3/14/2019,63.65,63.66,63.21,63.21,1
3/15/2019,62.57,62.65,62.49,62.52,1
3/18/2019,62.65,62.68,62.45,62.45,1
3/19/2019,61.68,61.69,61.16,61.28,1
