Date,PX_LAST
1/3/00,95.078125
1/4/00,95.5625
1/5/00,94.875
1/6/00,95.203125
1/7/00,95.578125
1/10/00,95.34375
1/11/00,94.5625
1/12/00,94.390625
1/13/00,95.015625
1/14/00,94.609375
1/17/00,94.609375
1/18/00,94.125
1/19/00,94.34375
1/20/00,94.0625
1/21/00,93.984375
1/24/00,94.5625
1/25/00,94.484375
1/26/00,94.609375
1/27/00,94.578125
1/28/00,94.890625
1/31/00,94.78125
2/1/00,95.09375
2/2/00,95.21875
2/3/00,95.859375
2/4/00,95.46875
2/7/00,94.78125
2/8/00,95.109375
2/9/00,94.59375
2/10/00,94.203125
2/11/00,94.40625
2/14/00,95
2/15/00,94.796875
2/16/00,94.78125
2/17/00,94.5625
2/18/00,95.078125
2/21/00,95.078125
2/22/00,96.109375
2/23/00,95.5625
2/24/00,96.203125
2/25/00,96.203125
2/28/00,95.640625
2/29/00,95.765625
3/1/00,95.921875
3/2/00,95.8125
3/3/00,96.015625
3/6/00,95.78125
3/7/00,95.9375
3/8/00,95.921875
3/9/00,96.15625
3/10/00,95.890625
3/13/00,96.09375
3/14/00,96.5625
3/15/00,96.734375
3/16/00,96.96875
3/17/00,97.296875
3/20/00,97.296875
3/21/00,97.515625
3/22/00,97.609375
3/23/00,97.359375
3/24/00,96.703125
3/27/00,96.796875
3/28/00,96.90625
3/29/00,97.078125
3/30/00,97.8125
3/31/00,98.078125
4/3/00,98.265625
4/4/00,99.015625
4/5/00,98.765625
4/6/00,98.546875
4/7/00,98.875
4/10/00,99.203125
4/11/00,98.546875
4/12/00,97.890625
4/13/00,98.28125
4/14/00,98.53125
4/17/00,97.84375
4/18/00,97.765625
4/19/00,98.296875
4/20/00,98.234375
4/21/00,98.234375
4/24/00,98.234375
4/25/00,97.53125
4/26/00,97.546875
4/27/00,96.828125
4/28/00,96.953125
5/1/00,96.71875
5/2/00,96.4375
5/3/00,95.953125
5/4/00,95.5625
5/5/00,95.265625
5/8/00,94.984375
5/9/00,95.234375
5/10/00,95.734375
5/11/00,95.890625
5/12/00,95.265625
5/15/00,95.546875
5/16/00,95.78125
5/17/00,95.4375
5/18/00,94.921875
5/19/00,95.296875
5/22/00,95.890625
5/23/00,95.78125
5/24/00,95.6875
5/25/00,96.28125
5/26/00,96.734375
5/29/00,96.734375
5/30/00,96.40625
5/31/00,96.953125
6/1/00,97.5
6/2/00,97.796875
6/5/00,98.046875
6/6/00,97.9375
6/7/00,98
6/8/00,98.078125
6/9/00,98
6/12/00,98.265625
6/13/00,98.0625
6/14/00,98.546875
6/15/00,98.515625
6/16/00,98.90625
6/19/00,98.734375
6/20/00,98.609375
6/21/00,98.265625
6/22/00,97.75
6/23/00,97.390625
6/26/00,97.984375
6/27/00,97.984375
6/28/00,97.875
6/29/00,98.375
6/30/00,98.484375
7/3/00,98.84375
7/4/00,98.84375
7/5/00,98.9375
7/6/00,98.546875
7/7/00,98.859375
7/10/00,98.703125
7/11/00,98.578125
7/12/00,98.375
7/13/00,98.890625
7/14/00,98.171875
7/17/00,97.828125
7/18/00,97.859375
7/19/00,97.859375
7/20/00,98.875
7/21/00,98.96875
7/24/00,98.671875
7/25/00,98.765625
7/26/00,98.78125
7/27/00,99.015625
7/28/00,98.859375
7/31/00,98.890625
8/1/00,99.1875
8/2/00,99.359375
8/3/00,99.5
8/4/00,99.796875
8/7/00,99.484375
8/8/00,99.765625
8/9/00,99.828125
8/10/00,99.984375
8/11/00,99.59375
8/14/00,99.734375
8/15/00,99.5625
8/16/00,99.4375
8/17/00,99.5
8/18/00,99.734375
8/21/00,99.65625
8/22/00,99.71875
8/23/00,100.109375
8/24/00,100.125
8/25/00,100.125
8/28/00,99.796875
8/29/00,99.5625
8/30/00,99.59375
8/31/00,100.15625
9/1/00,100.53125
9/4/00,100.53125
9/5/00,100.53125
9/6/00,100.265625
9/7/00,100.09375
9/8/00,100.25
9/11/00,100.03125
9/12/00,100.03125
9/13/00,100.34375
9/14/00,100.0625
9/15/00,99.890625
9/18/00,99.828125
9/19/00,99.921875
9/20/00,99.953125
9/21/00,99.65625
9/22/00,99.875
9/25/00,99.9375
9/26/00,100.1875
9/27/00,100.125
9/28/00,100.125
9/29/00,100.21875
10/2/00,100.1875
10/3/00,99.890625
10/4/00,99.765625
10/5/00,100
10/6/00,100.234375
10/9/00,100.234375
10/10/00,100.390625
10/11/00,100.546875
10/12/00,100.9375
10/13/00,100.9375
10/16/00,100.828125
10/17/00,101.28125
10/18/00,101.28125
10/19/00,101.328125
10/20/00,101.546875
10/23/00,101.859375
10/24/00,101.625
10/25/00,101.296875
10/26/00,101.28125
10/27/00,101.03125
10/30/00,100.9375
10/31/00,100.703125
11/1/00,100.859375
11/2/00,100.96875
11/3/00,100.359375
11/6/00,100.140625
11/7/00,100.15625
11/8/00,100.25
11/9/00,100.609375
11/10/00,100.71875
11/13/00,100.921875
11/14/00,101
11/15/00,101.25
11/16/00,101.453125
11/17/00,101.296875
11/20/00,101.46875
11/21/00,101.5
11/22/00,101.859375
11/23/00,101.859375
11/24/00,101.6875
11/27/00,101.671875
11/28/00,102.03125
11/29/00,102.265625
11/30/00,102.875
12/1/00,102.453125
12/4/00,102.4375
12/5/00,102.984375
12/6/00,103.53125
12/7/00,103.546875
12/8/00,103.265625
12/11/00,103.15625
12/12/00,103.265625
12/13/00,103.71875
12/14/00,104.078125
12/15/00,104.296875
12/18/00,104.4375
12/19/00,104.125
12/20/00,105.0625
12/21/00,105.34375
12/22/00,105.515625
12/25/00,105.515625
12/26/00,105.421875
12/27/00,104.890625
12/28/00,104.703125
12/29/00,104.859375
1/1/01,104.859375
1/2/01,106.1875
1/3/01,104.765625
1/4/01,105.546875
1/5/01,106.109375
1/8/01,106.375
1/9/01,105.96875
1/10/01,105.328125
1/11/01,105.109375
1/12/01,104.359375
1/15/01,104.359375
1/16/01,104.515625
1/17/01,105.015625
1/18/01,105.53125
1/19/01,105.015625
1/22/01,104.671875
1/23/01,104.28125
1/24/01,104.140625
1/25/01,104.375
1/26/01,104.390625
1/29/01,104.265625
1/30/01,104.78125
1/31/01,105.21875
2/1/01,105.734375
2/2/01,105.265625
2/5/01,105.265625
2/6/01,104.953125
2/7/01,105.125
2/8/01,105.09375
2/9/01,105.546875
2/12/01,105.328125
2/13/01,105.171875
2/14/01,104.828125
2/15/01,104.40625
2/16/01,105
2/19/01,105
2/20/01,105.015625
2/21/01,104.765625
2/22/01,104.8125
2/23/01,105.15625
2/26/01,105.4375
2/27/01,105.875
2/28/01,106.328125
3/1/01,106.53125
3/2/01,105.90625
3/5/01,105.890625
3/6/01,105.890625
3/7/01,106.25
3/8/01,106.40625
3/9/01,106.125
3/12/01,106.21875
3/13/01,106.078125
3/14/01,106.65625
3/15/01,106.921875
3/16/01,107.203125
3/19/01,106.8125
3/20/01,107.09375
3/21/01,107.234375
3/22/01,107.203125
3/23/01,106.71875
3/26/01,106.453125
3/27/01,105.578125
3/28/01,105.703125
3/29/01,105.84375
3/30/01,106.203125
4/2/01,105.890625
4/3/01,106.0625
4/4/01,106.25
4/5/01,105.921875
4/6/01,106.65625
4/9/01,106.4375
4/10/01,105.40625
4/11/01,105.125
4/12/01,104.78125
4/13/01,104.78125
4/16/01,103.953125
4/17/01,104.609375
4/18/01,105.078125
4/19/01,104.21875
4/20/01,104.1875
4/23/01,104.734375
4/24/01,104.671875
4/25/01,104.234375
4/26/01,104.734375
4/27/01,103.796875
4/30/01,103.78125
5/1/01,104.078125
5/2/01,104.09375
5/3/01,104.765625
5/4/01,104.890625
5/7/01,104.90625
5/8/01,104.78125
5/9/01,105.1875
5/10/01,104.390625
5/11/01,102.96875
5/14/01,103.375
5/15/01,102.96875
5/16/01,103.1875
5/17/01,103.296875
5/18/01,103.40625
5/21/01,103.5
5/22/01,103.5
5/23/01,103.546875
5/24/01,102.921875
5/25/01,102.953125
5/28/01,102.953125
5/29/01,102.859375
5/30/01,102.890625
5/31/01,103.6875
6/1/01,103.921875
6/4/01,104.234375
6/5/01,104.703125
6/6/01,104.6875
6/7/01,104.40625
6/8/01,104.078125
6/11/01,104.46875
6/12/01,104.78125
6/13/01,104.734375
6/14/01,105.03125
6/15/01,104.953125
6/18/01,105.03125
6/19/01,105.125
6/20/01,105.421875
6/21/01,104.484375
6/22/01,105
6/25/01,104.90625
6/26/01,104.359375
6/27/01,104.21875
6/28/01,103.515625
6/29/01,103.015625
7/2/01,103.515625
7/3/01,103.171875
7/4/01,103.171875
7/5/01,102.984375
7/6/01,103.390625
7/9/01,103.578125
7/10/01,104.015625
7/11/01,104.03125
7/12/01,104.390625
7/13/01,104.40625
7/16/01,104.8125
7/17/01,104.796875
7/18/01,105.578125
7/19/01,105.359375
7/20/01,105.3125
7/23/01,105.4375
7/24/01,105.578125
7/25/01,105.09375
7/26/01,105.25
7/27/01,105.640625
7/30/01,105.765625
7/31/01,106.109375
8/1/01,105.859375
8/2/01,105.40625
8/3/01,105.296875
8/6/01,105.359375
8/7/01,105.3125
8/8/01,106.09375
8/9/01,105.765625
8/10/01,106.03125
8/13/01,106.25
8/14/01,106.15625
8/15/01,105.953125
8/16/01,106.34375
8/17/01,106.921875
8/20/01,106.546875
8/21/01,106.625
8/22/01,106.578125
8/23/01,106.71875
8/24/01,106.5625
8/27/01,106.515625
8/28/01,107.125
8/29/01,107.484375
8/30/01,107.421875
8/31/01,107.21875
9/3/01,107.21875
9/4/01,106.21875
9/5/01,106.375
9/6/01,107.15625
9/7/01,107.609375
9/10/01,107.390625
9/11/01,108.375
9/12/01,108.375
9/13/01,109.3125
9/14/01,109.859375
9/17/01,109.53125
9/18/01,108.9375
9/19/01,109.078125
9/20/01,107.546875
9/21/01,107.921875
9/24/01,107.734375
9/25/01,107.9375
9/26/01,108.46875
9/27/01,108.921875
9/28/01,108.78125
10/1/01,109.046875
10/2/01,109.328125
10/3/01,109.484375
10/4/01,109.453125
10/5/01,109.515625
10/8/01,109.515625
10/9/01,109
10/10/01,109.078125
10/11/01,108.5
10/12/01,108.5625
10/15/01,109.0625
10/16/01,109.28125
10/17/01,109.3125
10/18/01,109.359375
10/19/01,108.9375
10/22/01,109
10/23/01,108.859375
10/24/01,109.25
10/25/01,109.640625
10/26/01,109.734375
10/29/01,110.0625
10/30/01,110.625
10/31/01,111.515625
11/1/01,111.578125
11/2/01,110.828125
11/5/01,111.234375
11/6/01,111.4375
11/7/01,112.015625
11/8/01,111.25
11/9/01,111.15625
11/12/01,111.15625
11/13/01,110.59375
11/14/01,109.578125
11/15/01,107.9375
11/16/01,106.90625
11/19/01,107.890625
11/20/01,107.15625
11/21/01,106.421875
11/22/01,106.421875
11/23/01,106.078125
11/26/01,106.078125
11/27/01,106.6875
11/28/01,106.6875
11/29/01,108.09375
11/30/01,108.25
12/3/01,108.453125
12/4/01,108.875
12/5/01,107.078125
12/6/01,106.3125
12/7/01,105.28125
12/10/01,105.5625
12/11/01,106
12/12/01,106.796875
12/13/01,105.890625
12/14/01,105.359375
12/17/01,105.046875
12/18/01,105.796875
12/19/01,106.1875
12/20/01,104.9375
12/21/01,104.625
12/24/01,104.28125
12/25/01,104.28125
12/26/01,103.953125
12/27/01,104.609375
12/28/01,104.53125
12/31/01,105.140625
1/1/02,105.140625
1/2/02,104.3125
1/3/02,104.578125
1/4/02,104.546875
1/7/02,105.3125
1/8/02,105.28125
1/9/02,105.3125
1/10/02,106.03125
1/11/02,106.640625
1/14/02,106.71875
1/15/02,107.015625
1/16/02,106.953125
1/17/02,106.296875
1/18/02,106.640625
1/21/02,106.640625
1/22/02,106.578125
1/23/02,105.921875
1/24/02,105.703125
1/25/02,105.453125
1/28/02,105.484375
1/29/02,106.265625
1/30/02,106.296875
1/31/02,105.875
2/1/02,106.25
2/4/02,106.890625
2/5/02,106.953125
2/6/02,106.75
2/7/02,106.5625
2/8/02,106.953125
2/11/02,106.828125
2/12/02,106.3125
2/13/02,106.125
2/14/02,106.40625
2/15/02,107.078125
2/18/02,107.078125
2/19/02,106.953125
2/20/02,107
2/21/02,107.0625
2/22/02,107.390625
2/25/02,107.234375
2/26/02,106.75
2/27/02,107.53125
2/28/02,107.25
3/1/02,106.515625
3/4/02,106.328125
3/5/02,106.296875
3/6/02,106.109375
3/7/02,104.890625
3/8/02,104.21875
3/11/02,104.234375
3/12/02,104.375
3/13/02,104.78125
3/14/02,103.75
3/15/02,104.109375
3/18/02,104.4375
3/19/02,104.3125
3/20/02,102.296875
3/21/02,102.5
3/22/02,102.453125
3/25/02,102.359375
3/26/02,102.84375
3/27/02,102.921875
3/28/02,102.453125
3/29/02,102.453125
4/1/02,102.46875
4/2/02,103.078125
4/3/02,103.640625
4/4/02,103.65625
4/5/02,104.234375
4/8/02,104
4/9/02,104.234375
4/10/02,104.109375
4/11/02,104.265625
4/12/02,104.671875
4/15/02,104.875
4/16/02,104.59375
4/17/02,104.3125
4/18/02,104.40625
4/19/02,104.53125
4/22/02,104.734375
4/23/02,104.75
4/24/02,105.28125
4/25/02,105.421875
4/26/02,105.703125
4/29/02,105.453125
4/30/02,105.5625
5/1/02,105.8125
5/2/02,105.40625
5/3/02,105.84375
5/6/02,105.71875
5/7/02,105.828125
5/8/02,104.84375
5/9/02,105.15625
5/10/02,105.6875
5/13/02,105.0625
5/14/02,104.453125
5/15/02,104.71875
5/16/02,105.25
5/17/02,104.828125
5/20/02,105.28125
5/21/02,105.625
5/22/02,106
5/23/02,105.734375
5/24/02,105.9375
5/27/02,105.9375
5/28/02,106.015625
5/29/02,106.453125
5/30/02,106.828125
5/31/02,106.734375
6/3/02,106.796875
6/4/02,106.984375
6/5/02,106.828125
6/6/02,107.078125
6/7/02,106.8125
6/10/02,106.96875
6/11/02,107.3125
6/12/02,107.578125
6/13/02,107.875
6/14/02,108.609375
6/17/02,108.21875
6/18/02,108.296875
6/19/02,108.9375
6/20/02,107.03125
6/21/02,107.609375
6/24/02,107.109375
6/25/02,107.15625
6/26/02,108.046875
6/27/02,107.328125
6/28/02,107.234375
7/1/02,107.296875
7/2/02,107.921875
7/3/02,107.84375
7/4/02,107.84375
7/5/02,107.03125
7/8/02,107.40625
7/9/02,107.9375
7/10/02,108.65625
7/11/02,108.84375
7/12/02,109.03125
7/15/02,108.9375
7/16/02,108.359375
7/17/02,108.78125
7/18/02,109.171875
7/19/02,109.46875
7/22/02,110.171875
7/23/02,110.484375
7/24/02,110.671875
7/25/02,110.84375
7/26/02,111.046875
7/29/02,109.9375
7/30/02,109.734375
7/31/02,110.609375
8/1/02,111.046875
8/2/02,112.140625
8/5/02,112.390625
8/6/02,111.375
8/7/02,112.078125
8/8/02,111.453125
8/9/02,112.46875
8/12/02,112.6875
8/13/02,113.3125
8/14/02,113.234375
8/15/02,112.53125
8/16/02,111.515625
8/19/02,111.703125
8/20/02,112.734375
8/21/02,112.609375
8/22/02,111.984375
8/23/02,112.5
8/26/02,112.71875
8/27/02,112.1875
8/28/02,112.578125
8/29/02,113.03125
8/30/02,113.171875
9/2/02,113.171875
9/3/02,114.40625
9/4/02,114.625
9/5/02,114.953125
9/6/02,114.078125
9/9/02,113.96875
9/10/02,114.3125
9/11/02,113.8125
9/12/02,114.46875
9/13/02,114.90625
9/16/02,115.125
9/17/02,115.21875
9/18/02,115.265625
9/19/02,115.546875
9/20/02,114.6875
9/23/02,115.34375
9/24/02,115.5
9/25/02,114.6875
9/26/02,114.703125
9/27/02,115.28125
9/30/02,115.90625
10/1/02,115.21875
10/2/02,115.265625
10/3/02,115.34375
10/4/02,115.390625
10/7/02,115.734375
10/8/02,115.59375
10/9/02,116.15625
10/10/02,115.703125
10/11/02,114.8125
10/14/02,114.8125
10/15/02,113.296875
10/16/02,113.125
10/17/02,112.5625
10/18/02,112.6875
10/21/02,112.140625
10/22/02,112.046875
10/23/02,112.125
10/24/02,112.734375
10/25/02,113.140625
10/28/02,113.359375
10/29/02,114.390625
10/30/02,114.265625
10/31/02,114.71875
11/1/02,114.25
11/4/02,113.8125
11/5/02,113.625
11/6/02,113.84375
11/7/02,114.78125
11/8/02,115.046875
11/11/02,115.046875
11/12/02,115.078125
11/13/02,115.265625
11/14/02,113.953125
11/15/02,113.734375
11/18/02,113.90625
11/19/02,114.140625
11/20/02,113.328125
11/21/02,112.859375
11/22/02,112.65625
11/25/02,112.65625
11/26/02,113.453125
11/27/02,112.171875
11/28/02,112.171875
11/29/02,112.515625
12/2/02,112.40625
12/3/02,112.3125
12/4/02,112.765625
12/5/02,113.203125
12/6/02,113.59375
12/9/02,113.953125
12/10/02,113.984375
12/11/02,114.40625
12/12/02,114.34375
12/13/02,114.0625
12/16/02,113.59375
12/17/02,113.8125
12/18/02,114.34375
12/19/02,114.9375
12/20/02,113.78125
12/23/02,113.71875
12/24/02,114.109375
12/25/02,114.109375
12/26/02,114.234375
12/27/02,115.03125
12/30/02,115.265625
12/31/02,115.046875
1/1/03,115.046875
1/2/03,113.40625
1/3/03,113.4375
1/6/03,113.234375
1/7/03,113.53125
1/8/03,113.828125
1/9/03,112.59375
1/10/03,112.5625
1/13/03,112.84375
1/14/03,113.21875
1/15/03,113.328125
1/16/03,113.296875
1/17/03,113.796875
1/20/03,113.796875
1/21/03,114.0625
1/22/03,114.546875
1/23/03,114.359375
1/24/03,114.6875
1/27/03,114.296875
1/28/03,114.15625
1/29/03,113.703125
1/30/03,114.046875
1/31/03,113.921875
2/3/03,113.96875
2/4/03,114.4375
2/5/03,113.921875
2/6/03,114.34375
2/7/03,114.578125
2/10/03,114.171875
2/11/03,114.390625
2/12/03,114.8125
2/13/03,115.359375
2/14/03,114.828125
2/17/03,114.828125
2/18/03,114.890625
2/19/03,115.390625
2/20/03,115.703125
2/21/03,115.328125
2/24/03,115.703125
2/25/03,115.890625
2/26/03,116.1875
2/27/03,116.3125
2/28/03,116.71875
3/3/03,116.90625
3/4/03,117.125
3/5/03,117.40625
3/6/03,117.203125
3/7/03,117.46875
3/10/03,117.8125
3/11/03,117.59375
3/12/03,117.46875
3/13/03,116.28125
3/14/03,116.59375
3/17/03,115.890625
3/18/03,115.359375
3/19/03,114.90625
3/20/03,114.96875
3/21/03,112.65625
3/24/03,113.5
3/25/03,113.546875
3/26/03,113.734375
3/27/03,113.921875
3/28/03,114.34375
3/31/03,114.875
4/1/03,114.859375
4/2/03,114.09375
4/3/03,114.28125
4/4/03,114.125
4/7/03,113.6875
4/8/03,114.25
4/9/03,114.546875
4/10/03,114.359375
4/11/03,114.125
4/14/03,113.78125
4/15/03,114.125
4/16/03,114.328125
4/17/03,114.21875
4/18/03,114.21875
4/21/03,114.015625
4/22/03,114.0625
4/23/03,113.96875
4/24/03,114.609375
4/25/03,114.84375
4/28/03,114.75
4/29/03,114.53125
4/30/03,115.125
5/1/03,115.21875
5/2/03,114.765625
5/5/03,115.03125
5/6/03,115.71875
5/7/03,116.453125
5/8/03,116.6875
5/9/03,116.71875
5/12/03,116.984375
5/13/03,117.0625
5/14/03,117.5625
5/15/03,117.421875
5/16/03,118.03125
5/19/03,118.1875
5/20/03,118.734375
5/21/03,118.4375
5/22/03,118.796875
5/23/03,118.8125
5/26/03,118.8125
5/27/03,118.546875
5/28/03,118.46875
5/29/03,119.078125
5/30/03,119.0625
6/2/03,118.578125
6/3/03,119.296875
6/4/03,119.609375
6/5/03,119.265625
6/6/03,119.109375
6/9/03,119.65625
6/10/03,120.328125
6/11/03,120.21875
6/12/03,120.484375
6/13/03,120.859375
6/16/03,120.3125
6/17/03,119.578125
6/18/03,119
6/19/03,119.296875
6/20/03,118.171875
6/23/03,118.875
6/24/03,119.265625
6/25/03,118.4375
6/26/03,117.1875
6/27/03,117.0625
6/30/03,117.4375
7/1/03,117.296875
7/2/03,117.421875
7/3/03,116.703125
7/4/03,116.703125
7/7/03,116.328125
7/8/03,116.125
7/9/03,116.34375
7/10/03,116.609375
7/11/03,117.046875
7/14/03,116.4375
7/15/03,115.015625
7/16/03,114.734375
7/17/03,114.671875
7/18/03,114.53125
7/21/03,113.109375
7/22/03,113.375
7/23/03,113.671875
7/24/03,113.28125
7/25/03,113.1875
7/28/03,112.328125
7/29/03,111.53125
7/30/03,111.9375
7/31/03,110.625
8/1/03,110.546875
8/4/03,111.65625
8/5/03,110.84375
8/6/03,112.203125
8/7/03,112.46875
8/8/03,112.5625
8/11/03,112.078125
8/12/03,112.25
8/13/03,110.515625
8/14/03,110.3125
8/15/03,110.71875
8/18/03,111.09375
8/19/03,112
8/20/03,111.375
8/21/03,110.6875
8/22/03,111.203125
8/25/03,110.71875
8/26/03,111.140625
8/27/03,110.734375
8/28/03,111.71875
8/29/03,111.53125
9/1/03,111.53125
9/2/03,110.28125
9/3/03,110.578125
9/4/03,111.34375
9/5/03,112.8125
9/8/03,112.625
9/9/03,112.796875
9/10/03,113.625
9/11/03,113.171875
9/12/03,113.671875
9/15/03,113.9375
9/16/03,113.6875
9/17/03,114.25
9/18/03,114.171875
9/19/03,114.25
9/22/03,112.109375
9/23/03,112.28125
9/24/03,112.921875
9/25/03,113.109375
9/26/03,113.828125
9/29/03,113.5
9/30/03,114.625
10/1/03,114.625
10/2/03,114.015625
10/3/03,112.484375
10/6/03,112.96875
10/7/03,112.25
10/8/03,112.40625
10/9/03,111.953125
10/10/03,112.40625
10/13/03,112.40625
10/14/03,111.640625
10/15/03,111.21875
10/16/03,110.578125
10/17/03,111.265625
10/20/03,111.453125
10/21/03,111.484375
10/22/03,112.28125
10/23/03,112.0625
10/24/03,112.96875
10/27/03,112.53125
10/28/03,113.265625
10/29/03,112.578125
10/30/03,111.953125
10/31/03,112.296875
11/3/03,111.78125
11/4/03,112.234375
11/5/03,111.8125
11/6/03,111.40625
11/7/03,111.140625
11/10/03,111.09375
11/11/03,111.09375
11/12/03,111.515625
11/13/03,112.640625
11/14/03,113.25
11/17/03,113.640625
11/18/03,113.765625
11/19/03,113.234375
11/20/03,113.796875
11/21/03,113.84375
11/24/03,113.21875
11/25/03,113.5
11/26/03,113.0625
11/27/03,113.0625
11/28/03,112.40625
12/1/03,111.96875
12/2/03,112.125
12/3/03,111.859375
12/4/03,112.28125
12/5/03,113.515625
12/8/03,113.140625
12/9/03,112.546875
12/10/03,112.890625
12/11/03,113.609375
12/12/03,113.546875
12/15/03,113.375
12/16/03,113.6875
12/17/03,113.96875
12/18/03,114.171875
12/19/03,114.03125
12/22/03,112.734375
12/23/03,111.9375
12/24/03,112.625
12/25/03,112.625
12/26/03,113
12/29/03,112.359375
12/30/03,112.109375
12/31/03,112.265625
1/1/04,112.265625
1/2/04,111.34375
1/5/04,111.3125
1/6/04,112.203125
1/7/04,112.5
1/8/04,112.53125
1/9/04,113.921875
1/12/04,113.96875
1/13/04,114.4375
1/14/04,114.671875
1/15/04,114.640625
1/16/04,114.3125
1/19/04,114.3125
1/20/04,114.03125
1/21/04,114.1875
1/22/04,114.75
1/23/04,114
1/26/04,113.53125
1/27/04,114
1/28/04,112.890625
1/29/04,113
1/30/04,113.4375
2/2/04,113.375
2/3/04,113.828125
2/4/04,113.6875
2/5/04,113.234375
2/6/04,114.015625
2/9/04,114.21875
2/10/04,113.9375
2/11/04,114.671875
2/12/04,114.46875
2/13/04,114.828125
2/16/04,114.828125
2/17/04,114.796875
2/18/04,114.78125
2/19/04,114.8125
2/20/04,114.46875
2/23/04,114.890625
2/24/04,115.046875
2/25/04,115.140625
2/26/04,114.9375
2/27/04,115.375
3/1/04,115.296875
3/2/04,114.890625
3/3/04,114.8125
3/4/04,115.09375
3/5/04,116.625
3/8/04,117.046875
3/9/04,117.421875
3/10/04,117.3125
3/11/04,117.296875
3/12/04,117.25
3/15/04,117.15625
3/16/04,117.734375
3/17/04,117.734375
3/18/04,117.25
3/19/04,116.984375
3/22/04,117.265625
3/23/04,116.109375
3/24/04,116.171875
3/25/04,116.03125
3/26/04,115.21875
3/29/04,114.90625
3/30/04,114.84375
3/31/04,115.40625
4/1/04,114.875
4/2/04,112.9375
4/5/04,112.40625
4/6/04,112.796875
4/7/04,112.84375
4/8/04,112.609375
4/9/04,112.609375
4/12/04,112.40625
4/13/04,111.5625
4/14/04,111.25
4/15/04,111.171875
4/16/04,111.625
4/19/04,111.421875
4/20/04,111.09375
4/21/04,110.96875
4/22/04,111.390625
4/23/04,110.671875
4/26/04,110.796875
4/27/04,111.09375
4/28/04,110.59375
4/29/04,110.171875
4/30/04,110.5
5/3/04,110.5
5/4/04,110.296875
5/5/04,110.0625
5/6/04,109.828125
5/7/04,108.484375
5/10/04,108.5625
5/11/04,108.6875
5/12/04,108.5625
5/13/04,108.203125
5/14/04,108.78125
5/17/04,109.515625
5/18/04,109.203125
5/19/04,108.734375
5/20/04,109.265625
5/21/04,108.953125
5/24/04,109.125
5/25/04,109.265625
5/26/04,109.78125
5/27/04,110.390625
5/28/04,109.875
5/31/04,109.875
6/1/04,109.625
6/2/04,109.375
6/3/04,109.546875
6/4/04,109.046875
6/7/04,109.21875
6/8/04,109.1875
6/9/04,108.875
6/10/04,109.09375
6/11/04,109.09375
6/14/04,108.515625
6/15/04,109.953125
6/16/04,109.625
6/17/04,109.890625
6/18/04,109.75
6/21/04,109.953125
6/22/04,108.453125
6/23/04,108.546875
6/24/04,108.96875
6/25/04,108.984375
6/28/04,108.265625
6/29/04,108.609375
6/30/04,109.328125
7/1/04,109.671875
7/2/04,110.5
7/5/04,110.5
7/6/04,110.390625
7/7/04,110.421875
7/8/04,110.484375
7/9/04,110.578125
7/12/04,110.703125
7/13/04,110.4375
7/14/04,110.40625
7/15/04,110.390625
7/16/04,111.34375
7/19/04,111.328125
7/20/04,110.578125
7/21/04,110.34375
7/22/04,110.5
7/23/04,110.734375
7/26/04,110.484375
7/27/04,109.65625
7/28/04,109.828125
7/29/04,109.96875
7/30/04,110.71875
8/2/04,110.875
8/3/04,111.078125
8/4/04,111.015625
8/5/04,111.234375
8/6/04,112.71875
8/9/04,112.484375
8/10/04,112.125
8/11/04,112.25
8/12/04,112.4375
8/13/04,112.78125
8/16/04,112.53125
8/17/04,112.9375
8/18/04,112.75
8/19/04,112.890625
8/20/04,112.71875
8/23/04,112.390625
8/24/04,112.421875
8/25/04,112.53125
8/26/04,112.796875
8/27/04,112.796875
8/30/04,113.09375
8/31/04,113.46875
9/1/04,113.609375
9/2/04,113.171875
9/3/04,112.46875
9/6/04,112.46875
9/7/04,112.75
9/8/04,113.421875
9/9/04,113.25
9/10/04,113.40625
9/13/04,113.609375
9/14/04,113.78125
9/15/04,113.5
9/16/04,114.203125
9/17/04,113.828125
9/20/04,114.34375
9/21/04,114.21875
9/22/04,113.59375
9/23/04,113.234375
9/24/04,113.203125
9/27/04,113.4375
9/28/04,113.375
9/29/04,112.78125
9/30/04,112.625
10/1/04,112.15625
10/4/04,112.265625
10/5/04,112.328125
10/6/04,111.9375
10/7/04,111.78125
10/8/04,112.578125
10/11/04,112.578125
10/12/04,112.828125
10/13/04,113.09375
10/14/04,113.53125
10/15/04,113.21875
10/18/04,113.234375
10/19/04,113.28125
10/20/04,113.625
10/21/04,113.578125
10/22/04,113.734375
10/25/04,113.890625
10/26/04,113.796875
10/27/04,113.09375
10/28/04,113.1875
10/29/04,113.5625
11/1/04,113.125
11/2/04,113.234375
11/3/04,113.296875
11/4/04,113.265625
11/5/04,112.421875
11/8/04,112.265625
11/9/04,112.28125
11/10/04,112.015625
11/11/04,112.015625
11/12/04,112.390625
11/15/04,112.453125
11/16/04,112.3125
11/17/04,112.796875
11/18/04,112.890625
11/19/04,112.296875
11/22/04,112.421875
11/23/04,112.328125
11/24/04,112.25
11/25/04,112.25
11/26/04,112.046875
11/29/04,111.453125
11/30/04,111.453125
12/1/04,111.34375
12/2/04,111.21875
12/3/04,112.125
12/6/04,112.28125
12/7/04,112.28125
12/8/04,112.953125
12/9/04,112.828125
12/10/04,112.9375
12/13/04,112.953125
12/14/04,113.0625
12/15/04,113.3125
12/16/04,112.703125
12/17/04,112.5625
12/20/04,112.703125
12/21/04,112.203125
12/22/04,112.03125
12/23/04,111.984375
12/24/04,111.984375
12/27/04,111.515625
12/28/04,111.5
12/29/04,111.265625
12/30/04,111.671875
12/31/04,111.9375
1/3/05,111.875
1/4/05,111.40625
1/5/05,111.40625
1/6/05,111.484375
1/7/05,111.375
1/10/05,111.390625
1/11/05,111.578125
1/12/05,111.640625
1/13/05,112
1/14/05,111.828125
1/17/05,111.828125
1/18/05,111.90625
1/19/05,111.921875
1/20/05,112.078125
1/21/05,112.296875
1/24/05,112.359375
1/25/05,111.953125
1/26/05,111.875
1/27/05,111.765625
1/28/05,112.25
1/31/05,112.265625
2/1/05,112.28125
2/2/05,112.25
2/3/05,112.03125
2/4/05,112.65625
2/7/05,112.765625
2/8/05,112.828125
2/9/05,113.375
2/10/05,112.828125
2/11/05,112.59375
2/14/05,112.71875
2/15/05,112.5625
2/16/05,112.109375
2/17/05,112
2/18/05,111.484375
2/21/05,111.484375
2/22/05,111.359375
2/23/05,111.421875
2/24/05,111.3125
2/25/05,111.40625
2/28/05,110.875
3/1/05,110.78125
3/2/05,110.75
3/3/05,110.6875
3/4/05,111.09375
3/7/05,111.15625
3/8/05,110.671875
3/9/05,109.84375
3/10/05,110.140625
3/11/05,109.65625
3/14/05,109.765625
3/15/05,109.65625
3/16/05,109.875
3/17/05,110.171875
3/18/05,110.015625
3/21/05,109.9375
3/22/05,108.421875
3/23/05,108.359375
3/24/05,108.453125
3/25/05,108.453125
3/28/05,108.15625
3/29/05,108.515625
3/30/05,108.75
3/31/05,109.265625
4/1/05,109.53125
4/4/05,109.5625
4/5/05,109.46875
4/6/05,109.703125
4/7/05,109.46875
4/8/05,109.34375
4/11/05,109.625
4/12/05,110.21875
4/13/05,110.234375
4/14/05,110.390625
4/15/05,110.953125
4/18/05,111.109375
4/19/05,111.4375
4/20/05,111.390625
4/21/05,110.765625
4/22/05,111.046875
4/25/05,111.03125
4/26/05,110.96875
4/27/05,111.203125
4/28/05,111.671875
4/29/05,111.421875
5/2/05,111.5
5/3/05,111.375
5/4/05,111.578125
5/5/05,111.828125
5/6/05,111.015625
5/9/05,110.921875
5/10/05,111.375
5/11/05,111.5
5/12/05,111.65625
5/13/05,111.96875
5/16/05,111.984375
5/17/05,112.078125
5/18/05,112.4375
5/19/05,112.125
5/20/05,112.046875
5/23/05,112.53125
5/24/05,113
5/25/05,112.71875
5/26/05,112.546875
5/27/05,112.625
5/30/05,112.625
5/31/05,112.84375
6/1/05,113.53125
6/2/05,113.578125
6/3/05,112.984375
6/6/05,113.140625
6/7/05,113.578125
6/8/05,113.375
6/9/05,113.15625
6/10/05,112.53125
6/13/05,112.265625
6/14/05,112
6/15/05,111.96875
6/16/05,112.296875
6/17/05,112.171875
6/20/05,112.046875
6/21/05,112.546875
6/22/05,113.640625
6/23/05,113.5
6/24/05,113.828125
6/27/05,113.9375
6/28/05,113.4375
6/29/05,113.265625
6/30/05,113.46875
7/1/05,112.75
7/4/05,112.75
7/5/05,112.15625
7/6/05,112.40625
7/7/05,112.625
7/8/05,112.078125
7/11/05,112.125
7/12/05,111.875
7/13/05,111.765625
7/14/05,111.625
7/15/05,111.703125
7/18/05,111.515625
7/19/05,111.75
7/20/05,111.890625
7/21/05,111.09375
7/22/05,111.421875
7/25/05,111.28125
7/26/05,111.3125
7/27/05,111.15625
7/28/05,111.640625
7/29/05,110.984375
8/1/05,110.6875
8/2/05,110.59375
8/3/05,110.828125
8/4/05,110.671875
8/5/05,110.109375
8/8/05,109.953125
8/9/05,110.1875
8/10/05,110.1875
8/11/05,110.625
8/12/05,111.171875
8/15/05,110.953125
8/16/05,111.328125
8/17/05,110.953125
8/18/05,111.578125
8/19/05,111.578125
8/22/05,111.59375
8/23/05,111.71875
8/24/05,111.75
8/25/05,111.859375
8/26/05,111.578125
8/29/05,111.734375
8/30/05,112.453125
8/31/05,112.921875
9/1/05,113.125
9/2/05,113.109375
9/5/05,113.109375
9/6/05,112.875
9/7/05,112.578125
9/8/05,112.5
9/9/05,112.5625
9/12/05,112.25
9/13/05,112.546875
9/14/05,112.265625
9/15/05,111.828125
9/16/05,111.421875
9/19/05,111.46875
9/20/05,111.375
9/21/05,111.6875
9/22/05,111.234375
9/23/05,110.671875
9/26/05,110.359375
9/27/05,110.265625
9/28/05,110.4375
9/29/05,110.25
9/30/05,109.921875
10/3/05,109.5625
10/4/05,109.609375
10/5/05,109.671875
10/6/05,109.671875
10/7/05,109.734375
10/10/05,109.734375
10/11/05,109.625
10/12/05,109.234375
10/13/05,109
10/14/05,108.921875
10/17/05,108.890625
10/18/05,108.984375
10/19/05,109.109375
10/20/05,109.125
10/21/05,109.5625
10/24/05,109.171875
10/25/05,108.734375
10/26/05,108.234375
10/27/05,108.46875
10/28/05,108.421875
10/31/05,108.453125
11/1/05,108.359375
11/2/05,108.125
11/3/05,107.75
11/4/05,107.703125
11/7/05,107.84375
11/8/05,108.3125
11/9/05,107.890625
11/10/05,108.34375
11/11/05,108.34375
11/14/05,108.015625
11/15/05,108.34375
11/16/05,108.828125
11/17/05,109.03125
11/18/05,108.734375
11/21/05,109.015625
11/22/05,109.28125
11/23/05,108.953125
11/24/05,108.953125
11/25/05,109.265625
11/28/05,109.40625
11/29/05,108.890625
11/30/05,108.734375
12/1/05,108.578125
12/2/05,108.59375
12/5/05,108.3125
12/6/05,108.828125
12/7/05,108.703125
12/8/05,109.109375
12/9/05,108.5625
12/12/05,108.484375
12/13/05,108.625
12/14/05,109.15625
12/15/05,109.078125
12/16/05,109.203125
12/19/05,109.1875
12/20/05,109.078125
12/21/05,108.78125
12/22/05,109.15625
12/23/05,109.59375
12/26/05,109.59375
12/27/05,109.828125
12/28/05,109.578125
12/29/05,109.578125
12/30/05,109.40625
1/2/06,109.40625
1/3/06,109.65625
1/4/06,109.78125
1/5/06,109.78125
1/6/06,109.59375
1/9/06,109.59375
1/10/06,109.234375
1/11/06,109
1/12/06,109.34375
1/13/06,109.765625
1/16/06,109.765625
1/17/06,109.859375
1/18/06,109.765625
1/19/06,109.5
1/20/06,109.578125
1/23/06,109.625
1/24/06,109.4375
1/25/06,108.828125
1/26/06,108.546875
1/27/06,108.65625
1/30/06,108.484375
1/31/06,108.4375
2/1/06,108.1875
2/2/06,108.1875
2/3/06,108.3125
2/6/06,108.265625
2/7/06,108.171875
2/8/06,107.984375
2/9/06,108.0625
2/10/06,107.828125
2/13/06,107.859375
2/14/06,107.6875
2/15/06,107.703125
2/16/06,107.78125
2/17/06,108.109375
2/20/06,108.109375
2/21/06,107.9375
2/22/06,108.140625
2/23/06,107.828125
2/24/06,107.8125
2/27/06,107.6875
2/28/06,108
3/1/06,107.796875
3/2/06,107.453125
3/3/06,107.203125
3/6/06,106.890625
3/7/06,106.921875
3/8/06,106.9375
3/9/06,107.015625
3/10/06,106.921875
3/13/06,106.8125
3/14/06,107.34375
3/15/06,107.203125
3/16/06,107.796875
3/17/06,107.65625
3/20/06,107.796875
3/21/06,107.328125
3/22/06,107.375
3/23/06,107
3/24/06,107.484375
3/27/06,107.3125
3/28/06,106.78125
3/29/06,106.609375
3/30/06,106.3125
3/31/06,106.390625
4/3/06,106.21875
4/4/06,106.25
4/5/06,106.515625
4/6/06,106.234375
4/7/06,105.828125
4/10/06,105.84375
4/11/06,106.046875
4/12/06,105.734375
4/13/06,105.40625
4/14/06,105.40625
4/17/06,105.609375
4/18/06,105.921875
4/19/06,105.6875
4/20/06,105.625
4/21/06,105.703125
4/24/06,105.875
4/25/06,105.359375
4/26/06,105.125
4/27/06,105.40625
4/28/06,105.578125
5/1/06,105.140625
5/2/06,105.25
5/3/06,105.015625
5/4/06,104.96875
5/5/06,105.265625
5/8/06,105.1875
5/9/06,105.171875
5/10/06,105.125
5/11/06,104.984375
5/12/06,104.703125
5/15/06,104.9375
5/16/06,105.265625
5/17/06,105.015625
5/18/06,105.515625
5/19/06,105.578125
5/22/06,105.71875
5/23/06,105.53125
5/24/06,105.734375
5/25/06,105.46875
5/26/06,105.609375
5/29/06,105.609375
5/30/06,105.390625
5/31/06,105.078125
6/1/06,105.140625
6/2/06,105.96875
6/5/06,105.75
6/6/06,105.84375
6/7/06,105.671875
6/8/06,105.859375
6/9/06,105.890625
6/12/06,105.875
6/13/06,106.015625
6/14/06,105.421875
6/15/06,105.140625
6/16/06,104.9375
6/19/06,104.84375
6/20/06,104.75
6/21/06,104.796875
6/22/06,104.328125
6/23/06,104.125
6/26/06,104.109375
6/27/06,104.296875
6/28/06,104.078125
6/29/06,104.40625
6/30/06,104.859375
7/3/06,104.78125
7/4/06,104.78125
7/5/06,104.25
7/6/06,104.5
7/7/06,104.859375
7/10/06,104.875
7/11/06,105.078125
7/12/06,105.078125
7/13/06,105.28125
7/14/06,105.375
7/17/06,105.3125
7/18/06,104.859375
7/19/06,105.40625
7/20/06,105.625
7/21/06,105.5625
7/24/06,105.5625
7/25/06,105.4375
7/26/06,105.640625
7/27/06,105.640625
7/28/06,106
7/31/06,106.03125
8/1/06,106.03125
8/2/06,106.15625
8/3/06,106.171875
8/4/06,106.546875
8/7/06,106.375
8/8/06,106.421875
8/9/06,106.375
8/10/06,106.359375
8/11/06,106.0625
8/14/06,105.8125
8/15/06,106.28125
8/16/06,106.703125
8/17/06,106.65625
8/18/06,106.859375
8/21/06,106.9375
8/22/06,106.96875
8/23/06,106.90625
8/24/06,106.9375
8/25/06,107.03125
8/28/06,106.9375
8/29/06,106.96875
8/30/06,107.125
8/31/06,107.421875
9/1/06,107.484375
9/4/06,107.484375
9/5/06,107.1875
9/6/06,107.0625
9/7/06,107.09375
9/8/06,107.265625
9/11/06,107.078125
9/12/06,107.25
9/13/06,107.3125
9/14/06,107.125
9/15/06,107.078125
9/18/06,106.96875
9/19/06,107.5
9/20/06,107.609375
9/21/06,107.96875
9/22/06,108.328125
9/25/06,108.578125
9/26/06,108.390625
9/27/06,108.34375
9/28/06,108.15625
9/29/06,108.0625
10/2/06,108.203125
10/3/06,108.203125
10/4/06,108.578125
10/5/06,108.25
10/6/06,107.609375
10/9/06,107.609375
10/10/06,107.25
10/11/06,106.984375
10/12/06,107.046875
10/13/06,106.875
10/16/06,107.015625
10/17/06,107.109375
10/18/06,107.15625
10/19/06,107.03125
10/20/06,107.015625
10/23/06,106.765625
10/24/06,106.75
10/25/06,107.078125
10/26/06,107.46875
10/27/06,107.75
10/30/06,107.75
10/31/06,108.21875
11/1/06,108.53125
11/2/06,108.3125
11/3/06,107.46875
11/6/06,107.515625
11/7/06,107.859375
11/8/06,108.046875
11/9/06,108.0625
11/10/06,108.28125
11/13/06,108.15625
11/14/06,108.390625
11/15/06,108.03125
11/16/06,107.75
11/17/06,108.171875
11/20/06,108.21875
11/21/06,108.34375
11/22/06,108.421875
11/23/06,108.421875
11/24/06,108.5
11/27/06,108.59375
11/28/06,108.8125
11/29/06,108.71875
11/30/06,109.109375
12/1/06,109.40625
12/4/06,109.375
12/5/06,109.34375
12/6/06,109.0625
12/7/06,109.0625
12/8/06,108.5625
12/11/06,108.78125
12/12/06,109.015625
12/13/06,108.453125
12/14/06,108.3125
12/15/06,108.296875
12/18/06,108.34375
12/19/06,108.328125
12/20/06,108.328125
12/21/06,108.671875
12/22/06,108.15625
12/25/06,108.15625
12/26/06,108.265625
12/27/06,107.859375
12/28/06,107.59375
12/29/06,107.46875
1/1/07,107.46875
1/2/07,107.59375
1/3/07,107.75
1/4/07,108.0625
1/5/07,107.875
1/8/07,107.8125
1/9/07,107.8125
1/10/07,107.6875
1/11/07,107.3125
1/12/07,107.109375
1/15/07,107.109375
1/16/07,107.234375
1/17/07,106.984375
1/18/07,107.1875
1/19/07,107.046875
1/22/07,107.140625
1/23/07,106.890625
1/24/07,106.875
1/25/07,106.5
1/26/07,106.4375
1/29/07,106.359375
1/30/07,106.453125
1/31/07,106.75
2/1/07,106.671875
2/2/07,106.71875
2/5/07,106.84375
2/6/07,107.125
2/7/07,107.296875
2/8/07,107.328125
2/9/07,106.984375
2/12/07,106.859375
2/13/07,106.796875
2/14/07,107.34375
2/15/07,107.515625
2/16/07,107.59375
2/19/07,107.59375
2/20/07,107.671875
2/21/07,107.59375
2/22/07,107.328125
2/23/07,107.6875
2/26/07,107.984375
2/27/07,108.78125
2/28/07,108.5625
3/1/07,108.578125
3/2/07,108.84375
3/5/07,108.8125
3/6/07,108.75
3/7/07,108.9375
3/8/07,108.9375
3/9/07,108.375
3/12/07,108.609375
3/13/07,109.0625
3/14/07,108.9375
3/15/07,108.859375
3/16/07,108.78125
3/19/07,108.625
3/20/07,108.765625
3/21/07,108.578125
3/22/07,108.53125
3/23/07,108.375
3/26/07,108.53125
3/27/07,108.390625
3/28/07,108.375
3/29/07,108.25
3/30/07,108.125
4/2/07,108.15625
4/3/07,108
4/4/07,108.125
4/5/07,107.953125
4/6/07,107.390625
4/9/07,107.4375
4/10/07,107.578125
4/11/07,107.484375
4/12/07,107.484375
4/13/07,107.3125
4/16/07,107.453125
4/17/07,107.796875
4/18/07,108.03125
4/19/07,107.984375
4/20/07,108
4/23/07,108.125
4/24/07,108.328125
4/25/07,108.171875
4/26/07,107.90625
4/27/07,107.84375
4/30/07,108.328125
5/1/07,108.21875
5/2/07,108.171875
5/3/07,107.953125
5/4/07,108.21875
5/7/07,108.234375
5/8/07,108.265625
5/9/07,107.953125
5/10/07,108.140625
5/11/07,107.96875
5/14/07,107.84375
5/15/07,107.6875
5/16/07,107.6875
5/17/07,107.359375
5/18/07,107.046875
5/21/07,107.140625
5/22/07,106.875
5/23/07,106.703125
5/24/07,106.6875
5/25/07,106.65625
5/28/07,106.65625
5/29/07,106.5
5/30/07,106.5
5/31/07,106.390625
6/1/07,105.96875
6/4/07,106.125
6/5/07,105.84375
6/6/07,105.953125
6/7/07,105.234375
6/8/07,105.1875
6/11/07,105.15625
6/12/07,104.515625
6/13/07,104.71875
6/14/07,104.625
6/15/07,104.90625
6/18/07,105.09375
6/19/07,105.515625
6/20/07,105.25
6/21/07,104.75
6/22/07,104.96875
6/25/07,105.40625
6/26/07,105.265625
6/27/07,105.484375
6/28/07,105.203125
6/29/07,105.703125
7/2/07,105.9375
7/3/07,105.59375
7/4/07,105.59375
7/5/07,104.9375
7/6/07,104.609375
7/9/07,104.84375
7/10/07,105.625
7/11/07,105.421875
7/12/07,105.125
7/13/07,105.15625
7/16/07,105.609375
7/17/07,105.34375
7/18/07,105.84375
7/19/07,105.734375
7/20/07,106.234375
7/23/07,106.171875
7/24/07,106.34375
7/25/07,106.59375
7/26/07,107.53125
7/27/07,107.390625
7/30/07,107.21875
7/31/07,107.421875
8/1/07,107.453125
8/2/07,107.46875
8/3/07,107.875
8/6/07,107.671875
8/7/07,107.5625
8/8/07,106.859375
8/9/07,107.375
8/10/07,107.484375
8/13/07,107.53125
8/14/07,107.875
8/15/07,108.1875
8/16/07,108.859375
8/17/07,108.59375
8/20/07,108.78125
8/21/07,109.078125
8/22/07,108.84375
8/23/07,108.8125
8/24/07,108.65625
8/27/07,108.84375
8/28/07,109.5
8/29/07,109.390625
8/30/07,109.828125
8/31/07,109.484375
9/3/07,109.484375
9/4/07,109.53125
9/5/07,110.234375
9/6/07,109.953125
9/7/07,111
9/10/07,111.234375
9/11/07,110.859375
9/12/07,110.578125
9/13/07,110.015625
9/14/07,110.125
9/17/07,110.0625
9/18/07,110.171875
9/19/07,109.734375
9/20/07,108.640625
9/21/07,108.890625
9/24/07,108.9375
9/25/07,109.046875
9/26/07,109.046875
9/27/07,109.375
9/28/07,109.28125
10/1/07,109.34375
10/2/07,109.609375
10/3/07,109.46875
10/4/07,109.625
10/5/07,108.765625
10/8/07,108.765625
10/9/07,108.671875
10/10/07,108.703125
10/11/07,108.65625
10/12/07,108.46875
10/15/07,108.625
10/16/07,108.796875
10/17/07,109.5625
10/18/07,109.890625
10/19/07,110.5625
10/22/07,110.53125
10/23/07,110.515625
10/24/07,111.03125
10/25/07,110.859375
10/26/07,110.640625
10/29/07,110.65625
10/30/07,110.65625
10/31/07,110.015625
11/1/07,110.796875
11/2/07,111.34375
11/5/07,111.15625
11/6/07,110.875
11/7/07,111.171875
11/8/07,111.625
11/9/07,111.984375
11/12/07,111.984375
11/13/07,111.71875
11/14/07,111.59375
11/15/07,112.375
11/16/07,112.453125
11/19/07,113.015625
11/20/07,113.15625
11/21/07,113.390625
11/22/07,113.390625
11/23/07,113.453125
11/26/07,114.59375
11/27/07,113.953125
11/28/07,113.421875
11/29/07,114
11/30/07,113.921875
12/3/07,114.578125
12/4/07,114.65625
12/5/07,114.703125
12/6/07,114.171875
12/7/07,113.3125
12/10/07,113.171875
12/11/07,114.390625
12/12/07,113.734375
12/13/07,113.21875
12/14/07,112.796875
12/17/07,113.171875
12/18/07,113.640625
12/19/07,113.75
12/20/07,113.515625
12/21/07,112.4375
12/24/07,112.09375
12/25/07,112.09375
12/26/07,111.59375
12/27/07,112.21875
12/28/07,112.90625
12/31/07,113.390625
1/1/08,113.390625
1/2/08,114.390625
1/3/08,114.34375
1/4/08,114.984375
1/7/08,115.15625
1/8/08,115.15625
1/9/08,115.46875
1/10/08,114.8125
1/11/08,115.4375
1/14/08,115.5
1/15/08,116.09375
1/16/08,116.03125
1/17/08,116.546875
1/18/08,116.671875
1/21/08,116.671875
1/22/08,117.828125
1/23/08,118.203125
1/24/08,116.671875
1/25/08,117.046875
1/28/08,117
1/29/08,116.53125
1/30/08,116
1/31/08,116.71875
2/1/08,117.046875
2/4/08,116.8125
2/5/08,117.4375
2/6/08,117.3125
2/7/08,116.53125
2/8/08,117.078125
2/11/08,117.328125
2/12/08,116.890625
2/13/08,116.984375
2/14/08,116.234375
2/15/08,116.4375
2/18/08,116.4375
2/19/08,115.625
2/20/08,115.296875
2/21/08,116.484375
2/22/08,116.5
2/25/08,115.625
2/26/08,115.953125
2/27/08,116.0625
2/28/08,117.140625
2/29/08,118.6875
3/3/08,118.703125
3/4/08,118.578125
3/5/08,118
3/6/08,118.53125
3/7/08,119.3125
3/10/08,120.09375
3/11/08,118.703125
3/12/08,119.71875
3/13/08,119.59375
3/14/08,120.90625
3/17/08,121.6875
3/18/08,120.703125
3/19/08,120.9375
3/20/08,119.828125
3/21/08,119.828125
3/24/08,118.21875
3/25/08,118.53125
3/26/08,118.65625
3/27/08,118.359375
3/28/08,118.703125
3/31/08,118.953125
4/1/08,117.71875
4/2/08,117.421875
4/3/08,117.421875
4/4/08,118.3125
4/7/08,117.484375
4/8/08,117.46875
4/9/08,118.1875
4/10/08,117.546875
4/11/08,118.203125
4/14/08,117.921875
4/15/08,117.40625
4/16/08,116.59375
4/17/08,116.359375
4/18/08,116.140625
4/21/08,116.390625
4/22/08,116.25
4/23/08,116.078125
4/24/08,115.3125
4/25/08,115.0625
4/28/08,115.34375
4/29/08,115.390625
4/30/08,115.8125
5/1/08,115.734375
5/2/08,114.96875
5/5/08,115.078125
5/6/08,114.84375
5/7/08,115.109375
5/8/08,115.796875
5/9/08,116.0625
5/12/08,116.03125
5/13/08,114.921875
5/14/08,114.5625
5/15/08,115.28125
5/16/08,115.21875
5/19/08,115.40625
5/20/08,115.96875
5/21/08,115.640625
5/22/08,114.734375
5/23/08,115.515625
5/26/08,115.515625
5/27/08,114.8125
5/28/08,114.125
5/29/08,113.703125
5/30/08,113.953125
6/2/08,114.84375
6/3/08,115.671875
6/4/08,115.4375
6/5/08,114.75
6/6/08,115.421875
6/9/08,114.65625
6/10/08,113.734375
6/11/08,113.984375
6/12/08,112.953125
6/13/08,112.59375
6/16/08,112.75
6/17/08,113.0625
6/18/08,113.65625
6/19/08,113.234375
6/20/08,112.484375
6/23/08,112.25
6/24/08,112.9375
6/25/08,112.78125
6/26/08,113.65625
6/27/08,113.828125
6/30/08,113.921875
7/1/08,113.875
7/2/08,114.21875
7/3/08,114.359375
7/4/08,114.359375
7/7/08,114.84375
7/8/08,115.234375
7/9/08,115.5
7/10/08,115.671875
7/11/08,114.421875
7/14/08,114.96875
7/15/08,115.421875
7/16/08,114.875
7/17/08,113.890625
7/18/08,113.609375
7/21/08,113.765625
7/22/08,113.46875
7/23/08,113.015625
7/24/08,114.15625
7/25/08,113.4375
7/28/08,114.265625
7/29/08,114.109375
7/30/08,114.109375
7/31/08,114.828125
8/1/08,115.03125
8/4/08,114.84375
8/5/08,114.703125
8/6/08,114.484375
8/7/08,115.59375
8/8/08,115.3125
8/11/08,114.875
8/12/08,115.71875
8/13/08,115.40625
8/14/08,115.8125
8/15/08,116.09375
8/18/08,116.390625
8/19/08,116.265625
8/20/08,116.65625
8/21/08,116.3125
8/22/08,116.015625
8/25/08,116.8125
8/26/08,116.78125
8/27/08,116.984375
8/28/08,116.828125
8/29/08,116.6875
9/1/08,116.6875
9/2/08,117.390625
9/3/08,117.6875
9/4/08,117.921875
9/5/08,117.609375
9/8/08,117.40625
9/9/08,117.859375
9/10/08,117.484375
9/11/08,117.640625
9/12/08,116.96875
9/15/08,119.171875
9/16/08,118.984375
9/17/08,119.984375
9/18/08,119.9375
9/19/08,116.828125
9/22/08,115.140625
9/23/08,114.859375
9/24/08,115.234375
9/25/08,114.34375
9/26/08,114.8125
9/29/08,116.578125
9/30/08,114.625
10/1/08,115.09375
10/2/08,115.5
10/3/08,116
10/6/08,117.96875
10/7/08,117.140625
10/8/08,114.9375
10/9/08,113.53125
10/10/08,113.546875
10/13/08,112.25
10/14/08,112.140625
10/15/08,111.96875
10/16/08,112.296875
10/17/08,111.921875
10/20/08,113.015625
10/21/08,114.5
10/22/08,115.25
10/23/08,115.84375
10/24/08,115.125
10/27/08,115.125
10/28/08,114.359375
10/29/08,114.0625
10/30/08,113.578125
10/31/08,113.078125
11/3/08,113.796875
11/4/08,115.125
11/5/08,115.453125
11/6/08,115.453125
11/7/08,115.0625
11/10/08,115.53125
11/11/08,116
11/12/08,116.65625
11/13/08,116.40625
11/14/08,116.921875
11/17/08,117.453125
11/18/08,118.46875
11/19/08,119.25
11/20/08,120.71875
11/21/08,120.484375
11/24/08,119.390625
11/25/08,121.171875
11/26/08,122.359375
11/27/08,122.359375
11/28/08,122.890625
12/1/08,124.828125
12/2/08,125.25
12/3/08,125.953125
12/4/08,126.640625
12/5/08,125.625
12/8/08,125.328125
12/9/08,125.90625
12/10/08,125.671875
12/11/08,126.71875
12/12/08,127.1875
12/15/08,127.484375
12/16/08,129.203125
12/17/08,129.703125
12/18/08,130.09375
12/19/08,129.859375
12/22/08,126.921875
12/23/08,127.140625
12/24/08,126.71875
12/25/08,126.71875
12/26/08,127.328125
12/29/08,127.75
12/30/08,127.296875
12/31/08,125.75
1/1/09,125.75
1/2/09,124.296875
1/5/09,124.171875
1/6/09,124.359375
1/7/09,124.484375
1/8/09,125.3125
1/9/09,125.546875
1/12/09,126.328125
1/13/09,126.21875
1/14/09,126.96875
1/15/09,127.015625
1/16/09,126.53125
1/19/09,126.53125
1/20/09,126.265625
1/21/09,124.75
1/22/09,124.140625
1/23/09,123.90625
1/26/09,123.65625
1/27/09,124.71875
1/28/09,123.84375
1/29/09,122.828125
1/30/09,122.671875
2/2/09,123.71875
2/3/09,122.546875
2/4/09,122.109375
2/5/09,122.375
2/6/09,121.828125
2/9/09,121.5625
2/10/09,123.09375
2/11/09,123.671875
2/12/09,124.15625
2/13/09,122.703125
2/16/09,122.703125
2/17/09,124.4375
2/18/09,123.671875
2/19/09,122.53125
2/20/09,123.3125
2/23/09,123.171875
2/24/09,122.859375
2/25/09,121.625
2/26/09,121.71875
2/27/09,121.703125
3/2/09,123.03125
3/3/09,122.6875
3/4/09,121.953125
3/5/09,123.453125
3/6/09,123.453125
3/9/09,123.171875
3/10/09,122.34375
3/11/09,122.921875
3/12/09,123.125
3/13/09,123.3125
3/16/09,122.875
3/17/09,122.390625
3/18/09,126.796875
3/19/09,126
3/20/09,125.859375
3/23/09,124.28125
3/24/09,124.1875
3/25/09,123.171875
3/26/09,123.65625
3/27/09,123.328125
3/30/09,123.765625
3/31/09,124.078125
4/1/09,124.28125
4/2/09,123.375
4/3/09,121.96875
4/6/09,121.84375
4/7/09,122.1875
4/8/09,122.75
4/9/09,122.328125
4/10/09,122.328125
4/13/09,123.109375
4/14/09,123.59375
4/15/09,123.796875
4/16/09,123.21875
4/17/09,122.28125
4/20/09,123.03125
4/21/09,122.40625
4/22/09,121.921875
4/23/09,122.078125
4/24/09,121.546875
4/27/09,122.296875
4/28/09,121.671875
4/29/09,121.125
4/30/09,120.9375
5/1/09,120.75
5/4/09,120.90625
5/5/09,120.953125
5/6/09,121.109375
5/7/09,120.25
5/8/09,120.359375
5/11/09,121.265625
5/12/09,121.296875
5/13/09,121.734375
5/14/09,121.671875
5/15/09,121.515625
5/18/09,120.828125
5/19/09,120.65625
5/20/09,120.953125
5/21/09,119.921875
5/22/09,119.171875
5/25/09,119.171875
5/26/09,118.734375
5/27/09,117.515625
5/28/09,117.515625
5/29/09,118.625
6/1/09,117.046875
6/2/09,117.234375
6/3/09,117.828125
6/4/09,116.703125
6/5/09,115.125
6/8/09,114.984375
6/9/09,115.390625
6/10/09,115.078125
6/11/09,115.71875
6/12/09,116.03125
6/15/09,116.453125
6/16/09,116.75
6/17/09,116.96875
6/18/09,115.65625
6/19/09,116.03125
6/22/09,115.140625
6/23/09,115.484375
6/24/09,115.1875
6/25/09,116.203125
6/26/09,116.40625
6/29/09,116.453125
6/30/09,116.265625
7/1/09,116.265625
7/2/09,116.84375
7/3/09,116.84375
7/6/09,116.84375
7/7/09,117.28125
7/8/09,118.625
7/9/09,117.859375
7/10/09,118.703125
7/13/09,118.328125
7/14/09,117.78125
7/15/09,116.703125
7/16/09,117.015625
7/17/09,116.390625
7/20/09,117
7/21/09,117.78125
7/22/09,117.234375
7/23/09,116.03125
7/24/09,116.375
7/27/09,116.046875
7/28/09,116.078125
7/29/09,116
7/30/09,116.1875
7/31/09,117.28125
8/3/09,116.1875
8/4/09,116.046875
8/5/09,115.515625
8/6/09,115.75
8/7/09,114.9375
8/10/09,115.640625
8/11/09,116.09375
8/12/09,116.171875
8/13/09,117.015625
8/14/09,117.265625
8/17/09,117.75
8/18/09,117.515625
8/19/09,117.96875
8/20/09,118.109375
8/21/09,117.15625
8/24/09,117.5625
8/25/09,117.875
8/26/09,118
8/27/09,117.859375
8/28/09,118.03125
8/31/09,118.546875
9/1/09,118.859375
9/2/09,119.390625
9/3/09,119.09375
9/4/09,118.390625
9/7/09,118.390625
9/8/09,118.4375
9/9/09,118.375
9/10/09,119.28125
9/11/09,119.359375
9/14/09,118.984375
9/15/09,118.65625
9/16/09,118.375
9/17/09,118.890625
9/18/09,118.328125
9/21/09,118.75
9/22/09,117.03125
9/23/09,117.4375
9/24/09,117.703125
9/25/09,117.984375
9/28/09,118.1875
9/29/09,118.296875
9/30/09,118.328125
10/1/09,119.265625
10/2/09,119.21875
10/5/09,119.1875
10/6/09,119.125
10/7/09,119.71875
10/8/09,119.15625
10/9/09,118.28125
10/12/09,118.546875
10/13/09,118.90625
10/14/09,118.15625
10/15/09,117.765625
10/16/09,118.125
10/19/09,118.234375
10/20/09,118.640625
10/21/09,118.015625
10/22/09,117.96875
10/23/09,117.59375
10/26/09,117.078125
10/27/09,117.921875
10/28/09,118.25
10/29/09,117.71875
10/30/09,118.609375
11/2/09,118.484375
11/3/09,118.15625
11/4/09,117.828125
11/5/09,118.078125
11/6/09,118.421875
11/9/09,118.53125
11/10/09,118.578125
11/11/09,119.03125
11/12/09,118.921875
11/13/09,118.953125
11/16/09,119.6875
11/17/09,119.75
11/18/09,119.4375
11/19/09,119.65625
11/20/09,119.5625
11/23/09,119.625
11/24/09,120.09375
11/25/09,120.46875
11/26/09,120.46875
11/27/09,121.078125
11/30/09,121.171875
12/1/09,120.828125
12/2/09,120.40625
12/3/09,120.0625
12/4/09,119.203125
12/7/09,119.578125
12/8/09,120.140625
12/9/09,120.03125
12/10/09,119.515625
12/11/09,119.015625
12/14/09,118.921875
12/15/09,118.609375
12/16/09,118.71875
12/17/09,119.53125
12/18/09,119.109375
12/21/09,118.296875
12/22/09,116.234375
12/23/09,116.125
12/24/09,115.71875
12/25/09,115.71875
12/28/09,115.515625
12/29/09,115.65625
12/30/09,115.84375
12/31/09,115.453125
1/1/10,115.453125
1/4/10,115.53125
1/5/10,116.203125
1/6/10,115.96875
1/7/10,115.84375
1/8/10,116.03125
1/11/10,116.03125
1/12/10,116.75
1/13/10,116.390625
1/14/10,116.75
1/15/10,117.28125
1/18/10,117.28125
1/19/10,117.078125
1/20/10,117.40625
1/21/10,117.8125
1/22/10,117.90625
1/25/10,117.734375
1/26/10,117.828125
1/27/10,117.65625
1/28/10,117.703125
1/29/10,118.15625
2/1/10,117.859375
2/2/10,118.015625
2/3/10,117.578125
2/4/10,118.25
2/5/10,118.859375
2/8/10,118.484375
2/9/10,118.234375
2/10/10,117.90625
2/11/10,117.765625
2/12/10,118.078125
2/15/10,118.078125
2/16/10,118.3125
2/17/10,117.671875
2/18/10,117.203125
2/19/10,117.1875
2/22/10,117.1875
2/23/10,118.046875
2/24/10,118.078125
2/25/10,118.5625
2/26/10,118.90625
3/1/10,118.875
3/2/10,118.890625
3/3/10,118.90625
3/4/10,118.96875
3/5/10,118.5
3/8/10,118.375
3/9/10,118.515625
3/10/10,118.34375
3/11/10,118.25
3/12/10,118.25
3/15/10,118.3125
3/16/10,118.765625
3/17/10,118.765625
3/18/10,118.5
3/19/10,118.359375
3/22/10,118.640625
3/23/10,117.28125
3/24/10,116.09375
3/25/10,115.546875
3/26/10,115.953125
3/29/10,115.9375
3/30/10,115.9375
3/31/10,116.25
4/1/10,116.03125
4/2/10,115.34375
4/5/10,115
4/6/10,115.21875
4/7/10,116.015625
4/8/10,115.8125
4/9/10,115.90625
4/12/10,116.25
4/13/10,116.578125
4/14/10,116.28125
4/15/10,116.390625
4/16/10,117.078125
4/19/10,116.796875
4/20/10,116.765625
4/21/10,117.1875
4/22/10,116.828125
4/23/10,116.453125
4/26/10,116.578125
4/27/10,117.65625
4/28/10,117
4/29/10,117.4375
4/30/10,117.90625
5/3/10,117.484375
5/4/10,118.140625
5/5/10,118.671875
5/6/10,119.921875
5/7/10,119.6875
5/10/10,118.9375
5/11/10,119.015625
5/12/10,118.796875
5/13/10,118.859375
5/14/10,119.765625
5/17/10,119.578125
5/18/10,120.203125
5/19/10,120.25
5/20/10,120.953125
5/21/10,121.3125
5/24/10,121.171875
5/25/10,121.671875
5/26/10,121.15625
5/27/10,120.3125
5/28/10,120.671875
5/31/10,120.671875
6/1/10,120.671875
6/2/10,120.375
6/3/10,120.1875
6/4/10,121.546875
6/7/10,121.65625
6/8/10,121.8125
6/9/10,121.640625
6/10/10,120.625
6/11/10,121.390625
6/14/10,120.953125
6/15/10,120.71875
6/16/10,120.890625
6/17/10,121.546875
6/18/10,121.265625
6/21/10,121.15625
6/22/10,120.90625
6/23/10,121.359375
6/24/10,121.328125
6/25/10,121.484375
6/28/10,122.140625
6/29/10,122.53125
6/30/10,122.546875
7/1/10,122.609375
7/2/10,122.3125
7/5/10,122.3125
7/6/10,122.734375
7/7/10,122.4375
7/8/10,122.15625
7/9/10,121.921875
7/12/10,122.109375
7/13/10,121.65625
7/14/10,122.234375
7/15/10,122.78125
7/16/10,123.203125
7/19/10,123.03125
7/20/10,123.234375
7/21/10,123.5
7/22/10,123.171875
7/23/10,122.671875
7/26/10,122.734375
7/27/10,122.328125
7/28/10,122.859375
7/29/10,123.09375
7/30/10,123.8125
8/2/10,123.421875
8/3/10,123.984375
8/4/10,123.625
8/5/10,123.890625
8/6/10,124.578125
8/9/10,124.515625
8/10/10,124.984375
8/11/10,125.609375
8/12/10,125.34375
8/13/10,125.578125
8/16/10,126.203125
8/17/10,125.671875
8/18/10,125.609375
8/19/10,125.953125
8/20/10,125.53125
8/23/10,125.65625
8/24/10,126.40625
8/25/10,125.921875
8/26/10,126.21875
8/27/10,125.1875
8/30/10,126.09375
8/31/10,126.5
9/1/10,125.734375
9/2/10,125.5
9/3/10,125
9/6/10,125
9/7/10,125.828125
9/8/10,125.421875
9/9/10,124.65625
9/10/10,124.421875
9/13/10,124.9375
9/14/10,125.453125
9/15/10,125.21875
9/16/10,125
9/17/10,125.234375
9/20/10,125.515625
9/21/10,125.75
9/22/10,125.5625
9/23/10,125.578125
9/24/10,125.21875
9/27/10,125.953125
9/28/10,126.4375
9/29/10,126.15625
9/30/10,126.046875
10/1/10,126.078125
10/4/10,126.46875
10/5/10,126.640625
10/6/10,127.09375
10/7/10,127.140625
10/8/10,127.3125
10/11/10,127.4375
10/12/10,127.078125
10/13/10,127.21875
10/14/10,126.671875
10/15/10,126.234375
10/18/10,126.890625
10/19/10,127.03125
10/20/10,127.046875
10/21/10,126.640625
10/22/10,126.421875
10/25/10,126.421875
10/26/10,125.71875
10/27/10,125.21875
10/28/10,125.859375
10/29/10,126.28125
11/1/10,126.3125
11/2/10,126.53125
11/3/10,126.578125
11/4/10,127.75
11/5/10,127.421875
11/8/10,127.359375
11/9/10,126.53125
11/10/10,126.96875
11/11/10,126.484375
11/12/10,125.9375
11/15/10,124.765625
11/16/10,125.046875
11/17/10,124.875
11/18/10,124.484375
11/19/10,124.515625
11/22/10,125.09375
11/23/10,125.40625
11/24/10,124.28125
11/25/10,124.28125
11/26/10,124.59375
11/29/10,124.875
11/30/10,125.046875
12/1/10,123.859375
12/2/10,123.484375
12/3/10,123.703125
12/6/10,124.3125
12/7/10,122.5
12/8/10,121.875
12/9/10,121.765625
12/10/10,121.265625
12/13/10,121.703125
12/14/10,120.421875
12/15/10,120.015625
12/16/10,120.375
12/17/10,121.40625
12/20/10,121.265625
12/21/10,121.25
12/22/10,120
12/23/10,119.59375
12/24/10,119.59375
12/27/10,119.9375
12/28/10,119.03125
12/29/10,120.25
12/30/10,119.984375
12/31/10,120.4375
1/3/11,120.171875
1/4/11,120.3125
1/5/11,119.234375
1/6/11,119.8125
1/7/11,120.671875
1/10/11,120.875
1/11/11,120.546875
1/12/11,120.5625
1/13/11,121.109375
1/14/11,120.859375
1/17/11,120.859375
1/18/11,120.59375
1/19/11,120.78125
1/20/11,119.828125
1/21/11,120.15625
1/24/11,120.234375
1/25/11,120.921875
1/26/11,120.25
1/27/11,120.671875
1/28/11,121.15625
1/31/11,120.796875
2/1/11,120.296875
2/2/11,119.890625
2/3/11,119.4375
2/4/11,118.578125
2/7/11,118.609375
2/8/11,117.984375
2/9/11,118.578125
2/10/11,118.125
2/11/11,118.5
2/14/11,118.625
2/15/11,118.640625
2/16/11,118.59375
2/17/11,119.015625
2/18/11,119.0625
2/21/11,119.0625
2/22/11,120.09375
2/23/11,119.8125
2/24/11,120.046875
2/25/11,120.171875
2/28/11,120.34375
3/1/11,120.4375
3/2/11,120.0625
3/3/11,119.234375
3/4/11,120
3/7/11,120.03125
3/8/11,119.765625
3/9/11,120.3125
3/10/11,120.953125
3/11/11,121
3/14/11,121.515625
3/15/11,121.609375
3/16/11,122.46875
3/17/11,122.15625
3/18/11,121.953125
3/21/11,121.53125
3/22/11,121.203125
3/23/11,119.96875
3/24/11,119.5
3/25/11,119.1875
3/28/11,119.078125
3/29/11,118.765625
3/30/11,119.125
3/31/11,119.03125
4/1/11,118.96875
4/4/11,119.21875
4/5/11,118.765625
4/6/11,118.375
4/7/11,118.46875
4/8/11,118.375
4/11/11,118.453125
4/12/11,119.09375
4/13/11,119.390625
4/14/11,119.203125
4/15/11,119.8125
4/18/11,120.1875
4/19/11,120.25
4/20/11,119.90625
4/21/11,119.984375
4/22/11,119.984375
4/25/11,120.328125
4/26/11,120.671875
4/27/11,120.421875
4/28/11,120.953125
4/29/11,121.140625
5/2/11,121.234375
5/3/11,121.4375
5/4/11,121.640625
5/5/11,122.0625
5/6/11,122.28125
5/9/11,122.46875
5/10/11,122.09375
5/11/11,122.421875
5/12/11,122.171875
5/13/11,122.5
5/16/11,122.75
5/17/11,122.9375
5/18/11,122.53125
5/19/11,122.609375
5/20/11,122.8125
5/23/11,123
5/24/11,123.078125
5/25/11,123.140625
5/26/11,123.75
5/27/11,123.859375
5/30/11,123.859375
5/31/11,124.03125
6/1/11,124.734375
6/2/11,124.390625
6/3/11,124.734375
6/6/11,124.75
6/7/11,124.65625
6/8/11,125.09375
6/9/11,124.65625
6/10/11,124.921875
6/13/11,124.765625
6/14/11,123.984375
6/15/11,125.109375
6/16/11,125.578125
6/17/11,125.375
6/20/11,125.3125
6/21/11,125.25
6/22/11,123.65625
6/23/11,124.34375
6/24/11,124.734375
6/27/11,124.40625
6/28/11,123.328125
6/29/11,122.84375
6/30/11,122.328125
7/1/11,121.984375
7/4/11,121.984375
7/5/11,122.65625
7/6/11,122.984375
7/7/11,122.46875
7/8/11,123.71875
7/11/11,124.546875
7/12/11,124.625
7/13/11,124.796875
7/14/11,124.4375
7/15/11,124.859375
7/18/11,124.921875
7/19/11,124.921875
7/20/11,124.59375
7/21/11,124
7/22/11,124.328125
7/25/11,124.125
7/26/11,124.53125
7/27/11,124.234375
7/28/11,124.5
7/29/11,125.6875
8/1/11,126.140625
8/2/11,126.953125
8/3/11,127.046875
8/4/11,128
8/5/11,127.046875
8/8/11,128.578125
8/9/11,129.828125
8/10/11,130.0625
8/11/11,129.21875
8/12/11,129.875
8/15/11,129.5625
8/16/11,130.078125
8/17/11,130.359375
8/18/11,130.78125
8/19/11,130.796875
8/22/11,130.59375
8/23/11,130.328125
8/24/11,129.578125
8/25/11,129.984375
8/26/11,130.28125
8/29/11,129.71875
8/30/11,130.390625
8/31/11,130.03125
9/1/11,130.609375
9/2/11,131.296875
9/5/11,131.296875
9/6/11,131.21875
9/7/11,130.890625
9/8/11,131.234375
9/9/11,131.765625
9/12/11,131.46875
9/13/11,131.0625
9/14/11,130.890625
9/15/11,130.40625
9/16/11,130.484375
9/19/11,131.421875
9/20/11,131.34375
9/21/11,131.671875
9/22/11,131.75
9/23/11,130.96875
9/26/11,130.34375
9/27/11,129.5625
9/28/11,129.671875
9/29/11,129.984375
9/30/11,130.09375
10/3/11,130.984375
10/4/11,130.953125
10/5/11,130.109375
10/6/11,129.515625
10/7/11,128.890625
10/10/11,127.59375
10/11/11,128.234375
10/12/11,127.921875
10/13/11,128.4375
10/14/11,128.125
10/17/11,128.71875
10/18/11,128.828125
10/19/11,128.84375
10/20/11,128.703125
10/21/11,128.65625
10/24/11,128.34375
10/25/11,129.125
10/26/11,128.578125
10/27/11,127.3125
10/28/11,128.09375
10/31/11,129.0625
11/1/11,130.25
11/2/11,130.3125
11/3/11,130.046875
11/4/11,130.25
11/7/11,130.546875
11/8/11,130.046875
11/9/11,130.8125
11/10/11,130.34375
11/11/11,129.78125
11/14/11,130.453125
11/15/11,130.328125
11/16/11,130.5
11/17/11,130.828125
11/18/11,130.296875
11/21/11,130.578125
11/22/11,130.796875
11/23/11,131.21875
11/24/11,131.21875
11/25/11,130.65625
11/28/11,130.71875
11/29/11,130.46875
11/30/11,130.15625
12/1/11,129.984375
12/2/11,130.5
12/5/11,130.40625
12/6/11,130.15625
12/7/11,130.765625
12/8/11,131.171875
12/9/11,130.640625
12/12/11,131.03125
12/13/11,131.3125
12/14/11,131.609375
12/15/11,131.484375
12/16/11,131.953125
12/19/11,132.125
12/20/11,131.59375
12/21/11,130.421875
12/22/11,130.453125
12/23/11,129.859375
12/26/11,129.859375
12/27/11,129.953125
12/28/11,130.703125
12/29/11,130.84375
12/30/11,131.125
1/2/12,131.125
1/3/12,130.546875
1/4/12,130.390625
1/5/12,130.5
1/6/12,130.75
1/9/12,130.859375
1/10/12,130.71875
1/11/12,131.203125
1/12/12,130.96875
1/13/12,131.546875
1/16/12,131.546875
1/17/12,131.59375
1/18/12,131.265625
1/19/12,130.703125
1/20/12,130.265625
1/23/12,129.984375
1/24/12,130.09375
1/25/12,130.765625
1/26/12,131.4375
1/27/12,131.71875
1/30/12,132.03125
1/31/12,132.25
2/1/12,131.984375
2/2/12,132.171875
2/3/12,131.328125
2/6/12,131.671875
2/7/12,131.15625
2/8/12,131.09375
2/9/12,130.78125
2/10/12,131.390625
2/13/12,131.125
2/14/12,131.53125
2/15/12,131.578125
2/16/12,130.984375
2/17/12,130.921875
2/20/12,130.921875
2/21/12,130.640625
2/22/12,131.046875
2/23/12,131.203125
2/24/12,131.1875
2/27/12,131.625
2/28/12,131.671875
2/29/12,131.265625
3/1/12,130.890625
3/2/12,131.390625
3/5/12,131.203125
3/6/12,131.71875
3/7/12,131.515625
3/8/12,131.21875
3/9/12,131.0625
3/12/12,131.078125
3/13/12,130.484375
3/14/12,129.234375
3/15/12,129.34375
3/16/12,129.046875
3/19/12,128.53125
3/20/12,128.546875
3/21/12,128.96875
3/22/12,128.734375
3/23/12,129.046875
3/26/12,129.0625
3/27/12,129.59375
3/28/12,129.578125
3/29/12,129.90625
3/30/12,129.484375
4/2/12,129.703125
4/3/12,128.921875
4/4/12,129.375
4/5/12,129.96875
4/6/12,131.046875
4/9/12,131.140625
4/10/12,131.59375
4/11/12,131.328125
4/12/12,131.140625
4/13/12,131.53125
4/16/12,131.6875
4/17/12,131.421875
4/18/12,131.5625
4/19/12,131.765625
4/20/12,131.671875
4/23/12,131.984375
4/24/12,131.78125
4/25/12,131.6875
4/26/12,131.921875
4/27/12,132.15625
4/30/12,132.28125
5/1/12,131.96875
5/2/12,132.1875
5/3/12,132.1875
5/4/12,132.640625
5/7/12,132.640625
5/8/12,132.921875
5/9/12,132.90625
5/10/12,132.78125
5/11/12,133.078125
5/14/12,133.421875
5/15/12,133.375
5/16/12,133.421875
5/17/12,133.765625
5/18/12,133.8125
5/21/12,133.625
5/22/12,133.3125
5/23/12,133.796875
5/24/12,133.546875
5/25/12,133.765625
5/28/12,133.765625
5/29/12,133.828125
5/30/12,134.671875
5/31/12,134.90625
6/1/12,135.65625
6/4/12,135
6/5/12,134.796875
6/6/12,134.1875
6/7/12,134.296875
6/8/12,134.34375
6/11/12,134.640625
6/12/12,134.109375
6/13/12,134.5625
6/14/12,134.359375
6/15/12,134.609375
6/18/12,134.53125
6/19/12,134.34375
6/20/12,134.0625
6/21/12,133.359375
6/22/12,133
6/25/12,133.5625
6/26/12,133.4375
6/27/12,133.546875
6/28/12,133.921875
6/29/12,133.375
7/2/12,134.015625
7/3/12,133.640625
7/4/12,133.640625
7/5/12,133.953125
7/6/12,134.359375
7/9/12,134.546875
7/10/12,134.625
7/11/12,134.59375
7/12/12,134.65625
7/13/12,134.546875
7/16/12,134.8125
7/17/12,134.546875
7/18/12,134.75
7/19/12,134.46875
7/20/12,134.90625
7/23/12,135.0625
7/24/12,135.265625
7/25/12,135.234375
7/26/12,135.03125
7/27/12,134.125
7/30/12,134.5625
7/31/12,134.65625
8/1/12,134.15625
8/2/12,134.625
8/3/12,133.90625
8/6/12,134.109375
8/7/12,133.578125
8/8/12,133.484375
8/9/12,133.453125
8/10/12,133.734375
8/13/12,133.625
8/14/12,133.140625
8/15/12,132.578125
8/16/12,132.359375
8/17/12,132.5
8/20/12,132.515625
8/21/12,132.609375
8/22/12,133.3125
8/23/12,133.6875
8/24/12,133.578125
8/27/12,133.8125
8/28/12,133.953125
8/29/12,133.84375
8/30/12,134.1875
8/31/12,134.75
9/3/12,134.75
9/4/12,134.453125
9/5/12,134.421875
9/6/12,133.84375
9/7/12,134.125
9/10/12,133.96875
9/11/12,133.9375
9/12/12,133.53125
9/13/12,133.96875
9/14/12,133.140625
9/17/12,133.3125
9/18/12,133.4375
9/19/12,133.546875
9/20/12,132.40625
9/21/12,132.671875
9/24/12,132.921875
9/25/12,133.171875
9/26/12,133.640625
9/27/12,133.5
9/28/12,133.484375
10/1/12,133.578125
10/2/12,133.640625
10/3/12,133.734375
10/4/12,133.421875
10/5/12,132.921875
10/8/12,133.265625
10/9/12,133.046875
10/10/12,133.21875
10/11/12,133.265625
10/12/12,133.3125
10/15/12,133.3125
10/16/12,132.875
10/17/12,132.078125
10/18/12,131.984375
10/19/12,132.390625
10/22/12,132.109375
10/23/12,132.375
10/24/12,132.375
10/25/12,131.90625
10/26/12,132.5625
10/29/12,132.78125
10/30/12,132.671875
10/31/12,133.03125
11/1/12,132.828125
11/2/12,132.78125
11/5/12,133.140625
11/6/12,132.703125
11/7/12,133.578125
11/8/12,133.859375
11/9/12,133.90625
11/12/12,133.890625
11/13/12,134.046875
11/14/12,134.046875
11/15/12,134.03125
11/16/12,134.1875
11/19/12,133.90625
11/20/12,133.609375
11/21/12,133.390625
11/22/12,133.390625
11/23/12,133.328125
11/26/12,133.546875
11/27/12,133.71875
11/28/12,133.984375
11/29/12,134.015625
11/30/12,134.125
12/3/12,133.96875
12/4/12,134.078125
12/5/12,134.28125
12/6/12,134.359375
12/7/12,134.0625
12/10/12,134.109375
12/11/12,133.921875
12/12/12,133.609375
12/13/12,133.296875
12/14/12,133.390625
12/17/12,132.984375
12/18/12,132.578125
12/19/12,132.875
12/20/12,132.15625
12/21/12,132.484375
12/24/12,132.328125
12/25/12,132.328125
12/26/12,132.5
12/27/12,132.921875
12/28/12,132.953125
12/31/12,132.78125
1/1/13,132.78125
1/2/13,132.140625
1/3/13,131.625
1/4/13,131.515625
1/7/13,131.578125
1/8/13,131.859375
1/9/13,132.0625
1/10/13,131.71875
1/11/13,131.90625
1/14/13,132.03125
1/15/13,132.265625
1/16/13,132.296875
1/17/13,131.875
1/18/13,132.140625
1/21/13,132.140625
1/22/13,132.265625
1/23/13,132.296875
1/24/13,132.234375
1/25/13,131.40625
1/28/13,131.21875
1/29/13,131.21875
1/30/13,131.1875
1/31/13,131.28125
2/1/13,131.125
2/4/13,131.5
2/5/13,131.21875
2/6/13,131.609375
2/7/13,131.75
2/8/13,131.734375
2/11/13,131.6875
2/12/13,131.4375
2/13/13,131.15625
2/14/13,131.5625
2/15/13,131.53125
2/18/13,131.53125
2/19/13,131.34375
2/20/13,131.46875
2/21/13,131.796875
2/22/13,131.90625
2/25/13,132.5
2/26/13,132.671875
2/27/13,132.578125
2/28/13,132.703125
3/1/13,132.921875
3/4/13,132.78125
3/5/13,132.6875
3/6/13,132.390625
3/7/13,131.9375
3/8/13,131.46875
3/11/13,131.484375
3/12/13,131.734375
3/13/13,131.71875
3/14/13,131.734375
3/15/13,132.140625
3/18/13,132.4375
3/19/13,132.796875
3/20/13,131.390625
3/21/13,131.40625
3/22/13,131.515625
3/25/13,131.578125
3/26/13,131.703125
3/27/13,132.125
3/28/13,131.984375
3/29/13,131.984375
4/1/13,132.125
4/2/13,131.984375
4/3/13,132.40625
4/4/13,132.84375
4/5/13,133.15625
4/8/13,132.859375
4/9/13,132.8125
4/10/13,132.421875
4/11/13,132.546875
4/12/13,132.984375
4/15/13,133.046875
4/16/13,132.953125
4/17/13,133.0625
4/18/13,133.140625
4/19/13,133
4/22/13,133.09375
4/23/13,133.078125
4/24/13,133.109375
4/25/13,133.0625
4/26/13,133.4375
4/29/13,133.453125
4/30/13,133.359375
5/1/13,133.609375
5/2/13,133.640625
5/3/13,132.859375
5/6/13,132.671875
5/7/13,132.625
5/8/13,132.78125
5/9/13,132.71875
5/10/13,132.078125
5/13/13,131.96875
5/14/13,131.71875
5/15/13,131.84375
5/16/13,132.46875
5/17/13,131.859375
5/20/13,131.8125
5/21/13,131.90625
5/22/13,131.234375
5/23/13,131.265625
5/24/13,131.34375
5/27/13,131.34375
5/28/13,130.390625
5/29/13,130.46875
5/30/13,130.484375
5/31/13,130.25
6/3/13,130.421875
6/4/13,130.34375
6/5/13,130.5625
6/6/13,130.796875
6/7/13,130.140625
6/10/13,129.8125
6/11/13,129.921875
6/12/13,129.703125
6/13/13,130.0625
6/14/13,130.625
6/17/13,130.359375
6/18/13,130.28125
6/19/13,129.890625
6/20/13,127.09375
6/21/13,126.265625
6/24/13,125.953125
6/25/13,125.703125
6/26/13,126.15625
6/27/13,126.640625
6/28/13,126.5625
7/1/13,126.53125
7/2/13,126.609375
7/3/13,126.359375
7/4/13,126.359375
7/5/13,124.65625
7/8/13,125.28125
7/9/13,125.5
7/10/13,125.28125
7/11/13,126.3125
7/12/13,126.09375
7/15/13,126.5
7/16/13,126.59375
7/17/13,127.015625
7/18/13,126.75
7/19/13,127.09375
7/22/13,127.109375
7/23/13,126.953125
7/24/13,126.421875
7/25/13,126.296875
7/26/13,126.6875
7/29/13,126.53125
7/30/13,126.421875
7/31/13,126.4375
8/1/13,125.375
8/2/13,126.578125
8/5/13,126.34375
8/6/13,126.359375
8/7/13,126.640625
8/8/13,126.8125
8/9/13,126.8125
8/12/13,126.625
8/13/13,125.703125
8/14/13,125.78125
8/15/13,125.5
8/16/13,124.984375
8/19/13,124.609375
8/20/13,125.171875
8/21/13,124.71875
8/22/13,124.265625
8/23/13,124.859375
8/26/13,125.046875
8/27/13,125.734375
8/28/13,125.265625
8/29/13,125.5
8/30/13,125.34375
9/2/13,125.34375
9/3/13,124.65625
9/4/13,124.1875
9/5/13,123.53125
9/6/13,124.078125
9/9/13,124.484375
9/10/13,124.15625
9/11/13,124.53125
9/12/13,124.5625
9/13/13,124.671875
9/16/13,125.0625
9/17/13,125.21875
9/18/13,126.578125
9/19/13,126.125
9/20/13,125.296875
9/23/13,125.453125
9/24/13,125.9375
9/25/13,126.28125
9/26/13,126.09375
9/27/13,126.34375
9/30/13,126.390625
10/1/13,126.125
10/2/13,126.390625
10/3/13,126.578125
10/4/13,126.1875
10/7/13,126.296875
10/8/13,126.265625
10/9/13,126.265625
10/10/13,125.984375
10/11/13,126.109375
10/14/13,125.921875
10/15/13,125.859375
10/16/13,126.265625
10/17/13,126.953125
10/18/13,126.890625
10/21/13,126.75
10/22/13,127.5
10/23/13,127.65625
10/24/13,127.40625
10/25/13,127.609375
10/28/13,127.5625
10/29/13,127.71875
10/30/13,127.515625
10/31/13,127.359375
11/1/13,126.78125
11/4/13,126.984375
11/5/13,126.5625
11/6/13,126.921875
11/7/13,127.140625
11/8/13,126.109375
11/11/13,126.03125
11/12/13,125.90625
11/13/13,126.359375
11/14/13,126.84375
11/15/13,126.765625
11/18/13,127.046875
11/19/13,126.734375
11/20/13,126.359375
11/21/13,126.359375
11/22/13,126.578125
11/25/13,126.671875
11/26/13,127.0625
11/27/13,126.75
11/28/13,126.75
11/29/13,126.640625
12/2/13,126.15625
12/3/13,126.390625
12/4/13,125.9375
12/5/13,125.734375
12/6/13,125.578125
12/9/13,125.6875
12/10/13,126.171875
12/11/13,125.8125
12/12/13,125.5625
12/13/13,125.5625
12/16/13,125.53125
12/17/13,125.828125
12/18/13,125.546875
12/19/13,124.921875
12/20/13,123.734375
12/23/13,123.4375
12/24/13,123.046875
12/25/13,123.046875
12/26/13,122.984375
12/27/13,122.984375
12/30/13,123.21875
12/31/13,123.046875
1/1/14,123.046875
1/2/14,123.21875
1/3/14,123.171875
1/6/14,123.46875
1/7/14,123.6875
1/8/14,123.109375
1/9/14,123.328125
1/10/14,124.296875
1/13/14,124.578125
1/14/14,124.171875
1/15/14,123.96875
1/16/14,124.265625
1/17/14,124.421875
1/20/14,124.421875
1/21/14,124.375
1/22/14,123.96875
1/23/14,124.78125
1/24/14,125.0625
1/27/14,124.8125
1/28/14,125.078125
1/29/14,125.625
1/30/14,125.453125
1/31/14,125.75
2/3/14,126.421875
2/4/14,126.140625
2/5/14,125.875
2/6/14,125.609375
2/7/14,125.96875
2/10/14,125.9375
2/11/14,125.578125
2/12/14,125.25
2/13/14,125.75
2/14/14,125.640625
2/17/14,125.640625
2/18/14,125.953125
2/19/14,125.734375
2/20/14,125.5
2/21/14,125.609375
2/24/14,125.46875
2/25/14,125.828125
2/26/14,126.078125
2/27/14,126.3125
2/28/14,126.109375
3/3/14,126.578125
3/4/14,125.921875
3/5/14,125.9375
3/6/14,125.609375
3/7/14,125.140625
3/10/14,125.25
3/11/14,125.375
3/12/14,125.65625
3/13/14,126.21875
3/14/14,126.265625
3/17/14,125.890625
3/18/14,126.0625
3/19/14,125.0625
3/20/14,124.9375
3/21/14,123.453125
3/24/14,123.421875
3/25/14,123.46875
3/26/14,123.796875
3/27/14,123.859375
3/28/14,123.5625
3/31/14,123.5
4/1/14,123.359375
4/2/14,122.921875
4/3/14,122.96875
4/4/14,123.671875
4/7/14,123.859375
4/8/14,124.046875
4/9/14,124.203125
4/10/14,124.703125
4/11/14,124.796875
4/14/14,124.59375
4/15/14,124.59375
4/16/14,124.375
4/17/14,123.75
4/18/14,123.75
4/21/14,123.734375
4/22/14,123.625
4/23/14,123.953125
4/24/14,123.921875
4/25/14,124.0625
4/28/14,124.09375
4/29/14,124
4/30/14,124.421875
5/1/14,124.65625
5/2/14,124.65625
5/5/14,124.578125
5/6/14,124.640625
5/7/14,124.875
5/8/14,125.109375
5/9/14,125
5/12/14,124.734375
5/13/14,125.0625
5/14/14,125.625
5/15/14,125.921875
5/16/14,125.78125
5/19/14,125.734375
5/20/14,126
5/21/14,125.8125
5/22/14,125.625
5/23/14,125.796875
5/26/14,125.796875
5/27/14,125.90625
5/28/14,126.484375
5/29/14,126.40625
5/30/14,126.328125
6/2/14,125.71875
6/3/14,125.265625
6/4/14,125.15625
6/5/14,125.359375
6/6/14,125.234375
6/9/14,125.0625
6/10/14,124.890625
6/11/14,124.96875
6/12/14,125.40625
6/13/14,125.171875
6/16/14,125.171875
6/17/14,124.75
6/18/14,125.09375
6/19/14,125.234375
6/20/14,124.265625
6/23/14,124.265625
6/24/14,124.5625
6/25/14,124.796875
6/26/14,125.078125
6/27/14,125.09375
6/30/14,125.171875
7/1/14,124.875
7/2/14,124.390625
7/3/14,124.21875
7/4/14,124.21875
7/7/14,124.390625
7/8/14,124.75
7/9/14,124.984375
7/10/14,125.171875
7/11/14,125.21875
7/14/14,124.96875
7/15/14,124.90625
7/16/14,124.890625
7/17/14,125.359375
7/18/14,125.28125
7/21/14,125.265625
7/22/14,125.40625
7/23/14,125.421875
7/24/14,125.046875
7/25/14,125.3125
7/28/14,125.125
7/29/14,125.375
7/30/14,124.65625
7/31/14,124.609375
8/1/14,125.25
8/4/14,125.375
8/5/14,125.390625
8/6/14,125.5
8/7/14,125.921875
8/8/14,125.96875
8/11/14,125.921875
8/12/14,125.828125
8/13/14,126.140625
8/14/14,126.296875
8/15/14,126.640625
8/18/14,126.359375
8/19/14,126.21875
8/20/14,125.921875
8/21/14,126.015625
8/22/14,125.890625
8/25/14,125.953125
8/26/14,126.03125
8/27/14,126.234375
8/28/14,126.40625
8/29/14,126.328125
9/1/14,126.328125
9/2/14,125.796875
9/3/14,125.78125
9/4/14,125.484375
9/5/14,125.53125
9/8/14,125.421875
9/9/14,125.109375
9/10/14,124.921875
9/11/14,124.953125
9/12/14,124.484375
9/15/14,124.65625
9/16/14,124.703125
9/17/14,124.59375
9/18/14,124.28125
9/19/14,124.453125
9/22/14,124.28125
9/23/14,124.53125
9/24/14,124.28125
9/25/14,124.75
9/26/14,124.4375
9/29/14,124.765625
9/30/14,124.640625
10/1/14,125.515625
10/2/14,125.3125
10/3/14,125.140625
10/6/14,125.40625
10/7/14,126
10/8/14,126.375
10/9/14,126.4375
10/10/14,126.546875
10/13/14,127.15625
10/14/14,127.4375
10/15/14,128.5625
10/16/14,128.046875
10/17/14,127.640625
10/20/14,127.8125
10/21/14,127.65625
10/22/14,127.421875
10/23/14,127.015625
10/24/14,127.03125
10/27/14,127.140625
10/28/14,126.953125
10/29/14,126.453125
10/30/14,126.625
10/31/14,126.359375
11/3/14,126.265625
11/4/14,126.28125
11/5/14,126.28125
11/6/14,126.0625
11/7/14,126.65625
11/10/14,126.265625
11/11/14,126.109375
11/12/14,126.328125
11/13/14,126.484375
11/14/14,126.6875
11/17/14,126.46875
11/18/14,126.640625
11/19/14,126.390625
11/20/14,126.5625
11/21/14,126.6875
11/24/14,126.78125
11/25/14,127.125
11/26/14,127.359375
11/27/14,127.359375
11/28/14,127.65625
12/1/14,127.515625
12/2/14,126.953125
12/3/14,126.890625
12/4/14,127.109375
12/5/14,126.515625
12/8/14,126.796875
12/9/14,127.140625
12/10/14,127.625
12/11/14,127.359375
12/12/14,127.953125
12/15/14,127.703125
12/16/14,128.109375
12/17/14,127.4375
12/18/14,127.015625
12/19/14,127.140625
12/22/14,126.703125
12/23/14,126
12/24/14,125.953125
12/25/14,125.953125
12/26/14,126.015625
12/29/14,126.390625
12/30/14,126.578125
12/31/14,126.796875
1/1/15,126.796875
1/2/15,127.15625
1/5/15,127.765625
1/6/15,128.359375
1/7/15,128.46875
1/8/15,128.109375
1/9/15,128.578125
1/12/15,129.0625
1/13/15,129.3125
1/14/15,129.765625
1/15/15,130.34375
1/16/15,129.859375
1/19/15,129.859375
1/20/15,129.859375
1/21/15,129.4375
1/22/15,129.125
1/23/15,129.671875
1/26/15,129.5
1/27/15,129.65625
1/28/15,130.46875
1/29/15,130.1875
1/30/15,130.875
2/2/15,130.921875
2/3/15,130.0625
2/4/15,130
2/5/15,129.859375
2/6/15,128.71875
2/9/15,128.609375
2/10/15,128.359375
2/11/15,128.359375
2/12/15,128.421875
2/13/15,128.234375
2/16/15,128.234375
2/17/15,127.25
2/18/15,128.015625
2/19/15,127.59375
2/20/15,127.40625
2/23/15,128.015625
2/24/15,128.6875
2/25/15,128.71875
2/26/15,128.28125
2/27/15,128.421875
3/2/15,127.765625
3/3/15,127.46875
3/4/15,127.5625
3/5/15,127.71875
3/6/15,126.75
3/9/15,127.09375
3/10/15,127.5625
3/11/15,127.609375
3/12/15,127.828125
3/13/15,127.765625
3/16/15,127.84375
3/17/15,128.109375
3/18/15,129.15625
3/19/15,128.8125
3/20/15,129.21875
3/23/15,128.84375
3/24/15,129.09375
3/25/15,128.8125
3/26/15,128.234375
3/27/15,128.6875
3/30/15,128.59375
3/31/15,128.90625
4/1/15,129.375
4/2/15,129.171875
4/3/15,129.921875
4/6/15,129.421875
4/7/15,129.359375
4/8/15,129.359375
4/9/15,128.84375
4/10/15,128.8125
4/13/15,128.984375
4/14/15,129.3125
4/15/15,129.4375
4/16/15,129.6875
4/17/15,129.8125
4/20/15,129.53125
4/21/15,129.359375
4/22/15,128.859375
4/23/15,129.140625
4/24/15,129.390625
4/27/15,129.3125
4/28/15,128.953125
4/29/15,128.515625
4/30/15,128.375
5/1/15,127.78125
5/4/15,127.765625
5/5/15,127.421875
5/6/15,127.09375
5/7/15,127.390625
5/8/15,127.828125
5/11/15,126.890625
5/12/15,127.046875
5/13/15,126.984375
5/14/15,127.390625
5/15/15,128.03125
5/18/15,127.375
5/19/15,127.03125
5/20/15,127.265625
5/21/15,127.71875
5/22/15,127.28125
5/25/15,127.28125
5/26/15,127.90625
5/27/15,127.890625
5/28/15,128.03125
5/29/15,128.3125
6/1/15,127.5625
6/2/15,127
6/3/15,126.25
6/4/15,126.703125
6/5/15,125.9375
6/8/15,126.140625
6/9/15,125.90625
6/10/15,125.484375
6/11/15,126.140625
6/12/15,126.09375
6/15/15,126.359375
6/16/15,126.640625
6/17/15,126.90625
6/18/15,126.640625
6/19/15,127.265625
6/22/15,125.828125
6/23/15,125.453125
6/24/15,125.734375
6/25/15,125.578125
6/26/15,125.015625
6/29/15,126.203125
6/30/15,126.171875
7/1/15,125.46875
7/2/15,125.875
7/3/15,125.875
7/6/15,126.765625
7/7/15,127.125
7/8/15,127.375
7/9/15,126.671875
7/10/15,125.734375
7/13/15,125.59375
7/14/15,125.9375
7/15/15,126.34375
7/16/15,126.171875
7/17/15,126.125
7/20/15,125.890625
7/21/15,126.203125
7/22/15,126.3125
7/23/15,126.609375
7/24/15,126.71875
7/27/15,127.15625
7/28/15,127
7/29/15,126.8125
7/30/15,126.84375
7/31/15,127.4375
8/3/15,127.828125
8/4/15,127.265625
8/5/15,126.75
8/6/15,127.015625
8/7/15,127.453125
8/10/15,127.015625
8/11/15,127.859375
8/12/15,127.96875
8/13/15,127.484375
8/14/15,127.359375
8/17/15,127.765625
8/18/15,127.453125
8/19/15,128.09375
8/20/15,128.328125
8/21/15,128.671875
8/24/15,129.203125
8/25/15,128.0625
8/26/15,127.9375
8/27/15,127.953125
8/28/15,127.78125
8/31/15,127.640625
9/1/15,127.875
9/2/15,127.734375
9/3/15,127.953125
9/4/15,128.296875
9/7/15,128.296875
9/8/15,127.828125
9/9/15,128
9/10/15,127.734375
9/11/15,128.109375
9/14/15,128.125
9/15/15,127.28125
9/16/15,127.109375
9/17/15,127.890625
9/18/15,128.578125
9/21/15,128.03125
9/22/15,128.109375
9/23/15,127.96875
9/24/15,128.125
9/25/15,127.84375
9/28/15,128.4375
9/29/15,128.8125
9/30/15,128.734375
10/1/15,128.75
10/2/15,129.34375
10/5/15,128.828125
10/6/15,129.03125
10/7/15,128.8125
10/8/15,128.46875
10/9/15,128.484375
10/12/15,128.765625
10/13/15,128.859375
10/14/15,129.546875
10/15/15,129.125
10/16/15,129.03125
10/19/15,128.96875
10/20/15,128.5625
10/21/15,128.875
10/22/15,128.9375
10/23/15,128.421875
10/26/15,128.59375
10/27/15,128.921875
10/28/15,128.203125
10/29/15,127.609375
10/30/15,127.6875
11/2/15,127.375
11/3/15,127.109375
11/4/15,126.921875
11/5/15,126.828125
11/6/15,126.046875
11/9/15,126.03125
11/10/15,126.296875
11/11/15,126.0625
11/12/15,126.203125
11/13/15,126.53125
11/16/15,126.671875
11/17/15,126.734375
11/18/15,126.65625
11/19/15,126.78125
11/20/15,126.671875
11/23/15,126.8125
11/24/15,126.90625
11/25/15,126.984375
11/26/15,126.984375
11/27/15,127.078125
11/30/15,127.015625
12/1/15,127.515625
12/2/15,127.296875
12/3/15,126.1875
12/4/15,126.546875
12/7/15,126.9375
12/8/15,126.921875
12/9/15,127.25
12/10/15,126.953125
12/11/15,127.71875
12/14/15,127.03125
12/15/15,126.71875
12/16/15,126.390625
12/17/15,126.75
12/18/15,127.125
12/21/15,127.15625
12/22/15,126.171875
12/23/15,126
12/24/15,126.171875
12/25/15,126.171875
12/28/15,126.265625
12/29/15,125.65625
12/30/15,125.609375
12/31/15,125.90625
1/1/16,125.90625
1/4/16,126.15625
1/5/16,126.25
1/6/16,126.859375
1/7/16,127.109375
1/8/16,127.40625
1/11/16,127.359375
1/12/16,127.828125
1/13/16,128.0625
1/14/16,127.828125
1/15/16,128.453125
1/18/16,128.453125
1/19/16,128.390625
1/20/16,128.875
1/21/16,128.671875
1/22/16,128.375
1/25/16,128.546875
1/26/16,128.8125
1/27/16,128.859375
1/28/16,129.03125
1/29/16,129.578125
2/1/16,129.171875
2/2/16,130.09375
2/3/16,130.015625
2/4/16,130.265625
2/5/16,130.359375
2/8/16,131.296875
2/9/16,131.3125
2/10/16,131.5
2/11/16,132.03125
2/12/16,131.0625
2/15/16,131.0625
2/16/16,130.90625
2/17/16,130.4375
2/18/16,130.921875
2/19/16,130.90625
2/22/16,130.78125
2/23/16,130.9375
2/24/16,131
2/25/16,131.453125
2/26/16,130.75
2/29/16,130.90625
3/1/16,130
3/2/16,129.75
3/3/16,129.921875
3/4/16,129.5
3/7/16,129.34375
3/8/16,129.921875
3/9/16,129.484375
3/10/16,129.0625
3/11/16,128.796875
3/14/16,128.875
3/15/16,128.859375
3/16/16,129.296875
3/17/16,129.5625
3/18/16,129.859375
3/21/16,129.546875
3/22/16,128.796875
3/23/16,129.328125
3/24/16,129.21875
3/25/16,129.21875
3/28/16,129.40625
3/29/16,130
3/30/16,130.015625
3/31/16,130.390625
4/1/16,130.296875
4/4/16,130.46875
4/5/16,130.828125
4/6/16,130.6875
4/7/16,131.25
4/8/16,131.03125
4/11/16,131.03125
4/12/16,130.546875
4/13/16,130.625
4/14/16,130.375
4/15/16,130.640625
4/18/16,130.5
4/19/16,130.359375
4/20/16,129.75
4/21/16,129.609375
4/22/16,129.46875
4/25/16,129.375
4/26/16,129.171875
4/27/16,129.78125
4/28/16,129.953125
4/29/16,130.0625
5/2/16,129.703125
5/3/16,130.296875
5/4/16,130.4375
5/5/16,130.734375
5/6/16,130.53125
5/9/16,130.796875
5/10/16,130.78125
5/11/16,130.90625
5/12/16,130.59375
5/13/16,130.96875
5/16/16,130.515625
5/17/16,130.40625
5/18/16,129.375
5/19/16,129.671875
5/20/16,129.703125
5/23/16,129.75
5/24/16,129.5625
5/25/16,129.46875
5/26/16,129.890625
5/27/16,129.796875
5/30/16,129.796875
5/31/16,129.796875
6/1/16,129.640625
6/2/16,129.921875
6/3/16,130.953125
6/6/16,130.859375
6/7/16,130.9375
6/8/16,130.890625
6/9/16,131.078125
6/10/16,131.453125
6/13/16,131.6875
6/14/16,131.71875
6/15/16,131.984375
6/16/16,132.15625
6/17/16,131.765625
6/20/16,131.390625
6/21/16,131.34375
6/22/16,131.34375
6/23/16,130.8125
6/24/16,132.375
6/27/16,133.28125
6/28/16,133.25
6/29/16,133.0625
6/30/16,132.984375
7/1/16,133.078125
7/4/16,133.078125
7/5/16,133.890625
7/6/16,133.671875
7/7/16,133.6875
7/8/16,133.796875
7/11/16,133.15625
7/12/16,132.515625
7/13/16,132.828125
7/14/16,132.390625
7/15/16,131.875
7/18/16,132.03125
7/19/16,132.234375
7/20/16,131.984375
7/21/16,132.234375
7/22/16,132.125
7/25/16,132.0625
7/26/16,132.125
7/27/16,132.546875
7/28/16,132.5625
7/29/16,133.046875
8/1/16,132.796875
8/2/16,132.546875
8/3/16,132.578125
8/4/16,132.953125
8/5/16,132.140625
8/8/16,132.046875
8/9/16,132.34375
8/10/16,132.734375
8/11/16,132.046875
8/12/16,132.53125
8/15/16,132.25
8/16/16,132
8/17/16,132.109375
8/18/16,132.375
8/19/16,131.953125
8/22/16,132.28125
8/23/16,132.21875
8/24/16,132.21875
8/25/16,132.0625
8/26/16,131.375
8/29/16,131.953125
8/30/16,131.890625
8/31/16,131.875
9/1/16,131.890625
9/2/16,131.71875
9/5/16,131.71875
9/6/16,132.296875
9/7/16,132.296875
9/8/16,131.671875
9/9/16,131.3125
9/12/16,131.453125
9/13/16,130.96875
9/14/16,131.4375
9/15/16,131.453125
9/16/16,131.40625
9/19/16,131.421875
9/20/16,131.484375
9/21/16,131.375
9/22/16,130.859375
9/23/16,131.03125
9/26/16,131.3125
9/27/16,131.53125
9/28/16,131.4375
9/29/16,131.546875
9/30/16,131.125
10/3/16,130.953125
10/4/16,130.5
10/5/16,130.21875
10/6/16,129.953125
10/7/16,130.0625
10/10/16,129.796875
10/11/16,129.890625
10/12/16,129.8125
10/13/16,130.1875
10/14/16,129.859375
10/17/16,130.125
10/18/16,130.296875
10/19/16,130.265625
10/20/16,130.28125
10/21/16,130.34375
10/24/16,130.171875
10/25/16,130.171875
10/26/16,129.9375
10/27/16,129.515625
10/28/16,129.546875
10/31/16,129.625
11/1/16,129.796875
11/2/16,130.03125
11/3/16,130.03125
11/4/16,130.25
11/7/16,129.84375
11/8/16,129.5
11/9/16,128.03125
11/10/16,127.5625
11/11/16,127.171875
11/14/16,126.65625
11/15/16,126.421875
11/16/16,126.46875
11/17/16,126.078125
11/18/16,125.5625
11/21/16,125.546875
11/22/16,125.703125
11/23/16,125.359375
11/24/16,125.359375
11/25/16,125.203125
11/28/16,125.640625
11/29/16,125.765625
11/30/16,125.234375
12/1/16,124.734375
12/2/16,125.234375
12/5/16,125.1875
12/6/16,125.203125
12/7/16,125.546875
12/8/16,125.28125
12/9/16,124.796875
12/12/16,124.765625
12/13/16,124.671875
12/14/16,124.15625
12/15/16,123.703125
12/16/16,123.609375
12/19/16,124.03125
12/20/16,123.9375
12/21/16,123.296875
12/22/16,123.265625
12/23/16,123.359375
12/26/16,123.359375
12/27/16,123.203125
12/28/16,123.640625
12/29/16,123.9375
12/30/16,124.28125
1/2/17,124.28125
1/3/17,124.109375
1/4/17,124.109375
1/5/17,124.828125
1/6/17,124.40625
1/9/17,124.78125
1/10/17,124.765625
1/11/17,124.8125
1/12/17,124.890625
1/13/17,124.78125
1/16/17,124.78125
1/17/17,125.234375
1/18/17,124.71875
1/19/17,124.171875
1/20/17,124.21875
1/23/17,124.8125
1/24/17,124.21875
1/25/17,123.8125
1/26/17,123.96875
1/27/17,124.171875
1/30/17,124.21875
1/31/17,124.46875
2/1/17,124.328125
2/2/17,124.375
2/3/17,124.28125
2/6/17,124.9375
2/7/17,125.109375
2/8/17,125.359375
2/9/17,124.921875
2/10/17,124.78125
2/13/17,124.59375
2/14/17,124.234375
2/15/17,123.96875
2/16/17,124.453125
2/17/17,124.703125
2/20/17,124.703125
2/21/17,124.703125
2/22/17,124.765625
2/23/17,125.046875
2/24/17,125.609375
2/27/17,125.140625
2/28/17,125.109375
3/1/17,124.28125
3/2/17,124.078125
3/3/17,124.171875
3/6/17,124.1875
3/7/17,124.046875
3/8/17,123.765625
3/9/17,123.46875
3/10/17,123.65625
3/13/17,123.46875
3/14/17,123.5625
3/15/17,124.390625
3/16/17,124.234375
3/17/17,124.390625
3/20/17,124.671875
3/21/17,124.90625
3/22/17,125.078125
3/23/17,124.40625
3/24/17,124.53125
3/27/17,124.671875
3/28/17,124.359375
3/29/17,124.578125
3/30/17,124.34375
3/31/17,124.5625
4/3/17,125.03125
4/4/17,125.03125
4/5/17,125.046875
4/6/17,125.125
4/7/17,124.8125
4/10/17,124.90625
4/11/17,125.484375
4/12/17,125.46875
4/13/17,126.078125
4/14/17,126.078125
4/17/17,125.90625
4/18/17,126.515625
4/19/17,126.28125
4/20/17,125.953125
4/21/17,126.0625
4/24/17,125.796875
4/25/17,125.40625
4/26/17,125.5625
4/27/17,125.640625
4/28/17,125.71875
5/1/17,125.46875
5/2/17,125.703125
5/3/17,125.546875
5/4/17,125.171875
5/5/17,125.21875
5/8/17,125.0625
5/9/17,124.828125
5/10/17,124.8125
5/11/17,124.921875
5/12/17,125.46875
5/15/17,125.453125
5/16/17,125.546875
5/17/17,126.421875
5/18/17,126.28125
5/19/17,126.1875
5/22/17,126.125
5/23/17,125.859375
5/24/17,126.0625
5/25/17,126.171875
5/26/17,126.1875
5/29/17,126.1875
5/30/17,126.4375
5/31/17,126.5625
6/1/17,126.453125
6/2/17,126.890625
6/5/17,126.734375
6/6/17,127.015625
6/7/17,126.78125
6/8/17,126.703125
6/9/17,126.65625
6/12/17,126.5625
6/13/17,126.609375
6/14/17,127.109375
6/15/17,126.84375
6/16/17,126.921875
6/19/17,126.65625
6/20/17,126.921875
6/21/17,126.84375
6/22/17,126.671875
6/23/17,126.734375
6/26/17,126.78125
6/27/17,126.28125
6/28/17,126.203125
6/29/17,125.8125
6/30/17,125.53125
7/3/17,125.109375
7/4/17,125.109375
7/5/17,125.21875
7/6/17,124.984375
7/7/17,124.84375
7/10/17,125.078125
7/11/17,125.171875
7/12/17,125.515625
7/13/17,125.40625
7/14/17,125.671875
7/17/17,125.75
7/18/17,126.109375
7/19/17,126.046875
7/20/17,126.0625
7/21/17,126.3125
7/24/17,126.15625
7/25/17,125.578125
7/26/17,126.015625
7/27/17,125.828125
7/28/17,125.953125
7/31/17,125.890625
8/1/17,126.234375
8/2/17,126.109375
8/3/17,126.359375
8/4/17,126.078125
8/7/17,126.171875
8/8/17,126.015625
8/9/17,126.34375
8/10/17,126.5625
8/11/17,126.8125
8/14/17,126.546875
8/15/17,126.15625
8/16/17,126.515625
8/17/17,126.71875
8/18/17,126.75
8/21/17,126.84375
8/22/17,126.5625
8/23/17,126.921875
8/24/17,126.6875
8/25/17,126.875
8/28/17,127
8/29/17,127.1875
8/30/17,127.078125
8/31/17,127.25
9/1/17,126.953125
9/4/17,126.953125
9/5/17,127.671875
9/6/17,127.34375
9/7/17,127.765625
9/8/17,127.75
9/11/17,127.25
9/12/17,126.90625
9/13/17,126.71875
9/14/17,126.6875
9/15/17,126.59375
9/18/17,126.375
9/19/17,126.28125
9/20/17,126.34375
9/21/17,125.625
9/22/17,125.734375
9/25/17,126.0625
9/26/17,126
9/27/17,125.4375
9/28/17,125.546875
9/29/17,125.3125
10/2/17,125.25
10/3/17,125.328125
10/4/17,125.328125
10/5/17,125.15625
10/6/17,125.03125
10/9/17,125.09375
10/10/17,125.265625
10/11/17,125.234375
10/12/17,125.390625
10/13/17,125.703125
10/16/17,125.421875
10/17/17,125.4375
10/18/17,125.140625
10/19/17,125.265625
10/20/17,124.828125
10/23/17,124.921875
10/24/17,124.734375
10/25/17,124.453125
10/26/17,124.375
10/27/17,124.59375
10/30/17,125.015625
10/31/17,124.9375
11/1/17,124.90625
11/2/17,125.140625
11/3/17,125.15625
11/6/17,125.359375
11/7/17,125.421875
11/8/17,125.25
11/9/17,125.1875
11/10/17,124.703125
11/13/17,124.625
11/14/17,124.734375
11/15/17,125.046875
11/16/17,124.859375
11/17/17,124.90625
11/20/17,124.6875
11/21/17,124.6875
11/22/17,125.109375
11/23/17,125.109375
11/24/17,124.96875
11/27/17,125.125
11/28/17,124.96875
11/29/17,124.71875
11/30/17,124.3125
12/1/17,124.671875
12/4/17,124.5
12/5/17,124.59375
12/6/17,124.828125
12/7/17,124.515625
12/8/17,124.515625
12/11/17,124.5
12/12/17,124.359375
12/13/17,124.828125
12/14/17,124.78125
12/15/17,124.640625
12/18/17,124.453125
12/19/17,123.875
12/20/17,123.453125
12/21/17,123.515625
12/22/17,123.46875
12/25/17,123.46875
12/26/17,123.625
12/27/17,123.984375
12/28/17,123.84375
12/29/17,124.046875
1/1/18,124.046875
1/2/18,123.6875
1/3/18,123.78125
1/4/18,123.671875
1/5/18,123.515625
1/8/18,123.484375
1/9/18,123.046875
1/10/18,123
1/11/18,123.125
1/12/18,122.9375
1/15/18,122.9375
1/16/18,122.984375
1/17/18,122.65625
1/18/18,122.453125
1/19/18,122.28125
1/22/18,122.09375
1/23/18,122.421875
1/24/18,122.203125
1/25/18,122.4375
1/26/18,122.0625
1/29/18,121.8125
1/30/18,121.640625
1/31/18,121.578125
2/1/18,121.21875
2/2/18,120.734375
2/5/18,121.265625
2/6/18,121.484375
2/7/18,121
2/8/18,120.890625
2/9/18,121.171875
2/12/18,120.890625
2/13/18,121
2/14/18,120.328125
2/15/18,120.453125
2/16/18,120.578125
2/19/18,120.578125
2/20/18,120.484375
2/21/18,120.203125
2/22/18,120.421875
2/23/18,120.734375
2/26/18,120.828125
2/27/18,120.390625
2/28/18,120.65625
3/1/18,121.203125
3/2/18,120.796875
3/5/18,120.65625
3/6/18,120.671875
3/7/18,120.640625
3/8/18,120.796875
3/9/18,120.65625
3/12/18,120.84375
3/13/18,120.921875
3/14/18,121.140625
3/15/18,121.09375
3/16/18,120.96875
3/19/18,121
3/20/18,120.71875
3/21/18,119.953125
3/22/18,120.515625
3/23/18,120.609375
3/26/18,120.46875
3/27/18,120.90625
3/28/18,120.90625
3/29/18,121.140625
3/30/18,121.140625
4/2/18,121.265625
4/3/18,120.84375
4/4/18,120.828125
4/5/18,120.5625
4/6/18,121.015625
4/9/18,120.90625
4/10/18,120.765625
4/11/18,120.84375
4/12/18,120.46875
4/13/18,120.484375
4/16/18,120.46875
4/17/18,120.5625
4/18/18,120.140625
4/19/18,119.828125
4/20/18,119.546875
4/23/18,119.328125
4/24/18,119.328125
4/25/18,119.078125
4/26/18,119.3125
4/27/18,119.5
4/30/18,119.625
5/1/18,119.375
5/2/18,119.515625
5/3/18,119.6875
5/4/18,119.703125
5/7/18,119.6875
5/8/18,119.515625
5/9/18,119.265625
5/10/18,119.390625
5/11/18,119.40625
5/14/18,119.25
5/15/18,118.609375
5/16/18,118.546875
5/17/18,118.515625
5/18/18,118.84375
5/21/18,118.84375
5/22/18,118.875
5/23/18,119.390625
5/24/18,119.5
5/25/18,119.859375
5/28/18,119.859375
5/29/18,121.234375
5/30/18,120.609375
5/31/18,120.734375
6/1/18,120.171875
6/4/18,119.828125
6/5/18,120.03125
6/6/18,119.625
6/7/18,119.921875
6/8/18,119.921875
6/11/18,119.765625
6/12/18,119.734375
6/13/18,119.515625
6/14/18,119.75
6/15/18,119.890625
6/18/18,119.90625
6/19/18,120.140625
6/20/18,119.96875
6/21/18,119.859375
6/22/18,119.828125
6/25/18,120.03125
6/26/18,120
6/27/18,120.390625
6/28/18,120.1875
6/29/18,120.1875
7/2/18,120.078125
7/3/18,120.3125
7/4/18,120.3125
7/5/18,120.25
7/6/18,120.34375
7/9/18,120.125
7/10/18,120.015625
7/11/18,120.25
7/12/18,120.15625
7/13/18,120.359375
7/16/18,120.171875
7/17/18,120.125
7/18/18,120.0625
7/19/18,120.296875
7/20/18,119.984375
7/23/18,119.484375
7/24/18,119.5625
7/25/18,119.65625
7/26/18,119.34375
7/27/18,119.4375
7/30/18,119.375
7/31/18,119.421875
8/1/18,119.171875
8/2/18,119.328125
8/3/18,119.609375
8/6/18,119.734375
8/7/18,119.46875
8/8/18,119.5
8/9/18,119.71875
8/10/18,120.375
8/13/18,120.25
8/14/18,120.109375
8/15/18,120.4375
8/16/18,120.265625
8/17/18,120.25
8/20/18,120.625
8/21/18,120.453125
8/22/18,120.625
8/23/18,120.59375
8/24/18,120.515625
8/27/18,120.34375
8/28/18,120.09375
8/29/18,120.09375
8/30/18,120.265625
8/31/18,120.390625
9/3/18,120.390625
9/4/18,120.0625
9/5/18,120.09375
9/6/18,120.296875
9/7/18,119.796875
9/10/18,119.8125
9/11/18,119.5
9/12/18,119.609375
9/13/18,119.59375
9/14/18,119.359375
9/17/18,119.3125
9/18/18,118.984375
9/19/18,118.859375
9/20/18,118.59375
9/21/18,118.671875
9/24/18,118.625
9/25/18,118.453125
9/26/18,118.734375
9/27/18,118.75
9/28/18,118.78125
10/1/18,118.671875
10/2/18,118.8125
10/3/18,118.125
10/4/18,117.859375
10/5/18,117.671875
10/8/18,117.703125
10/9/18,117.8125
10/10/18,117.75
10/11/18,118.390625
10/12/18,118.34375
10/15/18,118.15625
10/16/18,118.21875
10/17/18,118.046875
10/18/18,118.140625
10/19/18,117.953125
10/22/18,118
10/23/18,118.265625
10/24/18,118.625
10/25/18,118.53125
10/26/18,119.03125
10/29/18,118.953125
10/30/18,118.78125
10/31/18,118.4375
11/1/18,118.578125
11/2/18,118.046875
11/5/18,118.140625
11/6/18,118
11/7/18,117.984375
11/8/18,117.78125
11/9/18,118.125
11/12/18,118.390625
11/13/18,118.515625
11/14/18,118.75
11/15/18,118.8125
11/16/18,119.15625
11/19/18,119.296875
11/20/18,119.34375
11/21/18,119.234375
11/22/18,119.234375
11/23/18,119.28125
11/26/18,119.140625
11/27/18,119.25
11/28/18,119.390625
11/29/18,119.421875
11/30/18,119.546875
12/3/18,119.6875
12/4/18,120.09375
12/5/18,120.09375
12/6/18,120.453125
12/7/18,120.765625
12/10/18,120.6875
12/11/18,120.453125
12/12/18,120.28125
12/13/18,120.28125
12/14/18,120.453125
12/17/18,120.71875
12/18/18,120.953125
12/19/18,120.921875
12/20/18,121.0625
12/21/18,121.03125
12/24/18,121.40625
12/25/18,121.40625
12/26/18,121.03125
12/27/18,121.53125
12/28/18,121.625
12/31/18,122.015625
1/1/19,122.015625
1/2/19,122.1875
1/3/19,123.15625
1/4/19,122.296875
1/7/19,122.046875
1/8/19,121.75
1/9/19,121.71875
1/10/19,121.71875
1/11/19,121.953125
1/14/19,121.90625
1/15/19,121.90625
1/16/19,121.71875
1/17/19,121.515625
1/18/19,121.171875
1/21/19,121.171875
1/22/19,121.578125
1/23/19,121.390625
1/24/19,121.75
1/25/19,121.40625
1/28/19,121.5
1/29/19,121.78125
1/30/19,122
1/31/19,122.46875
2/1/19,121.9375
2/4/19,121.71875
2/5/19,121.875
2/6/19,121.890625
2/7/19,122.28125
2/8/19,122.375
2/11/19,122.125
2/12/19,121.953125
2/13/19,121.75
2/14/19,122.171875
2/15/19,122.046875
2/18/19,122.046875
2/19/19,122.21875
2/20/19,122.15625
2/21/19,121.90625
2/22/19,122.140625
2/25/19,122.03125
2/26/19,122.328125
2/27/19,121.921875
2/28/19,121.75
3/1/19,121.4375
3/4/19,121.671875
3/5/19,121.6875
3/6/19,121.9375
3/7/19,122.421875
3/8/19,122.515625
3/11/19,122.40625
3/12/19,122.609375
3/13/19,122.59375
3/14/19,122.453125
3/15/19,122.703125
3/18/19,122.59375
3/19/19,122.5
3/20/19,122.6875
3/21/19,123.359375
3/22/19,124.03125
3/25/19,124.328125
3/26/19,124.40625
3/27/19,124.6875
3/28/19,124.5
3/29/19,124.21875
4/1/19,123.609375
4/2/19,123.765625
4/3/19,123.5
4/4/19,123.546875
4/5/19,123.59375
4/8/19,123.453125
4/9/19,123.640625
4/10/19,123.796875
4/11/19,123.5625
4/12/19,123.09375
4/15/19,123.15625
4/16/19,122.828125
4/17/19,122.859375
4/18/19,123.140625
4/19/19,123.140625
4/22/19,122.9375
4/23/19,123.125
4/24/19,123.53125
4/25/19,123.390625
4/26/19,123.671875
4/29/19,123.4375
4/30/19,123.671875
5/1/19,123.578125
5/2/19,123.171875
5/3/19,123.34375
5/6/19,123.625
5/7/19,124.015625
5/8/19,123.75
5/9/19,123.984375
5/10/19,123.984375
5/13/19,124.421875
5/14/19,124.328125
5/15/19,124.671875
5/16/19,124.421875
5/17/19,124.484375
5/20/19,124.28125
5/21/19,124.140625
5/22/19,124.4375
5/23/19,125.203125
5/24/19,124.890625
5/27/19,124.890625
5/28/19,125.390625
5/29/19,125.625
5/30/19,125.6875
5/31/19,126.375
6/3/19,126.890625
6/4/19,126.59375
6/5/19,126.640625
6/6/19,126.609375
6/7/19,126.890625
6/10/19,126.4375
6/11/19,126.4375
6/12/19,126.640625
6/13/19,127
6/14/19,126.9375
6/17/19,126.96875
6/18/19,127.140625
6/19/19,126.90625
6/20/19,128.0625
6/21/19,127.515625
6/24/19,127.9375
6/25/19,128.125
6/26/19,127.59375
6/27/19,127.9375
6/28/19,127.96875
7/1/19,127.6875
7/2/19,128.140625
7/3/19,128.25
7/4/19,128.25
7/5/19,127.46875
7/8/19,127.5
7/9/19,127.296875
7/10/19,127.40625