Date,TYVIX
1/2/2003,9.469125869
1/3/2003,9.562002994
1/6/2003,9.192078379
1/7/2003,9.836030482
1/8/2003,8.793189082
1/9/2003,9.132260836
1/10/2003,9.499708645
1/13/2003,9.16853783
1/14/2003,8.203529439
1/15/2003,8.102350077
1/16/2003,8.180267258
1/17/2003,8.601955001
1/21/2003,8.349165811
1/22/2003,9.580381123
1/23/2003,7.920591815
1/27/2003,9.002315469
1/28/2003,9.087176679
1/29/2003,9.391984122
1/30/2003,9.154251028
1/31/2003,8.637265166
2/3/2003,9.368647596
2/4/2003,8.906368019
2/5/2003,9.486527892
2/6/2003,9.045479204
2/7/2003,8.90278375
2/10/2003,9.399727408
2/11/2003,9.14438222
2/12/2003,8.971814612
2/13/2003,9.629995907
2/14/2003,9.414027226
2/18/2003,10.60673871
2/19/2003,9.484579258
2/20/2003,8.588483014
2/24/2003,8.314857569
2/25/2003,9.687177096
2/26/2003,8.658980459
2/27/2003,8.693193205
2/28/2003,8.610586837
3/3/2003,8.749230284
3/4/2003,8.645790391
3/5/2003,8.31334849
3/6/2003,8.681783747
3/7/2003,8.436125648
3/10/2003,9.058064553
3/11/2003,8.50656165
3/12/2003,8.55780729
3/13/2003,9.152147809
3/14/2003,8.105115856
3/17/2003,9.821318309
3/18/2003,9.598233527
3/19/2003,10.68529029
3/20/2003,10.03655531
3/24/2003,9.226484166
3/25/2003,10.52807254
3/26/2003,9.077944287
3/27/2003,9.068759175
3/28/2003,9.05786334
3/31/2003,8.643775878
4/1/2003,8.544565075
4/2/2003,8.641032707
4/3/2003,9.445778745
4/4/2003,8.525012856
4/7/2003,8.661389346
4/8/2003,8.417598914
4/9/2003,9.057536508
4/10/2003,7.81326694
4/11/2003,8.194738172
4/14/2003,8.558633496
4/15/2003,7.655166126
4/16/2003,7.331795113
4/17/2003,7.420046823
4/21/2003,7.753037242
4/22/2003,7.642644447
4/23/2003,7.857638151
4/24/2003,8.000024548
4/28/2003,7.718192593
4/29/2003,8.076643082
4/30/2003,7.433601801
5/1/2003,7.138888089
5/2/2003,7.463562354
5/5/2003,7.401596428
5/6/2003,8.178731556
5/7/2003,6.660042116
5/8/2003,7.199708576
5/9/2003,6.819163041
5/12/2003,7.098876538
5/13/2003,7.675684824
5/14/2003,7.187101176
5/15/2003,7.505927167
5/16/2003,6.971144828
5/19/2003,7.903723674
5/20/2003,8.057246702
5/21/2003,8.682839451
5/22/2003,8.430456309
5/27/2003,7.985085173
5/28/2003,7.949652647
5/29/2003,7.942414474
5/30/2003,8.326482183
6/2/2003,8.269771719
6/3/2003,8.1902808
6/4/2003,8.345662184
6/5/2003,8.819937478
6/6/2003,7.941991862
6/9/2003,8.404232186
6/10/2003,8.586948244
6/11/2003,8.67078677
6/12/2003,8.287323843
6/13/2003,8.212919763
6/16/2003,8.720638122
6/17/2003,8.874383854
6/18/2003,8.250943682
6/19/2003,8.957794228
6/23/2003,9.078682302
6/24/2003,8.042487684
6/25/2003,8.557201404
6/26/2003,7.909222088
6/27/2003,7.99290272
6/30/2003,8.801020356
7/1/2003,7.657020253
7/2/2003,7.780537136
7/3/2003,8.732998944
7/7/2003,7.819151234
7/8/2003,8.262428558
7/9/2003,7.933800987
7/10/2003,8.837211792
7/11/2003,8.025285012
7/14/2003,8.453776846
7/15/2003,8.201205832
7/16/2003,9.018245494
7/17/2003,8.94410237
7/18/2003,9.75812522
7/21/2003,9.745193841
7/22/2003,9.553358848
7/23/2003,9.757472414
7/24/2003,9.344536221
7/30/2003,12.40328303
8/1/2003,12.49796567
8/4/2003,12.45760036
8/5/2003,12.18537304
8/6/2003,11.79045612
8/7/2003,11.11915335
8/8/2003,11.70142993
8/11/2003,12.08584826
8/12/2003,11.16983542
8/13/2003,13.26153403
8/14/2003,13.5012121
8/15/2003,12.94074261
8/18/2003,11.83601324
8/19/2003,11.82123727
8/20/2003,12.31734038
8/21/2003,13.75819276
8/25/2003,13.32703221
8/26/2003,12.48110703
8/27/2003,12.04424504
8/28/2003,11.65967897
8/29/2003,11.2833682
9/2/2003,12.39379936
9/3/2003,12.02231877
9/4/2003,11.45185522
9/5/2003,11.28172658
9/8/2003,11.08348139
9/9/2003,11.85965557
9/10/2003,10.41603933
9/11/2003,10.62457134
9/12/2003,10.7957972
9/15/2003,10.93601096
9/16/2003,11.02565891
9/17/2003,10.52784912
9/18/2003,10.91002755
9/19/2003,11.01844753
9/22/2003,11.17006825
9/23/2003,10.9689432
9/24/2003,10.93124908
9/25/2003,10.60720906
9/29/2003,10.21827255
9/30/2003,10.34962961
10/1/2003,10.37837408
10/2/2003,10.8885608
10/3/2003,11.42397011
10/6/2003,11.12456474
10/7/2003,10.93809187
10/8/2003,10.46704448
10/9/2003,10.67038499
10/10/2003,10.4039978
10/14/2003,11.33384349
10/15/2003,10.99228457
10/16/2003,11.54521542
10/17/2003,10.98102621
10/20/2003,11.68504124
10/21/2003,10.8309766
10/22/2003,10.48910053
10/23/2003,10.65616202
10/27/2003,11.78823983
10/28/2003,10.34268901
10/29/2003,10.45053851
10/30/2003,11.13061263
10/31/2003,10.27549643
11/3/2003,11.09801125
11/4/2003,10.61529205
11/5/2003,10.88465171
11/6/2003,11.38457254
11/7/2003,10.68103796
11/10/2003,10.84006556
11/12/2003,9.996214521
11/13/2003,9.986712616
11/14/2003,10.21906024
11/17/2003,10.0016962
11/18/2003,9.858351192
11/19/2003,10.20090778
11/20/2003,9.607828911
11/24/2003,9.12473299
11/25/2003,8.31179987
11/26/2003,8.942264938
11/28/2003,9.541542399
12/1/2003,9.206833514
12/2/2003,10.95175912
12/3/2003,9.494509809
12/4/2003,10.25785974
12/5/2003,9.780113055
12/8/2003,9.931256222
12/9/2003,9.521231893
12/10/2003,9.813489889
12/11/2003,8.891358794
12/12/2003,9.005715815
12/15/2003,9.543237721
12/16/2003,9.357225193
12/17/2003,8.898951254
12/18/2003,9.065889884
12/19/2003,9.326163751
12/22/2003,9.957579137
12/23/2003,10.05021391
12/24/2003,9.240430268
12/29/2003,9.468192156
12/30/2003,9.759399607
12/31/2003,9.870834023
1/2/2004,9.86800153
1/5/2004,9.985016539
1/6/2004,9.236990258
1/7/2004,9.421380663
1/8/2004,10.48048555
1/9/2004,9.25289121
1/12/2004,9.542869976
1/13/2004,9.132920783
1/14/2004,9.455832825
1/15/2004,9.251152334
1/16/2004,9.158281491
1/20/2004,10.10858648
1/21/2004,9.21150309
1/22/2004,9.68418419
1/26/2004,11.54170633
1/27/2004,9.999448807
1/28/2004,10.35438187
1/29/2004,10.08203331
1/30/2004,10.13081327
2/2/2004,10.06485554
2/3/2004,10.27159518
2/4/2004,10.48108253
2/5/2004,10.71689194
2/6/2004,9.610431875
2/9/2004,9.438339969
2/10/2004,9.357295034
2/11/2004,8.385995454
2/12/2004,8.771922559
2/13/2004,7.896627341
2/17/2004,7.743159149
2/18/2004,7.816470641
2/19/2004,7.76149493
2/23/2004,7.2151719
2/24/2004,9.245347925
2/25/2004,7.940034187
2/26/2004,8.048256964
2/27/2004,7.727218599
3/1/2004,8.153208045
3/2/2004,8.254919285
3/3/2004,8.252262506
3/4/2004,8.506350524
3/5/2004,7.186866492
3/8/2004,7.143368925
3/9/2004,7.746358577
3/10/2004,8.236129497
3/11/2004,8.239374681
3/12/2004,8.463554605
3/15/2004,8.583915021
3/16/2004,7.449380674
3/17/2004,7.766500102
3/18/2004,8.455972462
3/19/2004,9.40924654
3/22/2004,7.815082018
3/23/2004,7.729802371
3/24/2004,7.599377631
3/25/2004,7.818245405
3/29/2004,8.911916835
3/30/2004,9.136428063
3/31/2004,8.668087378
4/1/2004,9.781347213
4/2/2004,9.504466738
4/5/2004,9.783928241
4/6/2004,8.851970589
4/7/2004,8.796188791
4/8/2004,9.05430029
4/12/2004,9.156221976
4/13/2004,10.24403441
4/14/2004,9.16962711
4/15/2004,9.384300644
4/16/2004,9.229767513
4/19/2004,9.028553937
4/20/2004,9.674807057
4/21/2004,9.801999375
4/22/2004,8.297258111
4/26/2004,9.881993765
4/27/2004,9.521464596
4/28/2004,10.214174
4/30/2004,10.08223103
5/3/2004,10.48732839
5/6/2004,10.82853754
5/7/2004,9.130352645
5/10/2004,9.151217583
5/11/2004,8.686575562
5/12/2004,8.902772899
5/13/2004,9.531715494
5/14/2004,8.731096239
5/17/2004,9.092117668
5/18/2004,9.168175791
5/19/2004,8.608124941
5/20/2004,9.275728919
5/24/2004,8.69745132
5/25/2004,8.461194064
5/26/2004,7.853601166
5/27/2004,8.409667701
5/28/2004,8.108142792
6/1/2004,8.626819499
6/2/2004,8.813679518
6/3/2004,8.557282784
6/7/2004,7.703458346
6/8/2004,7.688471955
6/9/2004,7.226513158
6/10/2004,7.703564929
6/11/2004,7.846984496
6/14/2004,8.535539395
6/15/2004,8.781365567
6/16/2004,7.412891584
6/17/2004,7.508653458
6/18/2004,7.047278757
6/21/2004,9.067165289
6/22/2004,7.743344259
6/23/2004,9.616112082
6/24/2004,8.014861831
6/28/2004,7.878272796
6/29/2004,8.420185524
6/30/2004,7.544173619
7/1/2004,7.585415684
7/2/2004,7.029719519
7/6/2004,7.17446131
7/7/2004,6.906048713
7/8/2004,7.407802907
7/9/2004,7.552625129
7/12/2004,8.12524492
7/13/2004,7.909937466
7/14/2004,7.742251881
7/15/2004,7.720143844
7/16/2004,7.305268197
7/19/2004,7.54574225
7/20/2004,9.032926568
7/21/2004,7.223970666
7/22/2004,7.663675814
7/26/2004,7.939828726
7/27/2004,8.568021078
7/28/2004,8.312935557
7/29/2004,8.337122111
7/30/2004,8.177695683
8/2/2004,8.49484617
8/3/2004,8.201253229
8/4/2004,8.378740846
8/5/2004,8.459622308
8/6/2004,8.309269295
8/9/2004,7.406911032
8/10/2004,7.716726695
8/11/2004,7.481528168
8/12/2004,7.077716547
8/13/2004,7.421411024
8/16/2004,7.088307354
8/17/2004,8.248377515
8/18/2004,8.276675357
8/19/2004,8.299929913
8/20/2004,9.25819883
8/23/2004,7.778204415
8/24/2004,7.868381097
8/25/2004,7.722992781
8/26/2004,8.081533926
8/30/2004,7.965926627
8/31/2004,8.166667295
9/1/2004,8.686137963
9/2/2004,8.860226661
9/3/2004,6.539561203
9/7/2004,7.106002921
9/8/2004,6.769312927
9/9/2004,6.658102115
9/10/2004,6.46040899
9/13/2004,7.068035279
9/14/2004,7.093144352
9/15/2004,6.606616152
9/16/2004,6.736396033
9/17/2004,7.261808582
9/20/2004,6.764556269
9/21/2004,6.479666606
9/22/2004,7.273225802
9/23/2004,7.091814549
9/27/2004,7.601184199
9/28/2004,7.152107841
9/29/2004,7.449498747
9/30/2004,7.400029809
10/1/2004,7.022107593
10/4/2004,6.779821252
10/5/2004,6.705123719
10/6/2004,7.585077986
10/7/2004,7.724535103
10/8/2004,7.282909896
10/12/2004,7.078766298
10/13/2004,6.441155406
10/14/2004,7.730974911
10/15/2004,6.447186957
10/18/2004,6.472162121
10/19/2004,6.602659837
10/20/2004,7.276369501
10/21/2004,7.135500215
10/25/2004,7.323020962
10/26/2004,7.315392327
10/27/2004,7.067488318
10/28/2004,7.181668276
10/29/2004,8.84877098
11/1/2004,7.849184665
11/2/2004,7.331367275
11/3/2004,7.156758401
11/4/2004,7.01901437
11/5/2004,6.795184594
11/8/2004,6.843937271
11/9/2004,6.781915328
11/10/2004,6.290187747
11/12/2004,6.611416274
11/15/2004,6.669028799
11/16/2004,7.007093834
11/17/2004,6.335077431
11/18/2004,6.200310346
11/19/2004,6.795763741
11/22/2004,6.949176297
11/23/2004,6.925818174
11/24/2004,6.815373723
12/3/2004,6.066667281
12/6/2004,6.057186464
12/7/2004,5.729074234
12/8/2004,5.455434008
12/9/2004,5.684687081
12/10/2004,5.730941834
12/13/2004,5.826888122
12/14/2004,6.15895017
12/15/2004,6.197526591
12/16/2004,6.294623834
12/17/2004,6.196293025
12/20/2004,5.976693466
12/21/2004,5.854431699
12/22/2004,5.780137195
12/27/2004,6.785243137
12/28/2004,6.445785072
12/29/2004,6.625574199
12/30/2004,7.084418125
12/31/2004,6.88142768
1/3/2005,6.837654631
1/4/2005,6.457050299
1/5/2005,6.319184359
1/6/2005,6.787827905
1/7/2005,5.895190426
1/10/2005,6.063282586
1/11/2005,6.321604048
1/12/2005,6.257329748
1/13/2005,6.339159725
1/14/2005,6.272057419
1/18/2005,6.652021237
1/19/2005,6.528050202
1/20/2005,6.067585673
1/24/2005,6.096849478
1/25/2005,6.427009341
1/26/2005,6.492684286
1/27/2005,6.711990708
1/28/2005,6.022096473
1/31/2005,6.110981002
2/1/2005,5.916578738
2/2/2005,5.848521466
2/3/2005,5.964407693
2/4/2005,5.752740641
2/7/2005,5.657117371
2/8/2005,5.729963707
2/9/2005,6.236650132
2/10/2005,6.264411328
2/11/2005,6.369384878
2/14/2005,6.334166737
2/15/2005,6.412604265
2/16/2005,5.422366494
2/17/2005,5.321681173
2/22/2005,5.819812092
2/23/2005,5.585718173
2/24/2005,5.555486741
2/25/2005,5.76720325
3/3/2005,6.93924106
3/4/2005,5.256207363
3/7/2005,5.107746746
3/8/2005,5.832309376
3/10/2005,5.869419278
3/11/2005,6.433713972
3/14/2005,6.737601594
3/15/2005,6.527399368
3/16/2005,6.76079998
3/17/2005,6.287235461
3/18/2005,6.179794099
3/21/2005,6.329719511
3/22/2005,6.259494019
3/23/2005,6.12480712
3/28/2005,6.424967912
3/29/2005,6.828459745
3/30/2005,6.78828023
3/31/2005,6.065894783
4/1/2005,6.346380021
4/4/2005,5.773152922
4/5/2005,5.901734667
4/6/2005,5.914093523
4/7/2005,6.200053158
4/8/2005,5.777274983
4/11/2005,6.19154849
4/12/2005,5.739321342
4/13/2005,5.72225452
4/14/2005,5.747469428
4/15/2005,6.656280896
4/18/2005,6.53713305
4/19/2005,6.446210132
4/20/2005,6.25990568
4/21/2005,6.920827874
4/25/2005,6.140542723
4/26/2005,6.568483318
4/27/2005,6.110482296
4/28/2005,6.339392251
4/29/2005,6.634485242
5/2/2005,7.193257318
5/3/2005,6.081995385
5/4/2005,6.34050851
5/5/2005,6.479986133
5/6/2005,5.889647216
5/9/2005,6.109800228
5/10/2005,7.247518691
5/11/2005,6.559328024
5/12/2005,6.304086186
5/13/2005,6.237078603
5/16/2005,6.240866244
5/17/2005,6.082796416
5/18/2005,6.043869183
5/19/2005,5.518110337
5/23/2005,5.918921307
5/24/2005,5.526676912
5/25/2005,6.050363523
5/26/2005,5.956284549
5/27/2005,5.831598274
5/31/2005,5.745386663
6/1/2005,6.237364542
6/2/2005,5.884146694
6/3/2005,5.733813234
6/6/2005,6.929762995
6/7/2005,6.539433805
6/8/2005,6.367943747
6/9/2005,6.928724568
6/10/2005,6.221758733
6/13/2005,6.187443143
6/14/2005,5.670748935
6/15/2005,5.578532664
6/16/2005,5.861998293
6/17/2005,5.878740348
6/20/2005,5.566195497
6/21/2005,5.870095167
6/22/2005,6.101370139
6/23/2005,5.569675163
6/27/2005,6.489537715
6/28/2005,6.16894882
6/29/2005,5.915337908
6/30/2005,5.838346242
7/1/2005,6.447808701
7/5/2005,6.365437105
7/6/2005,6.287358183
7/7/2005,6.724559782
7/8/2005,6.037069692
7/11/2005,6.21720582
7/12/2005,6.562780797
7/13/2005,6.341783222
7/14/2005,6.273058243
7/15/2005,6.243338737
7/18/2005,7.834691742
7/19/2005,6.470718647
7/20/2005,6.35978393
7/21/2005,6.190273531
7/25/2005,6.159544092
7/26/2005,6.031625275
7/27/2005,6.049110266
7/28/2005,6.415877813
7/29/2005,6.511984121
8/1/2005,6.647346359
8/2/2005,6.235114409
8/3/2005,6.26056617
8/4/2005,6.02798955
8/5/2005,5.766183209
8/8/2005,6.140856266
8/9/2005,6.015170052
8/10/2005,5.90038639
8/11/2005,5.652176573
8/12/2005,5.938280277
8/15/2005,5.735533884
8/16/2005,5.85994798
8/17/2005,5.699744622
8/18/2005,5.913710548
8/19/2005,5.94274357
8/22/2005,5.890848175
8/23/2005,5.926650317
8/24/2005,5.850713809
8/25/2005,5.306083528
8/29/2005,6.029113042
8/30/2005,5.72217756
8/31/2005,5.551896831
9/1/2005,5.738880088
9/2/2005,5.532255623
9/6/2005,6.146391728
9/7/2005,6.944318916
9/8/2005,6.823497557
9/9/2005,5.660406322
9/12/2005,5.484484415
9/13/2005,5.77826455
9/14/2005,5.442492473
9/15/2005,6.055705371
9/16/2005,6.018584881
9/19/2005,6.134089842
9/20/2005,5.832981258
9/21/2005,5.401989716
9/22/2005,5.308360027
9/26/2005,5.49713219
9/27/2005,5.427911755
9/28/2005,5.600256382
9/29/2005,5.411265888
9/30/2005,6.057495854
10/3/2005,6.0630891
10/4/2005,6.071189991
10/5/2005,5.88825008
10/6/2005,5.858761219
10/7/2005,5.744552694
10/11/2005,6.053814042
10/12/2005,5.828220685
10/13/2005,6.561780467
10/14/2005,6.360582821
10/17/2005,6.462080898
10/18/2005,6.447709848
10/19/2005,5.930082087
10/20/2005,5.893883501
10/24/2005,5.97625744
10/26/2005,6.267904649
10/27/2005,6.1930291
10/28/2005,6.140874096
10/31/2005,6.218958173
11/1/2005,6.036831346
11/2/2005,6.138781322
11/3/2005,6.826127821
11/4/2005,6.180115266
11/7/2005,6.083305595
11/8/2005,5.834250036
11/9/2005,6.50237726
11/10/2005,5.862214844
11/14/2005,6.280646654
11/15/2005,5.787939601
11/16/2005,5.981927998
11/17/2005,6.054287245
11/18/2005,5.516034333
11/21/2005,5.799450852
11/22/2005,5.314327328
11/23/2005,5.885766041
11/25/2005,5.293058822
11/28/2005,5.274694065
11/29/2005,5.55620073
11/30/2005,6.011648711
12/1/2005,5.337388751
12/2/2005,4.977590254
12/5/2005,5.089184267
12/6/2005,5.2365516
12/7/2005,4.907722796
12/8/2005,5.587019565
12/9/2005,4.954908345
12/12/2005,5.217673827
12/13/2005,5.021003323
12/14/2005,5.479545461
12/15/2005,5.253190444
12/16/2005,4.732859444
12/19/2005,4.712872658
12/20/2005,5.113916893
12/21/2005,5.26390648
12/22/2005,4.6724403
12/23/2005,4.501873604
12/27/2005,5.445684835
12/28/2005,4.995766392
12/29/2005,5.008106126
12/30/2005,5.113007594
1/3/2006,5.451635097
1/4/2006,5.213122245
1/5/2006,5.179633816
1/6/2006,4.960684009
1/9/2006,5.071539352
1/10/2006,4.872358812
1/11/2006,5.160060501
1/12/2006,4.951514095
1/13/2006,5.256617424
1/17/2006,5.516620719
1/18/2006,5.50382554
1/19/2006,5.142926415
1/20/2006,5.132212448
1/23/2006,5.306054801
1/24/2006,5.260136561
1/25/2006,5.955882868
1/26/2006,5.596234121
1/30/2006,5.447932538
1/31/2006,5.44612183
2/1/2006,5.438813661
2/2/2006,5.351768051
2/3/2006,5.149613386
2/6/2006,5.138440432
2/7/2006,5.137410228
2/8/2006,5.72536217
2/9/2006,5.422819887
2/10/2006,5.484840611
2/13/2006,5.608221298
2/14/2006,5.142615178
2/15/2006,4.764361956
2/16/2006,4.642196558
2/17/2006,5.129591493
2/21/2006,5.153149063
2/22/2006,4.365885224
2/23/2006,4.46208779
2/27/2006,4.459013652
2/28/2006,5.181636846
3/1/2006,4.769482493
3/2/2006,4.879061365
3/3/2006,4.687456692
3/6/2006,5.318939661
3/7/2006,5.377670424
3/8/2006,5.348068468
3/9/2006,5.510955851
3/10/2006,5.002021555
3/13/2006,5.30099818
3/14/2006,4.703356746
3/15/2006,4.807761007
3/16/2006,4.695105142
3/17/2006,4.7670299
3/20/2006,4.806302813
3/21/2006,4.819068101
3/22/2006,4.623399142
3/23/2006,5.329776747
3/27/2006,4.822443927
3/28/2006,5.02534879
3/29/2006,5.174626374
3/30/2006,5.243827314
3/31/2006,5.004959457
4/3/2006,5.156507171
4/4/2006,5.047122169
4/5/2006,4.925322986
4/6/2006,5.055776298
4/7/2006,5.445627768
4/10/2006,5.453626852
4/11/2006,5.082321585
4/12/2006,5.524442515
4/13/2006,5.212350072
4/17/2006,5.86410978
4/18/2006,5.775940476
4/19/2006,5.73767706
4/20/2006,5.197612978
4/24/2006,5.818216473
4/25/2006,5.342745362
4/26/2006,5.284174589
4/27/2006,5.141033534
4/28/2006,5.001711565
5/1/2006,5.24017835
5/2/2006,5.221254867
5/3/2006,5.386951471
5/4/2006,5.691854588
5/5/2006,4.907126713
5/8/2006,5.042407319
5/9/2006,5.126971703
5/10/2006,5.260791702
5/11/2006,5.655842638
5/12/2006,5.207778032
5/15/2006,5.812331301
5/16/2006,5.082873169
5/17/2006,5.748766449
5/18/2006,5.160281733
5/19/2006,5.131339084
5/22/2006,5.412515815
5/23/2006,5.178007196
5/24/2006,5.395463156
5/25/2006,5.202857265
5/30/2006,5.178350532
5/31/2006,5.648474233
6/1/2006,5.44417293
6/2/2006,5.06099072
6/5/2006,5.173410828
6/6/2006,5.195465129
6/7/2006,4.797478633
6/8/2006,5.234453373
6/9/2006,5.079970282
6/12/2006,5.358527341
6/13/2006,5.539244787
6/14/2006,4.784823134
6/15/2006,4.795627927
6/16/2006,5.274315733
6/19/2006,4.874530765
6/20/2006,4.86493758
6/21/2006,4.851609244
6/22/2006,5.049696327
6/26/2006,5.097028029
6/27/2006,4.88269367
6/28/2006,4.914904313
6/29/2006,4.837564178
6/30/2006,5.456978521
7/3/2006,5.194260135
7/5/2006,4.991287153
7/6/2006,4.922193319
7/7/2006,5.135367173
7/10/2006,5.179636287
7/11/2006,4.825100731
7/12/2006,4.874762685
7/13/2006,5.119638555
7/14/2006,5.065293125
7/17/2006,5.190582715
7/18/2006,5.628183585
7/19/2006,4.908921726
7/20/2006,4.833599501
7/24/2006,4.724790738
7/25/2006,4.703801087
7/26/2006,4.783910086
7/27/2006,4.736060248
7/28/2006,5.31217561
7/31/2006,4.907671988
8/1/2006,4.800821436
8/2/2006,4.822969118
8/3/2006,4.911572467
8/4/2006,4.60196992
8/7/2006,4.749536819
8/8/2006,4.575102764
8/9/2006,4.503268734
8/10/2006,4.47887228
8/11/2006,4.494509396
8/14/2006,5.043050031
8/15/2006,4.591751997
8/16/2006,4.481647402
8/17/2006,4.421567786
8/18/2006,4.961926914
8/21/2006,5.097030694
8/22/2006,5.095924319
8/23/2006,5.136370988
8/24/2006,4.988856065
8/28/2006,5.083169871
8/29/2006,5.156753644
8/30/2006,4.570571292
8/31/2006,4.673206468
9/1/2006,4.425909543
9/5/2006,4.525915274
9/6/2006,5.221064745
9/7/2006,4.80581162
9/8/2006,4.561928863
9/11/2006,5.223078684
9/12/2006,4.5839998
9/13/2006,4.63980858
9/14/2006,5.281005626
9/15/2006,4.885633247
9/18/2006,4.969360632
9/19/2006,4.436635156
9/20/2006,4.390101501
9/21/2006,5.104482906
9/25/2006,5.038987811
9/26/2006,4.851333549
9/27/2006,4.76749227
9/28/2006,4.588352723
9/29/2006,4.532398217
10/2/2006,4.630600548
10/3/2006,4.516997431
10/4/2006,4.548191309
10/5/2006,4.593462959
10/6/2006,4.509031983
10/10/2006,4.532079673
10/11/2006,5.169196653
10/12/2006,4.46802432
10/13/2006,4.876644339
10/16/2006,4.607263708
10/17/2006,4.704799421
10/18/2006,4.459592682
10/19/2006,4.486557416
10/20/2006,5.040431651
10/23/2006,4.564088631
10/24/2006,4.473941862
10/25/2006,4.440531243
10/26/2006,4.582879324
10/30/2006,4.75309057
10/31/2006,4.707957668
11/1/2006,4.992286857
11/2/2006,4.742912605
11/3/2006,4.441823585
11/6/2006,4.427495782
11/7/2006,4.812095713
11/8/2006,4.583908495
11/9/2006,4.489614166
11/10/2006,4.485243599
11/13/2006,4.730839645
11/14/2006,4.670854155
11/15/2006,4.594485821
11/16/2006,4.957592667
11/17/2006,4.505018104
11/20/2006,4.52529028
11/21/2006,4.402701414
11/22/2006,4.268555619
11/24/2006,5.550551464
11/27/2006,5.60274244
11/28/2006,6.052542099
11/29/2006,5.511558339
11/30/2006,5.542526331
12/1/2006,5.52170548
12/4/2006,5.48613026
12/5/2006,5.388277965
12/6/2006,5.348202089
12/7/2006,5.400474254
12/8/2006,5.415838433
12/11/2006,5.361902785
12/12/2006,4.894504744
12/13/2006,4.897378529
12/14/2006,4.851203142
12/15/2006,4.753333819
12/18/2006,4.666842225
12/19/2006,4.572757725
12/20/2006,4.43449583
12/21/2006,4.432633488
12/22/2006,4.142761269
12/26/2006,4.432218236
12/27/2006,5.855820668
12/28/2006,5.430843253
12/29/2006,5.51072767
1/2/2007,5.768911238
1/3/2007,5.636882616
1/4/2007,5.416157337
1/5/2007,5.39231046
1/8/2007,5.377129488
1/9/2007,4.826168632
1/10/2007,4.876953983
1/11/2007,4.655064225
1/12/2007,4.58585681
1/16/2007,4.970897589
1/17/2007,5.435197639
1/18/2007,4.707231886
1/19/2007,4.586491249
1/22/2007,4.559159747
1/23/2007,5.179989827
1/24/2007,5.198996767
1/25/2007,4.582755154
1/29/2007,4.596471385
1/30/2007,4.671931783
1/31/2007,4.747479349
2/1/2007,4.578240973
2/2/2007,4.320167135
2/5/2007,4.656435222
2/6/2007,4.426670571
2/7/2007,4.525673666
2/8/2007,4.454095749
2/9/2007,5.117405697
2/12/2007,4.957142907
2/13/2007,5.04609159
2/14/2007,4.35823291
2/15/2007,4.446945406
2/16/2007,4.475066609
2/20/2007,4.520145626
2/21/2007,4.422233115
2/22/2007,4.384500286
2/26/2007,5.308064358
2/27/2007,5.848978298
2/28/2007,5.233036658
3/1/2007,5.615049986
3/2/2007,6.269999738
3/5/2007,6.268029817
3/6/2007,5.456878965
3/7/2007,5.90247052
3/8/2007,5.890288057
3/9/2007,4.825788494
3/12/2007,5.200894926
3/13/2007,5.399849172
3/14/2007,5.934829553
3/15/2007,5.675495057
3/16/2007,5.706550535
3/19/2007,5.218522167
3/20/2007,5.700836134
3/21/2007,5.019094712
3/22/2007,4.859112956
3/26/2007,5.699375863
3/27/2007,5.350847309
3/28/2007,5.238605176
3/29/2007,5.041414296
3/30/2007,5.091683047
4/2/2007,5.10103428
4/3/2007,5.300290265
4/4/2007,4.985151148
4/5/2007,5.491507873
4/6/2007,4.68818741
4/9/2007,4.815232835
4/10/2007,4.719231168
4/11/2007,4.580991724
4/12/2007,4.531139161
4/13/2007,4.593150236
4/16/2007,4.670655127
4/17/2007,5.104946133
4/18/2007,4.516645118
4/19/2007,5.150853493
4/23/2007,4.68779126
4/24/2007,4.629865625
4/25/2007,4.512722733
4/26/2007,5.24934978
4/27/2007,4.533208044
4/30/2007,4.62821308
5/1/2007,4.587726688
5/2/2007,4.405203358
5/3/2007,4.821424898
5/4/2007,4.219510379
5/7/2007,4.169902274
5/8/2007,4.195128163
5/9/2007,4.432905706
5/10/2007,4.087503042
5/11/2007,4.372146952
5/14/2007,4.634122929
5/15/2007,4.145432023
5/16/2007,3.994749495
5/17/2007,4.089352352
5/18/2007,4.249810076
5/21/2007,4.19429551
5/22/2007,4.874412291
5/23/2007,4.199417349
5/24/2007,4.204973381
5/29/2007,4.380826537
5/30/2007,4.326378465
5/31/2007,4.590577519
6/4/2007,4.285318563
6/5/2007,4.620432019
6/6/2007,4.700966109
6/7/2007,4.962323082
6/8/2007,6.059519574
6/11/2007,5.512934447
6/12/2007,6.24901698
6/13/2007,6.205507427
6/14/2007,5.710609778
6/15/2007,5.601343613
6/18/2007,5.621726043
6/19/2007,4.99999739
6/20/2007,5.781006324
6/21/2007,6.066720179
6/25/2007,5.530083776
6/26/2007,5.607937261
6/27/2007,5.560511133
6/28/2007,5.275084602
6/29/2007,5.260276852
7/2/2007,5.158605282
7/3/2007,5.294166447
7/5/2007,5.072084732
7/6/2007,5.329549795
7/9/2007,5.301947153
7/10/2007,5.622262308
7/11/2007,5.736237453
7/12/2007,5.665605115
7/13/2007,5.505002825
7/16/2007,5.591410506
7/17/2007,5.512131567
7/18/2007,5.541374258
7/19/2007,5.42686356
7/20/2007,5.797555304
7/23/2007,5.896938729
7/24/2007,6.026999966
7/25/2007,6.259236408
7/26/2007,7.9605154
7/27/2007,7.216333668
7/30/2007,6.894214115
7/31/2007,6.728309573
8/1/2007,7.131040481
8/2/2007,6.977128084
8/3/2007,6.767161251
8/6/2007,6.933257327
8/7/2007,6.621404424
8/8/2007,6.319239105
8/9/2007,7.421394008
8/10/2007,7.892600112
8/13/2007,7.943388201
8/14/2007,7.09415247
8/15/2007,7.120319875
8/16/2007,7.824208893
8/17/2007,7.263404062
8/20/2007,7.729599361
8/21/2007,7.621266941
8/22/2007,7.489376191
8/23/2007,7.228906189
8/24/2007,6.79092729
8/27/2007,6.827430294
8/28/2007,7.505351428
8/29/2007,7.495256061
8/30/2007,7.735555009
8/31/2007,7.463964246
9/4/2007,7.671645586
9/5/2007,7.962855934
9/6/2007,7.883789868
9/7/2007,7.85611977
9/10/2007,8.563066922
9/11/2007,8.298312317
9/12/2007,8.145152793
9/13/2007,8.03276444
9/14/2007,8.586977762
9/17/2007,8.458025168
9/18/2007,7.412250806
9/19/2007,6.544982849
9/20/2007,6.646588569
9/21/2007,6.170134628
9/24/2007,7.053919214
9/25/2007,7.440359637
9/26/2007,7.297605989
9/27/2007,7.334903326
9/28/2007,7.344710694
10/1/2007,7.362932372
10/2/2007,7.03550357
10/3/2007,6.92945131
10/4/2007,6.839702358
10/5/2007,6.366710575
10/9/2007,6.377869843
10/10/2007,6.239638153
10/11/2007,6.200783259
10/12/2007,6.076282264
10/15/2007,6.23216473
10/16/2007,6.20736896
10/17/2007,6.438486384
10/18/2007,6.21248916
10/19/2007,6.418781627
10/22/2007,6.585072908
10/23/2007,6.486571113
10/24/2007,7.009977208
10/25/2007,6.853462198
10/26/2007,6.718079639
10/29/2007,7.270190811
10/30/2007,7.065658953
10/31/2007,6.779516676
11/1/2007,7.018362865
11/2/2007,7.528814533
11/5/2007,7.501043312
11/6/2007,7.168701443
11/7/2007,7.543914573
11/8/2007,7.884321201
11/9/2007,7.869974606
11/13/2007,7.195449532
11/14/2007,6.811492039
11/15/2007,7.468120583
11/16/2007,7.268061215
11/19/2007,7.755336067
11/20/2007,7.660678443
11/21/2007,9.08961379
11/23/2007,9.090043639
11/26/2007,10.02919999
11/27/2007,10.32765659
11/28/2007,9.08070095
11/29/2007,9.872891908
11/30/2007,8.96526249
12/3/2007,9.704607204
12/4/2007,9.826747657
12/5/2007,9.695431654
12/6/2007,9.202020465
12/7/2007,8.897912822
12/10/2007,9.033327204
12/11/2007,9.161935747
12/12/2007,8.910422079
12/13/2007,8.842265246
12/14/2007,8.605713269
12/17/2007,8.781966691
12/18/2007,8.743796538
12/19/2007,8.792468324
12/20/2007,9.059120615
12/21/2007,8.475533126
12/24/2007,9.346644383
12/26/2007,8.84930562
12/27/2007,8.913011899
12/28/2007,9.663692403
12/31/2007,9.984828004
1/2/2008,13.74697623
1/3/2008,13.98277571
1/4/2008,8.965340669
1/7/2008,20.62783469
1/8/2008,20.63252648
1/9/2008,17.02134789
1/10/2008,0.718484454
1/11/2008,17.31546219
1/14/2008,8.702198984
1/15/2008,20.31760887
1/16/2008,8.509335526
1/17/2008,8.64553619
1/18/2008,20.59222218
1/22/2008,21.24100906
1/23/2008,21.54136841
1/24/2008,21.85537067
1/28/2008,10.97504063
1/29/2008,10.33489011
1/30/2008,9.463634086
1/31/2008,18.65402372
2/1/2008,9.212985016
2/4/2008,17.20547877
2/5/2008,10.06494328
2/6/2008,16.42817418
2/7/2008,9.726966448
2/8/2008,11.49847895
2/11/2008,14.6225156
2/12/2008,14.15360676
2/13/2008,9.840806852
2/14/2008,13.15677777
2/15/2008,10.39002183
2/19/2008,10.45611617
2/20/2008,10.24848723
2/21/2008,10.38694253
2/25/2008,10.75652594
2/26/2008,9.979679286
2/27/2008,9.80745103
2/28/2008,10.52982471
2/29/2008,15.8570191
3/3/2008,10.60693709
3/4/2008,11.16353962
3/5/2008,10.65150292
3/6/2008,11.1581548
3/7/2008,11.16892584
3/10/2008,11.11314428
3/11/2008,10.37128177
3/12/2008,10.34227808
3/13/2008,10.36347105
3/14/2008,11.17279221
3/17/2008,11.88809741
3/18/2008,10.82138246
3/19/2008,10.82413971
3/20/2008,10.4918409
3/24/2008,11.11160821
3/25/2008,10.99644018
3/26/2008,10.86458195
3/27/2008,10.25729677
3/28/2008,9.990301204
3/31/2008,10.22030025
4/1/2008,9.72671891
4/2/2008,9.781088633
4/3/2008,9.029900142
4/4/2008,8.73122494
4/7/2008,8.82170731
4/8/2008,8.444334717
4/9/2008,8.730606772
4/10/2008,8.802634562
4/11/2008,8.9018159
4/14/2008,9.049539013
4/15/2008,9.318841412
4/16/2008,9.767401891
4/17/2008,9.78503259
4/18/2008,9.105000947
4/21/2008,9.575438674
4/22/2008,9.055770831
4/23/2008,9.202040407
4/24/2008,9.796690329
4/25/2008,9.210262571
4/28/2008,9.997148568
4/29/2008,9.442699803
4/30/2008,9.127306178
5/1/2008,8.556719556
5/2/2008,8.612211133
5/5/2008,8.823195447
5/6/2008,8.797091546
5/7/2008,8.95573598
5/8/2008,9.023740451
5/9/2008,8.900274958
5/12/2008,8.991799198
5/13/2008,8.788575565
5/14/2008,8.674190634
5/15/2008,8.505970876
5/16/2008,8.514253561
5/19/2008,8.842040803
5/20/2008,8.251721511
5/21/2008,8.685678863
5/22/2008,8.943442925
5/23/2008,8.39847533
5/27/2008,8.856514797
5/28/2008,9.216471587
5/29/2008,9.661010003
5/30/2008,9.326042675
6/2/2008,10.06082594
6/3/2008,9.653497199
6/4/2008,9.505564485
6/5/2008,9.789668758
6/6/2008,9.965006275
6/9/2008,11.35376452
6/10/2008,11.32237654
6/11/2008,10.46194298
6/12/2008,6.0778174
6/13/2008,10.93915791
6/16/2008,10.37510218
6/17/2008,9.708437223
6/18/2008,9.734614452
6/19/2008,9.577511122
6/20/2008,9.611720388
6/23/2008,10.13099767
6/24/2008,9.50608541
6/25/2008,9.67281723
6/26/2008,9.070114071
6/27/2008,9.451957989
6/30/2008,8.813493865
7/1/2008,9.551504441
7/2/2008,9.374374014
7/3/2008,8.851810161
7/7/2008,9.115038424
7/8/2008,8.986428122
7/9/2008,8.569988099
7/10/2008,9.007097493
7/11/2008,10.22814351
7/14/2008,10.30833454
7/15/2008,10.22539279
7/16/2008,9.974789007
7/17/2008,10.17819498
7/18/2008,9.833823989
7/21/2008,10.33758404
7/22/2008,9.928190388
7/23/2008,9.799485144
7/24/2008,9.339073765
7/28/2008,10.12278696
7/29/2008,9.42097975
7/30/2008,9.491269285
7/31/2008,9.269464287
8/1/2008,9.056006397
8/4/2008,9.0871513
8/5/2008,8.887042911
8/6/2008,8.618841715
8/7/2008,8.55638905
8/8/2008,8.500330231
8/11/2008,8.707700614
8/12/2008,8.575883717
8/13/2008,8.955139269
8/14/2008,8.765700398
8/15/2008,8.756794243
8/18/2008,9.018443142
8/19/2008,8.740330147
8/20/2008,8.754231165
8/21/2008,8.762453461
8/25/2008,8.690110317
8/26/2008,8.684321185
8/27/2008,8.953290888
8/28/2008,8.273112354
8/29/2008,8.259652511
9/2/2008,8.513688733
9/3/2008,8.23691226
9/4/2008,8.651486654
9/5/2008,8.131644606
9/8/2008,9.369873643
9/9/2008,10.36172805
9/10/2008,9.817922961
9/11/2008,10.22524839
9/12/2008,10.55968918
9/15/2008,12.64223802
9/16/2008,12.44829452
9/17/2008,13.15926888
9/18/2008,13.24751765
9/19/2008,11.72228026
9/22/2008,12.00012186
9/23/2008,12.21987203
9/24/2008,12.50183035
9/25/2008,12.25885026
9/29/2008,14.07949415
9/30/2008,13.98767821
10/1/2008,13.1679584
10/2/2008,13.07870525
10/3/2008,12.16899124
10/6/2008,14.67358294
10/7/2008,14.3221106
10/8/2008,14.2084563
10/9/2008,14.28412649
10/10/2008,16.29087779
10/13/2008,15.54298864
10/14/2008,14.54394645
10/15/2008,14.15923137
10/16/2008,13.90826237
10/17/2008,13.13362943
10/20/2008,12.57189687
10/21/2008,13.45786941
10/22/2008,14.22480845
10/23/2008,15.38586181
11/3/2008,12.40025565
11/4/2008,13.3617352
11/5/2008,13.26641799
11/6/2008,13.24359854
11/7/2008,12.41800959
11/10/2008,12.56632547
11/11/2008,12.97139577
11/12/2008,13.55320133
11/13/2008,13.36538587
11/14/2008,13.95336747
11/17/2008,14.02489941
11/18/2008,14.31043279
11/19/2008,14.77601574
11/20/2008,15.87467242
11/25/2008,14.03549992
11/26/2008,13.98517123
11/28/2008,13.4892062
12/1/2008,14.77762194
12/2/2008,14.45557696
12/3/2008,14.682877
12/4/2008,15.26741638
12/5/2008,15.60372378
12/8/2008,16.22840772
12/9/2008,16.10335456
12/10/2008,15.94294324
12/11/2008,16.05942884
12/12/2008,16.3340048
12/15/2008,16.3039451
12/16/2008,15.337773
12/17/2008,13.80455643
12/18/2008,13.19090626
12/19/2008,13.65636155
12/22/2008,14.84377436
12/23/2008,14.98034865
12/24/2008,15.34475702
12/26/2008,14.67658611
12/29/2008,15.19788675
12/30/2008,15.23669888
12/31/2008,16.12967751
1/2/2009,16.46744097
1/5/2009,14.99838665
1/6/2009,13.73449231
1/7/2009,12.61247068
1/8/2009,12.56473938
1/9/2009,11.56136717
1/12/2009,11.7893217
1/13/2009,10.91673796
1/14/2009,10.67678943
1/15/2009,11.66217059
1/16/2009,12.20330883
1/20/2009,13.56187014
1/21/2009,13.68359807
1/22/2009,13.4766262
1/26/2009,13.24422766
1/27/2009,12.81583855
1/28/2009,12.54419567
2/2/2009,14.21749585
2/3/2009,13.78930198
2/4/2009,13.91694121
2/6/2009,14.07112402
2/10/2009,13.85280894
2/11/2009,12.47870666
2/12/2009,12.55488787
2/13/2009,13.26627241
2/17/2009,13.76440095
2/18/2009,13.81981393
2/19/2009,14.12487541
2/23/2009,14.38768404
2/24/2009,13.55275525
2/25/2009,13.11119008
2/26/2009,12.62751363
2/27/2009,13.25556853
3/2/2009,13.46730889
3/3/2009,13.62576362
3/4/2009,13.69883269
3/5/2009,13.50081733
3/6/2009,13.14468555
3/9/2009,13.11433354
3/10/2009,12.47494218
3/11/2009,12.16243024
3/12/2009,12.37518713
3/13/2009,12.2528474
3/16/2009,12.35122993
3/17/2009,13.25219603
3/18/2009,10.76279428
3/19/2009,9.496982296
3/20/2009,8.982724434
3/23/2009,9.427134548
3/24/2009,9.590720163
3/25/2009,10.0004829
3/26/2009,10.10955501
3/30/2009,10.0774775
3/31/2009,9.566106964
4/1/2009,9.40203638
4/2/2009,9.411589653
4/3/2009,9.713828942
4/6/2009,9.861694777
4/7/2009,9.350952707
4/8/2009,9.165195086
4/9/2009,9.357596249
4/13/2009,9.206512649
4/14/2009,8.759434295
4/15/2009,8.919568973
4/16/2009,8.81469623
4/17/2009,9.504070799
4/20/2009,9.708540948
4/21/2009,10.19326636
4/22/2009,10.67882111
4/23/2009,10.56009435
4/28/2009,10.99486237
4/29/2009,10.86730015
4/30/2009,10.77926593
5/1/2009,10.49644776
5/4/2009,10.9205608
5/5/2009,10.19640234
5/6/2009,10.32120184
5/7/2009,10.68384877
5/8/2009,10.85370025
5/11/2009,10.89736719
5/12/2009,10.75016558
5/13/2009,10.62713836
5/14/2009,10.16185285
5/15/2009,9.977044458
5/18/2009,10.25087122
5/19/2009,10.22136744
5/20/2009,10.26663149
5/21/2009,11.17766689
5/29/2009,11.78167979
6/2/2009,12.88957666
6/3/2009,11.77637977
6/4/2009,12.08356877
6/9/2009,12.70175614
6/10/2009,12.84505236
6/11/2009,12.44930398
6/12/2009,12.43619713
6/15/2009,12.27645685
6/16/2009,12.18822524
6/17/2009,12.42947364
6/18/2009,13.38753632
6/19/2009,13.07578547
6/22/2009,13.2183955
6/23/2009,12.68394575
6/24/2009,11.91939623
6/25/2009,10.76796671
6/29/2009,11.1921887
6/30/2009,11.48032947
7/1/2009,11.42751644
7/2/2009,10.56447888
7/6/2009,11.22426426
7/7/2009,11.40820629
7/8/2009,10.80863067
7/9/2009,10.80553387
7/10/2009,11.07109507
7/13/2009,11.38885047
7/14/2009,12.31897555
7/15/2009,12.47728689
7/16/2009,12.25368877
7/17/2009,12.45198232
7/20/2009,12.36891827
7/21/2009,11.95942614
7/22/2009,11.40451211
7/23/2009,12.10389991
7/27/2009,11.98791697
7/28/2009,11.52786322
7/29/2009,11.33207536
7/30/2009,11.30355716
7/31/2009,11.41045303
8/3/2009,11.96480179
8/4/2009,11.90688147
8/5/2009,11.97950273
8/6/2009,12.26423577
8/10/2009,11.81251117
8/11/2009,12.16679341
8/12/2009,11.89522015
8/13/2009,11.28444912
8/14/2009,10.62455515
8/17/2009,10.92411872
8/18/2009,10.30569068
8/19/2009,10.51504764
8/20/2009,9.799349761
8/24/2009,9.196135825
8/25/2009,9.210954058
8/26/2009,8.655890079
8/27/2009,8.576557349
8/28/2009,8.599806144
8/31/2009,8.933131596
9/1/2009,9.519265725
9/2/2009,8.787658244
9/3/2009,8.886082665
9/4/2009,8.699301643
9/8/2009,8.991203439
9/9/2009,8.906861517
9/10/2009,8.618504175
9/11/2009,8.628466644
9/14/2009,8.913372179
9/15/2009,8.901137949
9/16/2009,9.236179062
9/17/2009,8.971514469
9/18/2009,8.666450132
9/21/2009,8.720456291
9/22/2009,8.521360081
9/23/2009,8.785315818
9/24/2009,7.743642934
9/28/2009,8.385406625
9/29/2009,8.950825813
9/30/2009,9.096502948
10/1/2009,9.265052458
10/2/2009,8.083876144
10/5/2009,8.159793965
10/6/2009,8.112275351
10/7/2009,7.680052842
10/8/2009,7.76391947
10/9/2009,8.452083487
10/12/2009,8.483796126
10/13/2009,8.574060674
10/14/2009,9.222025342
10/15/2009,9.48327403
10/16/2009,8.904525873
10/19/2009,8.875901751
10/20/2009,8.501632259
10/21/2009,8.826308878
10/22/2009,8.622482282
10/26/2009,9.246669799
10/27/2009,8.793948607
10/28/2009,8.640865597
10/29/2009,8.893792451
10/30/2009,8.598610286
11/2/2009,8.848309986
11/3/2009,8.854936155
11/4/2009,8.746817664
11/5/2009,8.383063064
11/6/2009,7.801837092
11/9/2009,7.814849176
11/10/2009,7.71901587
11/11/2009,7.633067377
11/12/2009,7.421632172
11/13/2009,7.286017659
11/16/2009,7.442730055
11/17/2009,6.756898406
11/18/2009,6.501362996
11/19/2009,6.641985566
11/23/2009,6.142352873
11/24/2009,6.198365043
11/25/2009,6.298421486
11/27/2009,6.889285586
11/30/2009,6.631042567
12/1/2009,6.71006305
12/2/2009,6.924515722
12/3/2009,7.037392532
12/4/2009,7.260495252
12/7/2009,7.011246311
12/8/2009,7.10434265
12/9/2009,6.782783651
12/10/2009,6.823733123
12/11/2009,7.129345349
12/14/2009,7.095251979
12/15/2009,6.923419313
12/16/2009,6.468635917
12/17/2009,6.374334369
12/18/2009,6.321286367
12/21/2009,6.660733555
12/22/2009,7.316526001
12/23/2009,6.890153502
12/28/2009,8.115789812
12/29/2009,7.912595737
12/30/2009,7.480203951
12/31/2009,7.651290038
1/4/2010,7.774246005
1/5/2010,7.587677299
1/6/2010,7.845580599
1/7/2010,7.805367869
1/8/2010,7.216402331
1/11/2010,7.088452636
1/12/2010,7.374237912
1/13/2010,8.066487219
1/14/2010,7.269932512
1/15/2010,7.825106461
1/19/2010,7.227584942
1/20/2010,7.222061953
1/21/2010,6.971938407
1/26/2010,6.992181019
1/27/2010,6.970785276
1/28/2010,6.930907484
1/29/2010,6.739813749
2/1/2010,7.046403361
2/2/2010,6.80002089
2/3/2010,6.894989149
2/4/2010,7.357854045
2/5/2010,6.978788262
2/8/2010,7.087137629
2/9/2010,7.535776861
2/10/2010,7.396782506
2/11/2010,7.489292346
2/12/2010,6.831823221
2/16/2010,7.442265673
2/17/2010,6.880024396
2/18/2010,6.695898173
2/22/2010,6.0458076
2/23/2010,6.023826611
2/24/2010,6.009293669
2/25/2010,6.23601087
2/26/2010,6.35207718
3/1/2010,6.524866396
3/2/2010,6.478658354
3/3/2010,6.279613965
3/4/2010,5.607150003
3/5/2010,5.532563151
3/8/2010,5.792513168
3/9/2010,5.542357746
3/10/2010,5.679168228
3/11/2010,5.570608243
3/12/2010,5.524060839
3/15/2010,5.822919417
3/16/2010,5.48740085
3/17/2010,5.408642131
3/18/2010,5.687003294
3/19/2010,5.97893822
3/22/2010,5.787257591
3/23/2010,5.891142966
3/24/2010,6.734398316
3/25/2010,6.799424642
3/29/2010,7.004251902
3/30/2010,6.924347395
3/31/2010,7.016382811
4/1/2010,7.043415054
4/2/2010,7.105471397
4/5/2010,7.066049873
4/6/2010,6.913281335
4/7/2010,6.753201067
4/8/2010,7.305126871
4/9/2010,6.795269604
4/12/2010,6.965070467
4/13/2010,6.549066163
4/14/2010,6.820953296
4/15/2010,6.806771199
4/16/2010,6.802353926
4/19/2010,6.734410619
4/20/2010,6.620207212
4/21/2010,6.601091801
4/22/2010,6.7331851
4/26/2010,6.849820761
4/27/2010,7.313669176
4/28/2010,7.434658047
4/29/2010,6.979938967
4/30/2010,7.091525714
5/3/2010,6.967153042
5/4/2010,7.669800511
5/5/2010,7.727626436
5/6/2010,11.08223846
5/7/2010,10.06403197
5/10/2010,8.695213637
5/11/2010,8.195438419
5/12/2010,8.096126119
5/13/2010,8.11692698
5/14/2010,8.817527491
5/17/2010,8.556328611
5/18/2010,9.355231396
5/19/2010,9.175466809
5/20/2010,10.27849117
5/24/2010,9.272888267
5/25/2010,9.983123911
5/26/2010,9.30699641
5/27/2010,9.291290191
5/28/2010,9.554149114
6/1/2010,9.634034618
6/2/2010,8.46468592
6/3/2010,8.894446181
6/4/2010,8.526480312
6/7/2010,9.037770151
6/8/2010,9.228934925
6/9/2010,9.012169755
6/10/2010,8.588268897
6/11/2010,8.619583073
6/14/2010,8.656071713
6/15/2010,8.267987233
6/16/2010,8.040847277
6/17/2010,7.964682129
6/18/2010,7.938563152
6/21/2010,8.166275479
6/22/2010,8.34782815
6/23/2010,7.993815337
6/24/2010,8.021999294
6/28/2010,7.60301186
6/29/2010,8.014931578
6/30/2010,7.898680781
7/1/2010,8.334255456
7/2/2010,7.769681793
7/6/2010,7.865343043
7/7/2010,7.682602995
7/8/2010,7.671470099
7/9/2010,7.362957302
7/12/2010,7.332836131
7/13/2010,7.375804741
7/14/2010,7.206264418
7/15/2010,7.562754397
7/16/2010,7.163482891
7/19/2010,7.18299957
7/20/2010,7.300807135
7/21/2010,7.263398067
7/22/2010,6.979946898
7/26/2010,6.945193944
7/27/2010,7.176204786
7/28/2010,7.13405823
7/29/2010,7.123904299
7/30/2010,7.378724496
8/2/2010,7.592953377
8/3/2010,7.978608112
8/4/2010,7.628721021
8/5/2010,7.319015308
8/6/2010,7.204132901
8/9/2010,7.357487278
8/10/2010,7.096667004
8/11/2010,7.264301685
8/12/2010,7.284924638
8/13/2010,6.79676566
8/16/2010,7.599670775
8/17/2010,7.436551345
8/18/2010,6.932586345
8/19/2010,7.222418919
8/20/2010,7.398567385
8/23/2010,7.755204986
8/24/2010,7.583679
8/25/2010,8.139059682
8/26/2010,8.411591145
8/31/2010,8.185394517
9/1/2010,8.839499889
9/2/2010,7.865742686
9/3/2010,7.195102434
9/7/2010,7.755146953
9/8/2010,7.540506359
9/9/2010,7.907893434
9/10/2010,7.955016144
9/13/2010,7.872917087
9/14/2010,7.953317741
9/15/2010,7.806693336
9/16/2010,7.82447878
9/17/2010,7.684439236
9/20/2010,8.136649463
9/21/2010,7.921791824
9/22/2010,6.935846437
9/23/2010,6.725882805
9/27/2010,7.307084468
9/28/2010,7.310621042
9/29/2010,7.404972047
9/30/2010,7.446506336
10/1/2010,7.544028216
10/4/2010,7.796946842
10/5/2010,7.318623325
10/6/2010,7.194137343
10/7/2010,7.213679455
10/8/2010,7.030516545
10/12/2010,7.32243277
10/13/2010,7.292990261
10/14/2010,7.696809075
10/15/2010,7.847187938
10/18/2010,8.163906417
10/19/2010,7.736124663
10/20/2010,7.727132857
10/21/2010,7.85919292
10/25/2010,8.884871039
10/28/2010,9.165183312
10/29/2010,9.103567509
11/1/2010,9.133418712
11/2/2010,8.457678178
11/3/2010,7.758713521
11/4/2010,7.391214878
11/5/2010,7.313418865
11/8/2010,7.421683909
11/9/2010,7.66660193
11/10/2010,7.759385851
11/11/2010,7.987452346
11/12/2010,8.510418145
11/15/2010,9.299183321
11/16/2010,9.13714289
11/17/2010,8.35269107
11/18/2010,8.757265189
11/19/2010,8.133000169
11/22/2010,7.884427469
11/23/2010,8.293054242
11/24/2010,8.96168992
11/29/2010,9.252857463
11/30/2010,8.940763194
12/1/2010,9.544138795
12/3/2010,8.570323004
12/6/2010,8.637978055
12/8/2010,9.862657537
12/9/2010,9.056947102
12/10/2010,9.042629532
12/13/2010,8.970875433
12/14/2010,10.05930657
12/15/2010,9.95609871
12/16/2010,10.46650476
12/17/2010,9.544329177
12/20/2010,9.146679723
12/21/2010,8.193499799
12/22/2010,8.524226953
12/27/2010,9.177864714
12/28/2010,9.557986744
12/29/2010,9.353809538
12/30/2010,9.618853872
12/31/2010,9.700194138
1/3/2011,9.453189319
1/4/2011,9.301922191
1/5/2011,9.728236872
1/6/2011,9.844931535
1/7/2011,8.761420988
1/10/2011,8.858872377
1/11/2011,8.616401968
1/12/2011,8.475426066
1/13/2011,8.429364488
1/14/2011,8.544756361
1/18/2011,8.896602297
1/19/2011,8.963416194
1/20/2011,9.291003428
1/24/2011,8.448657205
1/27/2011,8.150091531
1/28/2011,8.604327337
1/31/2011,9.135932321
2/1/2011,8.709749734
2/2/2011,9.02763719
2/3/2011,8.96604565
2/4/2011,8.770707728
2/7/2011,8.822082153
2/8/2011,8.664277854
2/9/2011,8.312659114
2/10/2011,8.412569943
2/11/2011,8.303704851
2/14/2011,8.135435366
2/15/2011,8.170871647
2/16/2011,8.192437623
2/17/2011,8.071005019
2/23/2011,8.618631353
2/24/2011,8.99037714
2/25/2011,8.6707735
2/28/2011,8.058189752
3/1/2011,8.442829049
3/2/2011,8.573375762
3/3/2011,8.841874068
3/4/2011,7.943545445
3/7/2011,7.950998581
3/8/2011,7.930180463
3/9/2011,7.707871956
3/10/2011,7.769039842
3/11/2011,7.61100092
3/14/2011,7.894744191
3/15/2011,8.656295808
3/16/2011,9.445148451
3/17/2011,9.252525126
3/18/2011,8.947444751
3/21/2011,8.585290185
3/22/2011,8.00295369
3/23/2011,8.586434949
3/24/2011,7.660450622
3/29/2011,7.857570194
3/30/2011,7.868606154
3/31/2011,7.816674711
4/1/2011,7.413684872
4/4/2011,7.404549052
4/5/2011,7.724151914
4/6/2011,7.683642873
4/7/2011,7.633121202
4/8/2011,7.865894152
4/11/2011,8.066993414
4/12/2011,7.473666515
4/13/2011,7.378070332
4/14/2011,7.338533149
4/15/2011,7.962876487
4/18/2011,7.481618134
4/19/2011,7.025827557
4/20/2011,7.421000579
4/26/2011,7.346276271
4/27/2011,7.227141976
4/28/2011,6.995751313
4/29/2011,6.909407625
5/2/2011,7.147163707
5/3/2011,7.068522597
5/4/2011,6.95692867
5/5/2011,7.128318097
5/6/2011,7.345312575
5/9/2011,7.267169978
5/10/2011,6.910379935
5/11/2011,7.306162302
5/12/2011,6.933709898
5/13/2011,6.98140589
5/16/2011,7.306562729
5/17/2011,6.430573077
5/18/2011,6.286572347
5/19/2011,6.450859015
5/24/2011,5.97571905
5/25/2011,5.899839414
5/26/2011,5.871919753
5/27/2011,6.374277299
5/31/2011,6.402051309
6/1/2011,6.582479162
6/2/2011,7.03088636
6/3/2011,6.573771471
6/6/2011,6.844516458
6/7/2011,6.879128556
6/8/2011,6.66464459
6/9/2011,7.144183811
6/10/2011,6.780354786
6/13/2011,7.240351877
6/14/2011,7.406767621
6/15/2011,7.840485207
6/16/2011,8.278043097
6/17/2011,8.321172508
6/20/2011,8.567204231
6/21/2011,7.986039146
6/22/2011,7.521842422
6/23/2011,8.432300882
6/27/2011,7.977073588
6/28/2011,9.207188725
6/29/2011,8.439228638
6/30/2011,8.508781813
7/1/2011,8.467331661
7/5/2011,8.51447992
7/6/2011,8.765429015
7/7/2011,8.715050097
7/8/2011,7.832740002
7/11/2011,8.728415267
7/12/2011,8.924254633
7/13/2011,8.790656835
7/14/2011,9.146755946
7/15/2011,9.304329663
7/18/2011,9.665075895
7/19/2011,9.249595229
7/20/2011,9.054145522
7/21/2011,9.403452766
7/25/2011,9.522930695
7/26/2011,9.297832762
7/27/2011,9.551466096
7/28/2011,9.085538473
7/29/2011,9.090001107
8/1/2011,8.739366184
8/2/2011,8.619301727
8/3/2011,8.368966054
8/4/2011,8.558138595
8/5/2011,8.910507079
8/8/2011,10.39721289
8/9/2011,10.33560601
8/10/2011,9.802700534
8/11/2011,9.941472691
8/12/2011,9.769179278
8/15/2011,9.249369867
8/16/2011,8.784389416
8/17/2011,8.296192908
8/18/2011,8.861507252
8/19/2011,8.873737818
8/22/2011,9.268366453
8/23/2011,9.51254455
8/24/2011,9.739370741
8/25/2011,10.15055478
8/30/2011,9.162380299
8/31/2011,8.556768323
9/1/2011,8.744841118
9/2/2011,8.342577895
9/6/2011,8.524090135
9/7/2011,8.24848988
9/8/2011,7.850126836
9/9/2011,8.079631247
9/12/2011,8.174733638
9/13/2011,8.136437644
9/14/2011,7.799478421
9/15/2011,8.013951399
9/16/2011,8.007915434
9/19/2011,7.98258947
9/20/2011,8.229721034
9/21/2011,7.274530465
9/22/2011,7.690541086
9/26/2011,8.813230854
9/27/2011,8.713223897
9/28/2011,8.347286365
9/29/2011,7.93661897
9/30/2011,7.770516201
10/3/2011,8.34882032
10/4/2011,8.61967645
10/5/2011,8.708449694
10/6/2011,8.608012433
10/7/2011,8.986097733
10/10/2011,9.692105022
10/11/2011,9.380336979
10/12/2011,9.500040867
10/13/2011,9.30614227
10/14/2011,9.292878995
10/17/2011,9.53427108
10/18/2011,9.446685758
10/19/2011,9.204640128
10/20/2011,9.202199332
10/24/2011,9.441822213
10/25/2011,9.358146165
10/26/2011,9.095597928
10/27/2011,9.337062631
10/28/2011,9.152237806
10/31/2011,9.328408191
11/1/2011,10.61454319
11/2/2011,9.628992971
11/3/2011,9.512159756
11/4/2011,8.950115077
11/7/2011,8.96256796
11/8/2011,9.026824177
11/9/2011,9.333293097
11/10/2011,9.467498959
11/11/2011,9.372538982
11/14/2011,9.460284181
11/15/2011,9.062928016
11/16/2011,8.642127139
11/17/2011,9.174574595
11/18/2011,8.941647424
11/21/2011,8.883730751
11/22/2011,8.279138522
11/23/2011,8.461761275
11/29/2011,8.686209681
11/30/2011,8.717073523
12/1/2011,7.975193548
12/2/2011,7.602021252
12/5/2011,7.532249418
12/6/2011,7.204524946
12/7/2011,7.514822714
12/8/2011,7.36817527
12/9/2011,7.585122961
12/12/2011,7.633172331
12/13/2011,7.127995643
12/14/2011,7.22066796
12/15/2011,6.450421036
12/16/2011,6.569384521
12/19/2011,6.919613413
12/20/2011,6.709072102
12/21/2011,7.170388337
12/22/2011,6.424441831
12/27/2011,6.705803327
12/28/2011,6.557283188
12/29/2011,6.417965259
12/30/2011,6.057563863
1/3/2012,6.411068798
1/4/2012,6.40669396
1/5/2012,6.620497274
1/6/2012,6.046608218
1/9/2012,6.417326189
1/10/2012,6.178276458
1/11/2012,6.090363284
1/12/2012,5.994938327
1/13/2012,6.088678418
1/17/2012,6.070046397
1/18/2012,6.048054099
1/19/2012,6.568062821
1/20/2012,7.450354007
1/23/2012,7.254127486
1/24/2012,6.827001984
1/25/2012,6.461192096
1/26/2012,6.496518804
1/30/2012,6.299094735
1/31/2012,6.184274886
2/1/2012,6.219771058
2/2/2012,5.795186829
2/3/2012,6.276901234
2/6/2012,6.472101027
2/7/2012,6.715280026
2/8/2012,6.790901554
2/9/2012,6.574593372
2/10/2012,6.359946076
2/13/2012,6.806259253
2/14/2012,6.702858664
2/15/2012,6.025914182
2/16/2012,6.299112172
2/17/2012,6.35191313
2/21/2012,6.383987854
2/22/2012,6.347236353
2/23/2012,6.118599716
2/27/2012,5.543419091
2/28/2012,5.6948256
2/29/2012,5.934132413
3/1/2012,5.977266283
3/2/2012,5.645991159
3/5/2012,6.206989429
3/6/2012,6.158512607
3/7/2012,5.672683127
3/8/2012,5.783978864
3/9/2012,5.317843397
3/12/2012,5.214746184
3/13/2012,5.518553415
3/14/2012,6.416323182
3/15/2012,6.761506821
3/16/2012,6.61156296
3/19/2012,6.991901508
3/20/2012,7.968358924
3/21/2012,6.751940025
3/22/2012,6.72821864
3/26/2012,6.580026365
3/27/2012,6.435705439
3/28/2012,6.125669329
3/29/2012,6.036473326
3/30/2012,6.482677288
4/2/2012,6.396293531
4/3/2012,7.126247619
4/4/2012,7.003533006
4/5/2012,6.751903156
4/6/2012,6.145213809
4/9/2012,6.244701534
4/10/2012,6.254184641
4/11/2012,6.734056571
4/12/2012,6.323396452
4/13/2012,6.145458416
4/16/2012,6.31772256
4/17/2012,6.239792247
4/18/2012,6.024326519
4/19/2012,5.984210278
4/23/2012,6.111249435
4/24/2012,6.014869332
4/25/2012,5.868516446
4/26/2012,5.599214997
4/27/2012,5.57044176
4/30/2012,5.635581876
5/1/2012,6.024155475
5/2/2012,5.709018567
5/3/2012,5.51485386
5/4/2012,5.043569531
5/7/2012,5.105280577
5/8/2012,5.280707442
5/9/2012,5.410998175
5/10/2012,5.05151187
5/11/2012,5.438518187
5/14/2012,6.061974396
5/15/2012,5.5663609
5/16/2012,5.695965819
5/17/2012,5.760752104
5/18/2012,5.768522744
5/21/2012,5.755146029
5/22/2012,5.516172765
5/23/2012,5.789561114
5/24/2012,5.630996176
5/29/2012,5.458856941
5/30/2012,5.905987774
5/31/2012,6.299236116
6/1/2012,6.942694638
6/4/2012,6.780727003
6/5/2012,6.490461635
6/6/2012,6.609494496
6/7/2012,6.228412481
6/8/2012,6.365275133
6/11/2012,6.73221525
6/12/2012,7.09517451
6/13/2012,7.311486954
6/14/2012,6.990602892
6/15/2012,7.260860616
6/18/2012,6.626919444
6/19/2012,6.750571933
6/20/2012,5.983362669
6/21/2012,5.60735188
6/25/2012,5.382170886
6/26/2012,5.074908654
6/27/2012,5.144320308
6/28/2012,5.184914146
6/29/2012,5.32731837
7/2/2012,5.16939761
7/3/2012,5.359174785
7/5/2012,5.392207785
7/6/2012,5.04289631
7/9/2012,5.05975978
7/10/2012,5.070384548
7/11/2012,5.154894158
7/12/2012,4.960265619
7/13/2012,4.783180944
7/16/2012,4.929445341
7/17/2012,4.95590213
7/18/2012,4.869008532
7/19/2012,4.900094934
7/20/2012,4.854202735
7/23/2012,5.141891061
7/24/2012,5.216413204
7/25/2012,5.242561478
7/26/2012,5.36152767
7/30/2012,5.606136221
7/31/2012,5.6125593
8/1/2012,5.638043104
8/2/2012,5.179960762
8/3/2012,5.386886292
8/6/2012,5.273995418
8/7/2012,5.382384763
8/8/2012,5.459612767
8/9/2012,5.412538437
8/10/2012,5.092724741
8/13/2012,5.1095026
8/14/2012,5.270286654
8/15/2012,5.576983536
8/16/2012,5.764257163
8/17/2012,5.481523221
8/20/2012,5.621842873
8/21/2012,5.497200841
8/22/2012,5.058595072
8/23/2012,4.8985096
8/27/2012,4.94895903
8/28/2012,5.129779157
8/29/2012,5.020438533
8/30/2012,5.331731194
8/31/2012,5.08944685
9/4/2012,5.560415345
9/5/2012,5.524926464
9/6/2012,5.326955316
9/7/2012,5.055612759
9/10/2012,5.494759821
9/11/2012,5.871889383
9/12/2012,5.522382339
9/13/2012,5.20847696
9/14/2012,5.549371984
9/17/2012,5.247071913
9/18/2012,4.617327234
9/19/2012,4.56871084
9/20/2012,4.634165966
9/24/2012,4.396137028
9/25/2012,4.289471466
9/26/2012,4.382519797
9/27/2012,4.515093087
9/28/2012,4.575034071
10/1/2012,4.694845073
10/2/2012,4.55305344
10/3/2012,4.610559479
10/4/2012,4.709144551
10/5/2012,4.677638875
10/8/2012,4.627623002
10/9/2012,4.73408832
10/10/2012,4.68357918
10/11/2012,4.722547046
10/12/2012,4.7678903
10/15/2012,4.943601891
10/16/2012,5.335894766
10/17/2012,5.590014285
10/18/2012,5.658844787
10/19/2012,5.504941164
10/22/2012,5.632154863
10/23/2012,5.548319234
10/24/2012,5.44212412
10/25/2012,6.153210037
10/29/2012,5.919771107
10/30/2012,5.838123096
10/31/2012,5.932153403
11/1/2012,5.897922458
11/2/2012,5.718889232
11/5/2012,5.363752334
11/6/2012,5.825428092
11/7/2012,4.908974862
11/8/2012,4.518522218
11/9/2012,4.421867718
11/12/2012,4.523068402
11/13/2012,4.51822591
11/14/2012,4.55869369
11/15/2012,4.588473841
11/16/2012,4.560494161
11/19/2012,4.497030611
11/20/2012,4.447471338
11/21/2012,4.49117373
11/26/2012,4.261336745
11/27/2012,4.124595694
11/28/2012,4.214059067
11/29/2012,4.195413432
11/30/2012,4.188427739
12/3/2012,4.272439592
12/4/2012,4.163425582
12/5/2012,4.117273948
12/6/2012,4.147124771
12/7/2012,4.261034283
12/10/2012,4.330639084
12/11/2012,4.361755654
12/12/2012,4.310725239
12/13/2012,4.513042866
12/14/2012,4.385358138
12/17/2012,4.684525466
12/18/2012,5.192491309
12/19/2012,4.572703546
12/20/2012,4.521795179
12/24/2012,4.305936122
12/26/2012,4.290282105
12/27/2012,4.442670445
12/28/2012,4.592840262
12/31/2012,4.827825965
1/2/2013,4.89281595
1/3/2013,5.07588557
1/4/2013,4.998789557
1/7/2013,4.814625957
1/8/2013,4.810397294
1/9/2013,4.482163482
1/10/2013,4.651263243
1/11/2013,4.858548289
1/14/2013,4.642116254
1/15/2013,4.497773001
1/16/2013,4.476171272
1/17/2013,4.778310817
1/18/2013,4.631876694
1/22/2013,4.715077949
1/23/2013,4.651339952
1/24/2013,4.663551117
1/28/2013,5.361065072
1/29/2013,5.337213209
1/30/2013,5.394357891
1/31/2013,5.383645335
2/1/2013,5.39556653
2/4/2013,5.288878224
2/5/2013,5.299190938
2/6/2013,5.140559514
2/7/2013,4.831980335
2/8/2013,4.738051746
2/11/2013,4.67197455
2/12/2013,4.755057321
2/13/2013,5.080149815
2/14/2013,4.780546857
2/15/2013,4.726771939
2/19/2013,4.772086526
2/20/2013,4.880030304
2/21/2013,4.794964802
2/25/2013,5.098973127
2/26/2013,4.844122405
2/27/2013,4.78631061
2/28/2013,4.584046797
3/1/2013,4.588685902
3/4/2013,4.482151177
3/5/2013,4.453538307
3/6/2013,4.674439572
3/7/2013,4.847534683
3/8/2013,4.601570088
3/11/2013,4.629405248
3/12/2013,4.638102222
3/13/2013,4.56737246
3/14/2013,4.614196547
3/15/2013,4.491089002
3/18/2013,4.500413543
3/19/2013,4.816892751
3/20/2013,4.558959455
3/21/2013,4.684395982
3/25/2013,4.503725468
3/26/2013,4.214872951
3/27/2013,4.319246528
3/28/2013,4.287452969
4/1/2013,4.447029955
4/2/2013,4.536497035
4/3/2013,4.525804453
4/4/2013,4.684489878
4/5/2013,4.324968936
4/8/2013,4.385668467
4/9/2013,4.306685937
4/10/2013,4.435328674
4/11/2013,4.338521997
4/12/2013,4.338478402
4/15/2013,4.549234514
4/16/2013,4.446031732
4/17/2013,4.523359665
4/18/2013,4.381140848
4/19/2013,4.294370949
4/22/2013,4.445141382
4/23/2013,4.504196168
4/24/2013,4.52735962
4/25/2013,4.497368612
4/29/2013,4.480571624
4/30/2013,4.414832034
5/1/2013,4.361825191
5/2/2013,4.363842453
5/3/2013,4.408346115
5/6/2013,4.356565443
5/7/2013,4.169583457
5/8/2013,3.988904703
5/9/2013,4.044497692
5/10/2013,4.58912518
5/13/2013,4.909626666
5/14/2013,4.878195742
5/15/2013,5.081125719
5/16/2013,4.549804256
5/17/2013,5.000953449
5/20/2013,5.024598818
5/21/2013,4.861299597
5/22/2013,5.159791268
5/23/2013,5.436644878
5/28/2013,6.508209803
5/29/2013,6.963042739
5/30/2013,6.559462952
5/31/2013,6.540528834
6/3/2013,7.046684753
6/4/2013,6.911197773
6/5/2013,6.716938109
6/6/2013,6.86135808
6/7/2013,6.445075213
6/10/2013,6.375895706
6/11/2013,6.76987906
6/12/2013,6.484038276
6/13/2013,6.438486438
6/14/2013,6.234915565
6/17/2013,6.813516011
6/18/2013,6.441905616
6/19/2013,4.52692055
6/20/2013,7.316738187
6/24/2013,9.146741619
6/25/2013,8.714648233
6/26/2013,8.197938243
6/27/2013,7.614914113
6/28/2013,7.802460252
7/1/2013,7.750467757
7/2/2013,8.044378231
7/3/2013,8.873935524
7/5/2013,8.765777396
7/8/2013,8.246661992
7/9/2013,7.686748475
7/10/2013,7.787335107
7/11/2013,7.233217874
7/12/2013,7.095642147
7/15/2013,7.142364559
7/16/2013,6.901987493
7/17/2013,6.249715115
7/18/2013,5.962295766
7/19/2013,5.894664853
7/22/2013,5.798300098
7/23/2013,6.217915693
7/24/2013,6.854506174
7/25/2013,6.503154333
7/29/2013,6.886283867
7/30/2013,7.067072625
7/31/2013,7.05207469
8/1/2013,7.708414486
8/2/2013,6.173381316
8/5/2013,6.538975054
8/6/2013,6.545214539
8/7/2013,6.011196611
8/8/2013,6.377032723
8/9/2013,5.848910527
8/12/2013,6.080508515
8/13/2013,6.886113422
8/14/2013,7.377610448
8/15/2013,7.587412825
8/16/2013,8.13167708
8/19/2013,8.717894158
8/20/2013,8.221691606
8/21/2013,8.306524142
8/22/2013,8.662797858
8/26/2013,8.621050707
8/27/2013,7.959661674
8/28/2013,8.330713775
8/29/2013,8.832900123
8/30/2013,9.034620243
9/3/2013,9.056580518
9/4/2013,9.114656697
9/5/2013,9.146620913
9/6/2013,8.373214711
9/9/2013,8.015250559
9/10/2013,8.158760273
9/11/2013,7.857147829
9/12/2013,7.753780493
9/13/2013,7.547308815
9/16/2013,7.78357007
9/17/2013,7.285916395
9/18/2013,6.283294523
9/19/2013,6.401949545
9/23/2013,6.186154719
9/24/2013,6.180762432
9/25/2013,6.035375777
9/26/2013,6.250752363
9/27/2013,6.514162188
9/30/2013,7.151402572
10/1/2013,6.747501306
10/2/2013,6.493134716
10/3/2013,6.495976172
10/4/2013,6.502174796
10/7/2013,7.096333946
10/8/2013,7.131829173
10/9/2013,6.906067274
10/10/2013,6.459924569
10/11/2013,6.214275119
10/14/2013,6.693015031
10/15/2013,6.597668133
10/16/2013,6.354827833
10/17/2013,6.261456461
10/18/2013,6.476551132
10/21/2013,6.498075756
10/22/2013,5.680275773
10/23/2013,5.582219301
10/24/2013,5.772089095
10/28/2013,5.672336318
10/29/2013,5.639496688
10/30/2013,5.682034021
10/31/2013,5.905524733
11/1/2013,6.332817565
11/4/2013,6.056754284
11/5/2013,6.591796655
11/6/2013,6.051084214
11/7/2013,5.970197307
11/8/2013,6.374791924
11/11/2013,6.16709677
11/12/2013,6.018167426
11/13/2013,5.881111599
11/14/2013,5.597038442
11/15/2013,5.545510585
11/18/2013,5.31671214
11/19/2013,5.759647764
11/20/2013,6.061972889
11/21/2013,5.894814064
11/25/2013,5.441490225
11/26/2013,5.42332057
11/27/2013,5.875774635
11/29/2013,6.229017768
12/2/2013,6.517638754
12/3/2013,6.284034626
12/4/2013,6.469862638
12/5/2013,6.542989778
12/6/2013,5.919103405
12/9/2013,6.246167681
12/10/2013,5.657284907
12/11/2013,5.647316349
12/12/2013,5.854821313
12/13/2013,5.779443516
12/16/2013,5.65348023
12/17/2013,5.470716916
12/18/2013,5.199912194
12/19/2013,5.099258631
12/20/2013,5.08491675
12/23/2013,5.023634807
12/24/2013,5.162753663
12/26/2013,5.189728725
12/30/2013,5.187625053
12/31/2013,5.297227565
1/2/2014,5.474510659
1/3/2014,5.432199969
1/6/2014,5.537748025
1/7/2014,5.341185833
1/8/2014,5.45547976
1/9/2014,5.225378817
1/10/2014,4.987314888
1/13/2014,5.0901004
1/14/2014,5.354200169
1/15/2014,5.482974911
1/16/2014,5.178158351
1/17/2014,5.120282722
1/21/2014,5.381728991
1/22/2014,5.473961076
1/23/2014,5.637760804
1/27/2014,6.027515863
1/28/2014,5.756741924
1/29/2014,5.776166757
1/30/2014,5.870574651
1/31/2014,5.87825069
2/3/2014,6.750473701
2/4/2014,6.632211996
2/5/2014,6.713441953
2/6/2014,6.23717698
2/7/2014,5.672949263
2/10/2014,5.512937036
2/11/2014,5.771971647
2/12/2014,5.485122356
2/13/2014,5.077722903
2/14/2014,5.026969291
2/18/2014,5.215580003
2/19/2014,5.253252512
2/20/2014,5.250898836
2/24/2014,5.149325009
2/25/2014,5.332314569
2/26/2014,5.303672726
2/27/2014,5.260019562
2/28/2014,5.242103869
3/3/2014,5.604812148
3/4/2014,5.888830484
3/5/2014,5.488816982
3/6/2014,5.317008949
3/7/2014,4.994952883
3/10/2014,5.035656971
3/11/2014,4.994025149
3/12/2014,4.958808977
3/13/2014,5.181808803
3/14/2014,5.613423766
3/17/2014,5.487702163
3/18/2014,5.39704469
3/19/2014,5.581736696
3/20/2014,5.086416288
3/24/2014,5.050406037
3/25/2014,4.930793516
3/26/2014,4.941360822
3/27/2014,5.215292726
3/28/2014,5.298207628
3/31/2014,5.450500923
4/1/2014,5.379590862
4/2/2014,5.445587661
4/3/2014,5.405405346
4/4/2014,4.576141471
4/7/2014,4.519826651
4/8/2014,4.568227391
4/9/2014,4.503254403
4/10/2014,4.656390451
4/11/2014,5.017806573
4/14/2014,5.242272393
4/15/2014,5.211231492
4/16/2014,5.027446982
4/17/2014,5.062140436
4/21/2014,5.15766153
4/22/2014,5.075932446
4/23/2014,5.130224562
4/24/2014,5.236186291
4/28/2014,5.502234217
4/29/2014,5.408996988
4/30/2014,5.307922831
5/1/2014,5.396018966
5/2/2014,4.9590441
5/5/2014,5.075360726
5/6/2014,5.091455085
5/7/2014,5.105318963
5/8/2014,4.754089627
5/9/2014,4.710525355
5/12/2014,4.803816003
5/13/2014,4.744548349
5/14/2014,4.959085921
5/15/2014,5.240613544
5/16/2014,5.031057241
5/19/2014,5.17606511
5/20/2014,5.160142593
5/21/2014,5.102222053
5/22/2014,4.915977247
5/27/2014,5.362115372
5/28/2014,5.614061194
5/29/2014,5.547513245
5/30/2014,5.667121711
6/2/2014,5.911663686
6/3/2014,5.938973785
6/4/2014,6.157923627
6/5/2014,5.491020026
6/6/2014,5.278139199
6/9/2014,5.06944078
6/10/2014,5.08009592
6/11/2014,5.039776251
6/12/2014,5.035806396
6/13/2014,5.08943718
6/16/2014,5.113314673
6/17/2014,5.215637621
6/18/2014,4.76432882
6/19/2014,4.775623756
6/23/2014,4.700813672
6/24/2014,4.687317732
6/25/2014,4.727147522
6/26/2014,4.682405929
6/27/2014,4.628106768
6/30/2014,4.74876342
7/1/2014,4.854437111
7/2/2014,4.85158149
7/3/2014,4.399532014
7/7/2014,4.499043769
7/8/2014,4.593040841
7/9/2014,4.565256813
7/10/2014,4.699961944
7/11/2014,4.706676449
7/14/2014,4.884187889
7/15/2014,4.785494386
7/16/2014,4.641675314
7/17/2014,4.873372169
7/18/2014,4.75667854
7/21/2014,4.914195031
7/22/2014,4.933613992
7/23/2014,4.910831186
7/24/2014,5.056280288
7/28/2014,5.091879019
7/29/2014,5.078071438
7/30/2014,5.110193418
7/31/2014,5.42722172
8/1/2014,4.890167031
8/4/2014,4.919712321
8/5/2014,4.89262699
8/6/2014,4.994144214
8/7/2014,5.312631776
8/8/2014,5.557480421
8/11/2014,5.393576216
8/12/2014,5.373628583
8/13/2014,5.450373939
8/14/2014,5.244159027
8/15/2014,5.543533057
8/18/2014,5.396633153
8/19/2014,5.291782619
8/20/2014,5.321832227
8/21/2014,5.16088644
8/25/2014,5.023118206
8/26/2014,4.991432812
8/27/2014,4.993472125
8/28/2014,5.234960846
8/29/2014,5.386861761
9/2/2014,5.608505323
9/3/2014,5.418140199
9/4/2014,5.391419841
9/5/2014,4.955524938
9/8/2014,5.217820054
9/9/2014,5.16325529
9/10/2014,5.389827159
9/11/2014,5.28441099
9/12/2014,5.533734723
9/15/2014,5.515727963
9/16/2014,5.520830096
9/17/2014,5.165995033
9/18/2014,5.130893752
9/19/2014,4.779085618
9/22/2014,4.798532902
9/23/2014,4.683450885
9/24/2014,4.810497068
9/25/2014,4.842690693
9/29/2014,5.064363631
9/30/2014,5.25926014
10/1/2014,5.293881467
10/2/2014,5.424135439
10/3/2014,5.15458793
10/6/2014,5.32622261
10/7/2014,5.612818632
10/8/2014,5.651180216
10/9/2014,5.681457635
10/10/2014,5.74171819
10/13/2014,6.286343306
10/14/2014,6.758948681
10/15/2014,8.626355742
10/16/2014,7.610477632
10/17/2014,6.939787578
10/20/2014,6.852438837
10/21/2014,6.940678407
10/22/2014,6.910114518
10/23/2014,6.917095358
10/27/2014,6.920373458
10/28/2014,6.398385837
10/29/2014,6.210367923
10/30/2014,6.248618009
10/31/2014,6.10262596
11/3/2014,6.04372227
11/4/2014,6.274586216
11/5/2014,6.18253484
11/6/2014,6.311433344
11/7/2014,6.107861558
11/10/2014,6.092920012
11/11/2014,6.179637115
11/12/2014,6.152238251
11/13/2014,6.369640844
11/14/2014,6.375155788
11/17/2014,6.308031976
11/18/2014,6.267972378
11/19/2014,6.028500546
11/20/2014,6.017022274
11/24/2014,5.894861278
11/25/2014,6.113408529
11/26/2014,6.100749919
11/28/2014,6.246874176
12/1/2014,6.522130865
12/2/2014,6.498231936
12/3/2014,6.376613283
12/4/2014,6.112495403
12/5/2014,5.948258033
12/8/2014,5.948253824
12/9/2014,6.035572036
12/10/2014,6.350949578
12/11/2014,6.836602427
12/12/2014,7.288039032
12/15/2014,7.197864586
12/16/2014,7.499711481
12/17/2014,6.790138275
12/18/2014,6.6481045
12/19/2014,6.372739909
12/22/2014,6.415535764
12/23/2014,6.597332241
12/24/2014,6.354738069
12/29/2014,6.498845412
12/30/2014,6.477854028
12/31/2014,6.631871881
1/2/2015,6.687751205
1/5/2015,7.462985842
1/6/2015,7.71001894
1/7/2015,7.824899679
1/8/2015,7.468731018
1/9/2015,7.273756406
1/12/2015,7.898766418
1/13/2015,8.215678047
1/14/2015,8.328980584
1/15/2015,8.338477558
1/16/2015,8.460742665
1/20/2015,8.749847337
1/21/2015,8.036643628
1/22/2015,7.665553085
1/26/2015,8.124157958
1/27/2015,7.763511439
1/28/2015,7.734039115
1/29/2015,7.606338236
1/30/2015,7.643570557
2/2/2015,7.688170489
2/3/2015,8.051158936
2/4/2015,7.851746395
2/5/2015,7.818118925
2/6/2015,7.743429056
2/9/2015,7.908836048
2/10/2015,8.066529494
2/11/2015,7.620268556
2/12/2015,7.812814347
2/13/2015,7.509237917
2/17/2015,7.745952045
2/18/2015,8.225453552
2/19/2015,8.156942552
2/23/2015,8.233367889
2/24/2015,7.186310372
2/25/2015,7.167798822
2/26/2015,7.083200501
2/27/2015,7.160131266
3/2/2015,7.153863925
3/3/2015,7.080830883
3/4/2015,6.925619159
3/5/2015,6.763301312
3/6/2015,6.447351761
3/9/2015,6.685719594
3/10/2015,6.782364945
3/11/2015,6.477902884
3/12/2015,6.427250032
3/13/2015,6.434273183
3/16/2015,6.426507407
3/17/2015,6.400909889
3/18/2015,6.106736248
3/19/2015,6.209019888
3/20/2015,5.98987987
3/23/2015,6.075953921
3/24/2015,5.963528187
3/25/2015,5.893297508
3/26/2015,5.928838417
3/30/2015,6.049516273
3/31/2015,6.304672349
4/1/2015,6.369021171
4/2/2015,6.220300763
4/3/2015,6.126618763
4/6/2015,6.426178395
4/7/2015,6.42110385
4/8/2015,5.914402476
4/9/2015,5.868800761
4/10/2015,5.881970472
4/13/2015,6.061578144
4/14/2015,5.784980993
4/15/2015,5.864355041
4/16/2015,5.816124954
4/17/2015,6.006433342
4/20/2015,6.116184399
4/21/2015,6.005349859
4/22/2015,6.173589993
4/23/2015,6.09312858
4/27/2015,6.134099702
4/28/2015,6.068753588
4/29/2015,6.166385977
4/30/2015,6.407431122
5/1/2015,6.77850826
5/4/2015,6.917089043
5/5/2015,7.28404819
5/6/2015,7.350752428
5/7/2015,6.840814208
5/8/2015,6.47499819
5/11/2015,7.01361042
5/12/2015,7.503302767
5/13/2015,7.078065645
5/14/2015,6.744923307
5/15/2015,7.118792803
5/18/2015,6.739929514
5/19/2015,7.304436438
5/20/2015,6.702758448
5/21/2015,6.595870261
5/26/2015,6.719453756
5/27/2015,6.356866211
5/28/2015,6.653155481
5/29/2015,6.447751321
6/1/2015,6.778683897
6/2/2015,6.746536304
6/3/2015,7.295078255
6/4/2015,7.191622984
6/5/2015,6.737362127
6/8/2015,7.086760343
6/9/2015,6.814990706
6/10/2015,7.054219266
6/11/2015,6.997401393
6/12/2015,7.214002884
6/15/2015,6.576888354
6/16/2015,6.668992383
6/17/2015,6.299545093
6/18/2015,6.376323317
6/19/2015,6.504289953
6/22/2015,6.678889914
6/23/2015,6.643921787
6/24/2015,6.502756039
6/25/2015,6.513019793
6/29/2015,7.533511075
6/30/2015,7.326873669
7/1/2015,7.169389494
7/2/2015,7.097581402
7/6/2015,7.294427278
7/7/2015,7.213078284
7/8/2015,7.376398659
7/9/2015,7.287094195
7/10/2015,7.14567812
7/13/2015,7.061679304
7/14/2015,6.734536644
7/15/2015,6.723330835
7/16/2015,6.262557452
7/17/2015,6.116925512
7/20/2015,6.08636808
7/21/2015,6.028627398
7/22/2015,6.03847399
7/23/2015,6.004903528
7/27/2015,6.238982455
7/28/2015,6.138744579
7/29/2015,5.994943473
7/30/2015,6.061852795
7/31/2015,6.210541799
8/3/2015,6.233490379
8/4/2015,6.315769735
8/5/2015,6.197691002
8/6/2015,6.500997146
8/7/2015,6.241732524
8/10/2015,6.3919158
8/11/2015,6.220657142
8/12/2015,6.835804675
8/13/2015,6.70457104
8/14/2015,6.076760629
8/17/2015,6.124686242
8/18/2015,6.168989696
8/19/2015,6.152020727
8/20/2015,6.074688881
8/24/2015,6.782511743
8/25/2015,6.471947594
8/26/2015,6.814079235
8/27/2015,6.68286806
8/28/2015,6.376260643
8/31/2015,6.384816385
9/1/2015,6.692642835
9/2/2015,6.407746057
9/3/2015,6.472179322
9/4/2015,6.152303954
9/8/2015,6.691123323
9/9/2015,6.331480192
9/10/2015,6.216099733
9/11/2015,6.12218766
9/14/2015,6.197345629
9/15/2015,6.497077817
9/16/2015,6.431545644
9/17/2015,5.774601178
9/18/2015,5.873163592
9/21/2015,5.775953224
9/22/2015,5.927360489
9/23/2015,5.91435543
9/24/2015,6.041421655
9/28/2015,6.179537742
9/29/2015,6.443698136
9/30/2015,6.190372822
10/1/2015,6.019447827
10/2/2015,6.088228184
10/5/2015,6.259484493
10/6/2015,5.93204691
10/7/2015,5.948073263
10/8/2015,5.899420863
10/9/2015,5.904881567
10/12/2015,5.942251851
10/13/2015,5.884677582
10/14/2015,5.846590297
10/15/2015,5.86723816
10/16/2015,5.784784156
10/19/2015,6.177770761
10/20/2015,5.978939157
10/21/2015,5.871422498
10/22/2015,5.799266783
10/26/2015,5.993327279
10/27/2015,6.042017448
10/28/2015,6.164912163
10/29/2015,6.121934398
10/30/2015,6.02878945
11/2/2015,6.47009777
11/3/2015,6.283369853
11/4/2015,6.322419825
11/5/2015,6.299713757
11/6/2015,5.887186685
11/9/2015,5.88101846
11/10/2015,5.780410717
11/11/2015,5.844819402
11/12/2015,5.651362786
11/13/2015,5.723615697
11/16/2015,5.677076429
11/17/2015,5.63337934
11/18/2015,5.497068587
11/19/2015,5.503493619
11/23/2015,5.564748754
11/24/2015,5.610105639
11/25/2015,5.454353117
11/27/2015,5.545060133
11/30/2015,5.613340325
12/1/2015,5.854434419
12/2/2015,5.673169716
12/3/2015,5.654490347
12/4/2015,5.230696428
12/7/2015,5.437197297
12/8/2015,5.448618372
12/9/2015,5.452295444
12/10/2015,5.598618983
12/11/2015,5.706184053
12/14/2015,6.385674142
12/15/2015,6.161787433
12/16/2015,5.413739362
12/17/2015,5.187303618
12/18/2015,5.140170985
12/21/2015,5.182882738
12/22/2015,5.149577482
12/23/2015,4.998426216
12/28/2015,4.961959028
12/29/2015,5.302914546
12/30/2015,5.332426703
12/31/2015,5.432538934
1/4/2016,5.738940363
1/5/2016,5.768246493
1/6/2016,5.880217898
1/7/2016,5.892814524
1/8/2016,5.845392553
1/11/2016,5.941616405
1/12/2016,6.129858153
1/13/2016,6.134418069
1/14/2016,6.199119523
1/15/2016,6.687151165
1/19/2016,6.926200939
1/20/2016,7.07785551
1/21/2016,6.493858904
1/25/2016,6.359938002
1/26/2016,6.389505603
1/27/2016,6.284332351
1/28/2016,6.089474046
1/29/2016,6.299183549
2/1/2016,6.21459596
2/2/2016,6.607645475
2/3/2016,6.804149579
2/4/2016,6.934904758
2/5/2016,6.702742527
2/8/2016,7.776316296
2/9/2016,7.56368477
2/10/2016,7.046952628
2/11/2016,8.255561681
2/12/2016,7.052573665
2/16/2016,6.948308651
2/17/2016,6.433952223
2/18/2016,6.514252883
2/22/2016,6.454480251
2/23/2016,6.377031497
2/24/2016,6.365195402
2/25/2016,6.361287586
2/26/2016,6.083124452
2/29/2016,5.799728923
3/1/2016,5.849695699
3/2/2016,6.081132642
3/3/2016,5.794716861
3/4/2016,5.630264003
3/7/2016,5.86471497
3/8/2016,6.089581645
3/9/2016,5.92758881
3/10/2016,5.833954669
3/11/2016,5.853187183
3/14/2016,5.859616372
3/15/2016,5.663811918
3/16/2016,5.261301391
3/17/2016,5.181675266
3/18/2016,5.010299778
3/21/2016,5.357681463
3/22/2016,5.309075981
3/23/2016,5.455517808
3/29/2016,5.502634126
3/30/2016,5.279663384
3/31/2016,5.128291324
4/1/2016,4.927261096
4/4/2016,5.036634486
4/5/2016,5.358696363
4/6/2016,5.072914523
4/7/2016,5.451265493
4/8/2016,5.220613294
4/11/2016,5.203208727
4/12/2016,5.150497294
4/13/2016,4.999898175
4/14/2016,5.08008527
4/15/2016,4.975081428
4/18/2016,5.261517046
4/19/2016,5.159632882
4/20/2016,5.258074843
4/21/2016,5.529162973
4/26/2016,5.404245093
4/27/2016,5.469864687
4/28/2016,5.589432429
4/29/2016,5.576492303
5/2/2016,5.71825869
5/3/2016,5.799169472
5/4/2016,5.988943635
5/5/2016,5.689452209
5/6/2016,5.34100188
5/9/2016,5.448218232
5/10/2016,5.427695449
5/11/2016,5.529766447
5/12/2016,5.37049728
5/13/2016,5.639333583
5/16/2016,5.812667026
5/17/2016,5.650442759
5/18/2016,5.621362821
5/19/2016,5.681845415
5/24/2016,5.12934319
5/25/2016,4.907547068
5/26/2016,4.905374128
5/27/2016,4.843613595
5/31/2016,5.266626276
6/1/2016,5.258137717
6/2/2016,5.489833952
6/3/2016,5.121006545
6/6/2016,5.120975999
6/7/2016,5.042714783
6/8/2016,5.112774591
6/9/2016,5.219568434
6/10/2016,5.595225881
6/13/2016,6.694867703
6/14/2016,6.651451067
6/15/2016,6.027572111
6/16/2016,7.302292185
6/17/2016,6.99076257
6/20/2016,6.437752658
6/21/2016,6.156525887
6/22/2016,6.467417217
6/23/2016,5.885816915
6/28/2016,6.274113213
6/29/2016,5.563712674
6/30/2016,5.688450558
7/1/2016,5.772370374
7/5/2016,6.301950763
7/6/2016,6.175914874
7/7/2016,6.13752947
7/8/2016,5.959770343
7/11/2016,5.729557382
7/12/2016,5.661556931
7/13/2016,6.185243241
7/14/2016,6.3225836
7/15/2016,6.320897341
7/18/2016,5.745151536
7/19/2016,5.721846195
7/20/2016,5.646450887
7/21/2016,5.460337254
7/26/2016,5.454798243
7/27/2016,5.189363104
7/28/2016,5.234614363
7/29/2016,4.916302981
8/1/2016,5.209296132
8/2/2016,5.326404379
8/3/2016,5.344236504
8/4/2016,5.125131585
8/5/2016,5.099616964
8/8/2016,5.062426784
8/9/2016,5.059934154
8/10/2016,4.826555109
8/11/2016,5.031125572
8/12/2016,4.876658713
8/15/2016,5.020564947
8/16/2016,5.091884993
8/17/2016,5.049794361
8/18/2016,5.022831058
8/19/2016,5.255791742
8/22/2016,5.100015141
8/23/2016,5.044571262
8/24/2016,5.096354458
8/25/2016,5.41331989
8/30/2016,5.233670212
8/31/2016,5.189906039
9/1/2016,5.297411436
9/2/2016,4.904298513
9/6/2016,4.825508403
9/7/2016,4.757868094
9/8/2016,4.828966158
9/9/2016,5.336637059
9/12/2016,5.345675093
9/13/2016,5.480524201
9/14/2016,5.370394951
9/15/2016,5.244187493
9/16/2016,5.087613033
9/19/2016,5.216122127
9/20/2016,5.340997688
9/21/2016,4.756754812
9/22/2016,4.384009039
9/27/2016,4.52944743
9/28/2016,4.497488066
9/29/2016,4.628707007
9/30/2016,4.76773613
10/3/2016,4.761361241
10/4/2016,4.656132121
10/5/2016,4.651276102
10/6/2016,4.832029288
10/7/2016,4.61781691
10/10/2016,4.833354382
10/11/2016,4.920974901
10/12/2016,4.774696296
10/13/2016,4.717310836
10/14/2016,4.646531611
10/17/2016,4.777643577
10/18/2016,4.640985779
10/19/2016,4.58793374
10/20/2016,4.329388073
10/25/2016,4.167961115
10/26/2016,4.360614616
10/27/2016,4.587374733
10/28/2016,4.66512398
10/31/2016,4.973112403
11/1/2016,5.092552647
11/2/2016,5.139197545
11/3/2016,5.20404911
11/4/2016,5.455449494
11/7/2016,5.873944031
11/8/2016,5.249683013
11/9/2016,5.749133527
11/10/2016,6.48597675
11/11/2016,6.408751508
11/14/2016,7.309899052
11/15/2016,6.604901748
11/16/2016,6.905384269
11/17/2016,6.347314335
11/18/2016,7.470295373
11/21/2016,7.758248282
11/22/2016,6.159965846
11/23/2016,6.45472961
11/29/2016,6.381936847
11/30/2016,6.977435974
12/1/2016,7.352381342
12/2/2016,7.02651432
12/5/2016,6.8033873
12/6/2016,6.347251239
12/7/2016,6.264028731
12/8/2016,5.754260882
12/9/2016,6.071948709
12/12/2016,6.420097771
12/13/2016,6.830341383
12/14/2016,6.952167934
12/15/2016,6.136705725
12/16/2016,5.954171937
12/19/2016,5.626687611
12/20/2016,5.723497884
12/21/2016,5.626639892
12/22/2016,5.561598949
12/28/2016,5.396047816
12/29/2016,5.585477665
12/30/2016,5.501176128
1/3/2017,5.899736653
1/4/2017,5.999738311
1/5/2017,6.264409499
1/6/2017,6.012812029
1/9/2017,6.238861692
1/10/2017,6.040475824
1/11/2017,5.667319868
1/12/2017,5.660878476
1/13/2017,5.596789753
1/17/2017,5.955881767
1/18/2017,5.759967146
1/19/2017,5.957448097
1/20/2017,5.705077587
1/23/2017,5.769369261
1/24/2017,5.881524065
1/25/2017,6.028450515
1/26/2017,5.860907875
1/31/2017,5.98099615
2/1/2017,5.789688729
2/2/2017,5.676121895
2/3/2017,5.242656576
2/6/2017,5.527067264
2/7/2017,5.482084974
2/8/2017,5.627301353
2/9/2017,5.526539435
2/10/2017,5.379544682
2/13/2017,5.332853584
2/14/2017,5.161975746
2/15/2017,4.946464563
2/16/2017,5.06282037
2/17/2017,5.174769963
2/21/2017,5.330472995
2/22/2017,5.388629867
2/23/2017,5.331704733
2/28/2017,5.60000597
3/1/2017,5.333766764
3/2/2017,5.203384207
3/3/2017,4.851725608
3/6/2017,4.973393873
3/7/2017,4.973211362
3/8/2017,4.979929754
3/9/2017,5.063135644
3/10/2017,4.789329141
3/13/2017,5.057276153
3/14/2017,5.153260353
3/15/2017,4.594773055
3/16/2017,4.56843404
3/17/2017,4.497451633
3/20/2017,4.56302635
3/21/2017,4.697687955
3/22/2017,4.787236241
3/23/2017,4.98720086
3/28/2017,4.975496644
3/29/2017,4.719538533
3/30/2017,4.783326106
3/31/2017,4.672350915
4/3/2017,4.982463654
4/4/2017,5.147306073
4/5/2017,5.137551645
4/6/2017,5.145225688
4/7/2017,5.152205529
4/10/2017,5.478477979
4/11/2017,5.894445753
4/12/2017,5.853764959
4/13/2017,5.700363161
4/17/2017,5.62456347
4/18/2017,5.649037466
4/19/2017,5.794782226
4/20/2017,5.844382665
4/25/2017,4.797250965
4/26/2017,4.731231261
4/27/2017,4.635969587
4/28/2017,4.620891944
5/1/2017,4.796626801
5/2/2017,4.777381158
5/3/2017,4.720732765
5/4/2017,4.945795805
5/5/2017,4.862354283
5/8/2017,4.585351494
5/9/2017,4.612237638
5/10/2017,4.511868505
5/11/2017,4.509447764
5/12/2017,4.519653274
5/15/2017,4.481236312
5/16/2017,4.408039172
5/17/2017,5.066959645
5/18/2017,4.688866913
5/19/2017,4.519609535
5/22/2017,4.469381051
5/23/2017,4.530695997
5/24/2017,4.43835352
5/25/2017,4.390338815
5/31/2017,4.661189063
6/1/2017,4.526757097
6/2/2017,4.452342398
6/5/2017,4.423840868
6/6/2017,4.588154618
6/7/2017,4.491569275
6/8/2017,4.401152847
6/9/2017,4.248156859
6/12/2017,4.261231992
6/13/2017,4.260637967
6/14/2017,4.215841193
6/15/2017,4.18201517
6/16/2017,4.096072768
6/19/2017,4.292565907
6/20/2017,4.212829718
6/21/2017,4.296637851
6/27/2017,4.342883635
6/28/2017,4.310037113
6/29/2017,4.652605785
6/30/2017,4.811519039
7/3/2017,4.867228862
7/5/2017,4.723163159
7/6/2017,4.78536123
7/7/2017,4.461287709
7/10/2017,4.34158333
7/11/2017,4.512957112
7/12/2017,4.3065011
7/13/2017,4.279419797
7/14/2017,4.114953274
7/17/2017,4.072518049
7/18/2017,4.025685918
7/19/2017,4.038968422
7/20/2017,3.857480211
7/25/2017,4.153032265
7/26/2017,3.744609623
7/27/2017,3.908127834
7/28/2017,3.893380679
7/31/2017,4.019707329
8/1/2017,4.090668822
8/2/2017,3.895504337
8/3/2017,3.844794673
8/4/2017,3.768037211
8/7/2017,3.840406527
8/8/2017,4.04345103
8/9/2017,4.340793046
8/10/2017,4.52011706
8/11/2017,4.482743737
8/14/2017,4.182989066
8/15/2017,4.123212077
8/16/2017,4.168196665
8/17/2017,4.262855492
8/18/2017,4.318849724
8/21/2017,4.532759281
8/22/2017,4.276361271
8/23/2017,4.384302207
8/24/2017,4.257026699
8/29/2017,4.214419087
8/30/2017,4.275624492
8/31/2017,4.275722272
9/1/2017,4.042399693
9/5/2017,4.658866059
9/6/2017,4.544529932
9/7/2017,4.598065985
9/8/2017,4.780436561
9/11/2017,4.378677102
9/12/2017,4.239864615
9/13/2017,4.171372046
9/14/2017,4.161266256
9/15/2017,4.04507927
9/18/2017,4.202518397
9/19/2017,4.230793463
9/20/2017,4.003670367
9/21/2017,4.071171947
9/26/2017,4.180685246
9/27/2017,4.251046062
9/28/2017,4.191234138
9/29/2017,4.258396859
10/2/2017,4.414827046
10/3/2017,4.272053746
10/4/2017,4.273355183
10/5/2017,4.407639056
10/6/2017,4.467370527
10/9/2017,4.41374332
10/10/2017,4.445747116
10/11/2017,4.307636588
10/12/2017,4.259592581
10/13/2017,4.018289321
10/16/2017,4.114030063
10/17/2017,4.106017388
10/18/2017,4.230658038
10/19/2017,4.260188132
10/20/2017,4.457142022
10/23/2017,4.449349502
10/24/2017,4.554240087
10/25/2017,4.653838947
10/26/2017,4.542275075
10/31/2017,4.189171959
11/1/2017,4.033649111
11/2/2017,3.854817142
11/3/2017,3.63954131
11/6/2017,3.789388409
11/7/2017,3.835988192
11/8/2017,3.683350157
11/9/2017,3.813511573
11/10/2017,3.958459646
11/13/2017,3.994935081
11/14/2017,3.921737002
11/15/2017,3.951076693
11/16/2017,3.926947306
11/17/2017,3.889747123
11/20/2017,3.853686978
11/21/2017,3.83730012
11/22/2017,3.667487244
11/28/2017,3.727050721
11/29/2017,3.751673141
11/30/2017,3.920820631
12/1/2017,4.18081185
12/4/2017,4.066271808
12/5/2017,4.045760976
12/6/2017,3.932386754
12/7/2017,3.880134921
12/8/2017,3.769607544
12/11/2017,3.76028922
12/12/2017,3.770619467
12/13/2017,3.497038527
12/14/2017,3.558114911
12/15/2017,3.512722871
12/18/2017,3.566148296
12/19/2017,3.696108377
12/20/2017,3.735320808
12/21/2017,3.886994627
12/27/2017,3.567463032
12/28/2017,3.575654598
12/29/2017,3.789186749
1/2/2018,3.86963552
1/3/2018,3.684398341
1/4/2018,3.715082892
1/5/2018,3.535538075
1/8/2018,3.56854203
1/9/2018,3.775086232
1/10/2018,3.762832618
1/11/2018,3.723282286
1/12/2018,3.692421379
1/16/2018,3.773830475
1/17/2018,3.734593598
1/18/2018,3.965382573
1/19/2018,4.008143272
1/22/2018,4.311297049
1/23/2018,4.137377264
1/24/2018,4.356948455
1/25/2018,4.02866749
1/30/2018,4.531521077
1/31/2018,4.515878603
2/1/2018,4.493173838
2/2/2018,4.631840581
2/5/2018,4.803455734
2/6/2018,5.425335219
2/7/2018,5.228820136
2/8/2018,5.818705608
2/9/2018,5.938237373
2/12/2018,5.515853368
2/13/2018,5.554592516
2/14/2018,5.327472255
2/15/2018,4.90697125
2/16/2018,4.702393638
2/20/2018,4.782709131
2/21/2018,4.802501795
2/22/2018,4.852150718
2/27/2018,4.894000037
2/28/2018,4.863272267
3/1/2018,5.004044279
3/2/2018,4.981744501
3/5/2018,4.941040336
3/6/2018,4.838320231
3/7/2018,4.88382572
3/8/2018,4.596950644
3/9/2018,4.370308774
3/12/2018,4.273190083
3/13/2018,4.066361416
3/14/2018,4.26974588
3/15/2018,4.278063878
3/16/2018,4.212338924
3/19/2018,4.551755301
3/20/2018,4.467173413
3/21/2018,4.022816623
3/22/2018,3.965228872
3/27/2018,4.123052916
3/28/2018,4.23280128
3/29/2018,4.310000372
4/2/2018,4.398852747
4/3/2018,4.104993465
4/4/2018,4.034204713
4/5/2018,3.975305688
4/6/2018,4.066643945
4/9/2018,3.927873913
4/10/2018,3.848987849
4/11/2018,3.805908635
4/12/2018,3.845538683
4/13/2018,3.778375356
4/16/2018,3.844008789
4/17/2018,3.672259278
4/18/2018,3.793228016
4/19/2018,3.888023804
4/24/2018,4.042233019
4/25/2018,4.308430425
4/26/2018,4.226644094
4/27/2018,3.871887976
4/30/2018,4.009832805
5/1/2018,4.084707579
5/2/2018,3.876855285
5/3/2018,3.873382599
5/4/2018,3.633862779
5/7/2018,3.745476194
5/8/2018,3.950728179
5/9/2018,3.940434534
5/10/2018,3.674856417
5/11/2018,3.525756801
5/14/2018,3.644278406
5/15/2018,4.025596366
5/16/2018,4.095303884
5/17/2018,4.125190378
5/18/2018,3.889848937
5/21/2018,4.213161765
5/22/2018,4.010968084
5/23/2018,4.107153932
5/30/2018,4.845268563
5/31/2018,4.80582376
6/1/2018,4.278098002
6/4/2018,4.135392191
6/5/2018,4.139006083
6/6/2018,4.333297355
6/7/2018,4.388209489
6/8/2018,4.524211697
6/11/2018,4.583615577
6/12/2018,4.467772229
6/13/2018,4.146697429
6/14/2018,4.012474056
6/15/2018,4.038039878
6/18/2018,4.012857006
6/19/2018,4.09031741
6/20/2018,4.033968733
6/21/2018,4.194475198
6/26/2018,3.848385695
6/27/2018,4.086421273
6/28/2018,3.966080041
6/29/2018,3.824095004
7/2/2018,3.873304118
7/3/2018,3.931432294
7/5/2018,3.940022414
7/6/2018,3.829915072
7/9/2018,3.871859738
7/10/2018,3.845013558
7/11/2018,3.905977802
7/12/2018,3.756000712
7/13/2018,3.752084206
7/16/2018,3.893646053
7/17/2018,3.735433983
7/18/2018,3.5961081
7/19/2018,3.797734815
7/20/2018,3.896471954
7/23/2018,4.226532169
7/24/2018,3.998332319
7/25/2018,3.869092895
7/26/2018,3.96610456
7/31/2018,3.748771947
8/1/2018,3.857676416
8/2/2018,3.825777365
8/3/2018,3.779115879
8/6/2018,3.837153449
8/7/2018,3.782798023
8/8/2018,3.734537036
8/9/2018,3.636903919
8/10/2018,4.242023908
8/13/2018,4.241612724
8/14/2018,3.881030684
8/15/2018,4.219333042
8/16/2018,3.949115584
8/17/2018,4.004407024
8/20/2018,4.067239794
8/21/2018,3.816129452
8/22/2018,3.909329821
8/23/2018,3.738107065
8/28/2018,3.772244019
8/29/2018,3.653221765
8/30/2018,3.805480896
8/31/2018,3.776882352
9/4/2018,3.882546539
9/5/2018,3.739238328
9/6/2018,3.81058106
9/7/2018,3.623321081
9/10/2018,3.652621284
9/11/2018,3.613321899
9/12/2018,3.495917624
9/13/2018,3.403832844
9/14/2018,3.485014497
9/17/2018,3.590703051
9/18/2018,3.645193237
9/19/2018,3.652827728
9/20/2018,3.598152424
9/25/2018,3.69861284
9/26/2018,3.405092267
9/27/2018,3.391970963
9/28/2018,3.347309166
10/1/2018,3.544897336
10/2/2018,3.511455721
10/3/2018,3.802390595
10/4/2018,4.293229185
10/5/2018,4.277213893
10/8/2018,4.30260571
10/9/2018,4.185404742
10/10/2018,4.453087551
10/11/2018,4.318578513
10/12/2018,4.021678854
10/15/2018,3.900593623
10/16/2018,3.755138096
10/17/2018,3.559345599
10/18/2018,3.810087414
10/19/2018,3.767818771
10/22/2018,3.925266981
10/23/2018,4.244641636
10/24/2018,4.527341096
10/25/2018,4.144436819
10/30/2018,4.716672621
10/31/2018,4.413570665
11/1/2018,4.395011345
11/2/2018,4.57240265
11/5/2018,4.526768061
11/6/2018,4.724736279
11/7/2018,3.947378845
11/8/2018,3.969626811
11/9/2018,3.917126951
11/12/2018,3.932051311
11/13/2018,4.057593733
11/14/2018,4.213466206
11/15/2018,4.118758876
11/16/2018,4.172532077
11/19/2018,4.432627643
11/20/2018,4.410173296
11/21/2018,4.222806601
11/27/2018,3.943276692
11/28/2018,3.877697238
11/29/2018,3.866909842
11/30/2018,3.851437529
12/3/2018,3.724121651
12/4/2018,3.988570874
12/5/2018,4.047538218
12/6/2018,4.4368717
12/7/2018,4.42219043
12/10/2018,4.356636948
12/11/2018,4.25347526
12/12/2018,4.117963271
12/13/2018,3.820526192
12/14/2018,3.911746055
12/17/2018,4.160426572
12/18/2018,4.284805802
12/19/2018,4.015732521
12/20/2018,4.408117843
12/26/2018,4.434467952
12/27/2018,4.783223552
12/28/2018,4.554658566
12/31/2018,4.680874556
1/2/2019,4.44825468
1/3/2019,5.046539331
1/4/2019,4.675571846
1/7/2019,4.563002283
1/8/2019,4.512560086
1/9/2019,4.328726383
1/10/2019,4.164259218
1/11/2019,4.058084916
1/14/2019,4.138110741
1/15/2019,4.033800182
1/16/2019,4.019806129
1/17/2019,4.055401193
1/18/2019,3.979663862
1/22/2019,4.268434052
1/23/2019,4.232033777
1/24/2019,4.018038181
1/29/2019,4.022217497
1/30/2019,3.826001252
1/31/2019,3.845656883
2/1/2019,3.669472121
2/4/2019,3.726327582
2/5/2019,3.736208717
2/6/2019,3.633836684
2/7/2019,3.732978927
2/8/2019,3.697678238
2/11/2019,3.656465107
2/12/2019,3.740136175
2/13/2019,3.654804152
2/14/2019,3.652789003
2/15/2019,3.470831445
2/19/2019,3.672784276
2/20/2019,3.557374856
2/26/2019,3.625848982
2/27/2019,3.871648618
2/28/2019,3.799668871
3/1/2019,3.833598875
3/4/2019,3.86849903
3/5/2019,3.722722997
3/6/2019,3.596655667
3/7/2019,3.684526695
3/8/2019,3.576967856
3/11/2019,3.607519077
3/12/2019,3.741086114
3/13/2019,3.673098311
3/14/2019,3.638185957
3/15/2019,3.689855248
3/18/2019,3.748823774
3/19/2019,3.621194572
3/20/2019,3.517616342
3/26/2019,4.484708527
3/27/2019,4.757482585
3/28/2019,4.498348944
3/29/2019,4.323233228
4/1/2019,3.98486395
4/2/2019,4.010291389
4/3/2019,3.852466041
4/4/2019,3.796646197
4/5/2019,3.663782605
4/8/2019,3.729570023
4/9/2019,3.761759208
4/10/2019,3.625409152
4/11/2019,3.446460316
4/12/2019,3.441305587
4/15/2019,3.539474289
4/16/2019,3.676646503
4/17/2019,3.690486199
4/18/2019,3.633500298
4/22/2019,3.817785296
4/23/2019,3.928042801
4/24/2019,3.88143694
4/25/2019,3.762769171
4/30/2019,4.030801066
5/1/2019,3.80519651
5/2/2019,3.763813069
5/3/2019,3.610846708
5/6/2019,3.978473195
5/7/2019,4.458163923
5/8/2019,4.225865263
5/9/2019,4.316657691
5/10/2019,4.12476843
5/13/2019,4.364838521
5/14/2019,4.151124271
5/15/2019,4.149784318
5/16/2019,4.100941688
5/17/2019,4.142563147
5/20/2019,4.272701173
5/21/2019,4.035545863
5/22/2019,4.128605938
5/23/2019,4.483114529
5/29/2019,4.934005518
5/30/2019,4.763440899
5/31/2019,5.718167484
6/3/2019,5.99755922
6/4/2019,5.361724464
6/5/2019,5.276965515
6/6/2019,5.242514694
6/7/2019,4.716722593
6/10/2019,4.512568674
6/11/2019,4.511025047
6/12/2019,4.830566465
6/13/2019,5.514766488
6/14/2019,5.28588884
6/17/2019,5.32040052
6/18/2019,5.409909616
6/19/2019,4.988799635
6/20/2019,4.856183818
6/25/2019,5.107026466
6/26/2019,4.819130901
6/27/2019,4.793094902
6/28/2019,4.754797195
7/1/2019,4.401205442
7/2/2019,4.454377081
7/3/2019,4.414421621
7/5/2019,4.187388777
7/8/2019,4.415294015
7/9/2019,4.315774352
7/10/2019,4.339106929
7/11/2019,4.367243177
7/12/2019,4.26923147
7/15/2019,4.358920093
7/16/2019,4.389164986
7/17/2019,4.35568546
7/18/2019,4.394448457
7/19/2019,4.311740276
7/22/2019,4.424380108
7/23/2019,4.429585429
7/24/2019,4.481179092
7/25/2019,4.496852231
7/30/2019,4.333753078
7/31/2019,4.303448612
