Date,USVIX
1/2/2003,15.01998482
1/3/2003,13.91854567
1/6/2003,14.02092443
1/7/2003,13.07461076
1/8/2003,13.03004588
1/9/2003,13.57769983
1/10/2003,13.20270016
1/13/2003,13.80352339
1/14/2003,13.34425578
1/15/2003,12.32246726
1/16/2003,12.54308956
1/17/2003,12.79637971
1/21/2003,12.96483456
1/22/2003,12.41027424
1/23/2003,12.61852751
1/24/2003,
1/27/2003,13.75186396
1/28/2003,13.82570636
1/29/2003,13.36221584
1/30/2003,13.42996409
1/31/2003,13.20775547
2/3/2003,13.53177694
2/4/2003,13.63804678
2/5/2003,13.65159526
2/6/2003,13.31578176
2/7/2003,13.37083532
2/10/2003,13.62065927
2/11/2003,13.4247286
2/12/2003,13.50455739
2/13/2003,13.77878004
2/14/2003,13.80129663
2/18/2003,13.99945657
2/19/2003,13.79405461
2/20/2003,13.21032022
2/21/2003,
2/24/2003,13.06402514
2/25/2003,12.7922666
2/26/2003,12.59335705
2/27/2003,12.9428672
2/28/2003,12.78793034
3/3/2003,13.024714
3/4/2003,12.58642607
3/5/2003,12.94206968
3/6/2003,12.60434491
3/7/2003,13.71319861
3/10/2003,13.52492685
3/11/2003,13.35247788
3/12/2003,13.60936981
3/13/2003,14.12792558
3/14/2003,13.49966979
3/17/2003,15.08324826
3/18/2003,15.08682606
3/19/2003,15.80400809
3/20/2003,15.38591008
3/21/2003,
3/24/2003,13.91920734
3/25/2003,13.72197149
3/26/2003,13.64489964
3/27/2003,12.86602015
3/28/2003,12.76866483
3/31/2003,13.35715676
4/1/2003,12.93763842
4/2/2003,13.85758173
4/3/2003,14.14114542
4/4/2003,13.25792443
4/7/2003,13.85734533
4/8/2003,13.13313425
4/9/2003,12.36748106
4/10/2003,12.62126295
4/11/2003,12.48270135
4/14/2003,12.63979242
4/15/2003,12.04687527
4/16/2003,11.57957913
4/17/2003,11.54470151
4/21/2003,11.87234836
4/22/2003,11.70815861
4/23/2003,11.52138573
4/24/2003,11.30725886
4/25/2003,
4/28/2003,10.86930943
4/29/2003,11.61483666
4/30/2003,11.39343955
5/1/2003,11.2014232
5/2/2003,11.04047597
5/5/2003,11.31338057
5/6/2003,10.96887495
5/7/2003,10.73828856
5/8/2003,10.91733166
5/9/2003,10.22277218
5/12/2003,10.8993821
5/13/2003,11.14644176
5/14/2003,11.57217349
5/15/2003,11.98380087
5/16/2003,12.38018779
5/19/2003,13.02113897
5/20/2003,13.26228758
5/21/2003,14.00301706
5/22/2003,13.60862369
5/23/2003,
5/27/2003,13.74011372
5/28/2003,13.10207887
5/29/2003,12.980407
5/30/2003,12.9760085
6/2/2003,13.41264111
6/3/2003,13.2527393
6/4/2003,13.31504895
6/5/2003,13.54460264
6/6/2003,12.65211382
6/9/2003,12.81927148
6/10/2003,12.60114973
6/11/2003,13.28573177
6/12/2003,12.98157505
6/13/2003,12.90789573
6/16/2003,13.2246781
6/17/2003,13.38374245
6/18/2003,13.68877584
6/19/2003,13.94034262
6/20/2003,
6/23/2003,14.35237217
6/24/2003,14.17369715
6/25/2003,14.07988947
6/26/2003,12.33223503
6/27/2003,12.42904088
6/30/2003,12.72911256
7/1/2003,12.01974677
7/2/2003,11.89510207
7/3/2003,12.59661027
7/7/2003,12.72002827
7/8/2003,12.43491409
7/9/2003,12.45683666
7/10/2003,12.52467527
7/11/2003,11.98143288
7/14/2003,12.53578347
7/15/2003,12.59176708
7/16/2003,13.37166305
7/17/2003,13.39245666
7/18/2003,13.06526735
7/21/2003,14.35992604
7/22/2003,15.25657674
7/23/2003,14.40839591
7/24/2003,15.17570542
7/25/2003,
7/29/2003,17.11480258
7/30/2003,17.17350205
7/31/2003,19.48447622
8/1/2003,18.10644701
8/4/2003,17.32365045
8/5/2003,17.48642624
8/6/2003,17.24084205
8/7/2003,16.38456304
8/8/2003,16.16337218
8/11/2003,17.32483747
8/12/2003,16.79311974
8/13/2003,19.05035345
8/14/2003,19.27601296
8/15/2003,18.47013673
8/18/2003,17.61103308
8/19/2003,17.16988011
8/20/2003,17.97485668
8/21/2003,19.49064102
8/22/2003,
8/25/2003,19.87990331
8/26/2003,18.57280078
8/27/2003,17.88507807
8/28/2003,16.83565142
8/29/2003,16.64539029
9/2/2003,18.07494023
9/3/2003,17.70840702
9/4/2003,16.66233657
9/5/2003,15.71441746
9/8/2003,16.0842455
9/9/2003,16.69000382
9/10/2003,16.4159918
9/11/2003,16.20143039
9/12/2003,15.65640537
9/15/2003,16.35688473
9/16/2003,16.17167243
9/17/2003,15.90833858
9/18/2003,15.89355505
9/19/2003,16.47654369
9/22/2003,17.89900744
9/23/2003,17.69953964
9/24/2003,16.90516356
9/25/2003,16.89781945
9/26/2003,
9/29/2003,16.57698253
9/30/2003,16.57572417
10/1/2003,16.6165072
10/2/2003,16.83958783
10/3/2003,17.34875627
10/6/2003,17.3804363
10/7/2003,17.22992626
10/8/2003,16.61401423
10/9/2003,16.85709769
10/10/2003,16.39737146
10/14/2003,17.57843616
10/15/2003,17.24873112
10/16/2003,17.39975258
10/17/2003,17.17568581
10/20/2003,17.49888
10/21/2003,16.83632815
10/22/2003,17.03944797
10/23/2003,16.54043339
10/24/2003,
10/27/2003,16.78061403
10/28/2003,16.27185829
10/29/2003,15.82787699
10/30/2003,17.00214874
10/31/2003,16.14728898
11/3/2003,16.70284616
11/4/2003,16.30724173
11/5/2003,16.06341024
11/6/2003,16.38584265
11/7/2003,15.48987758
11/10/2003,16.05546554
11/12/2003,15.35347111
11/13/2003,15.41455883
11/14/2003,14.8446916
11/17/2003,14.93840705
11/18/2003,15.03141335
11/19/2003,14.99770181
11/20/2003,14.80487762
11/21/2003,
11/24/2003,14.21375752
11/25/2003,13.17698651
11/26/2003,13.00647826
11/28/2003,13.63821462
12/1/2003,14.07260783
12/2/2003,13.95572123
12/3/2003,13.44591361
12/4/2003,13.60112307
12/5/2003,13.05814862
12/8/2003,14.49333016
12/9/2003,13.49919367
12/10/2003,12.51912818
12/11/2003,12.45042085
12/12/2003,12.48676371
12/15/2003,13.04916384
12/16/2003,12.85414991
12/17/2003,13.13731177
12/18/2003,12.17565852
12/19/2003,13.36932558
12/22/2003,14.17788803
12/23/2003,13.65731413
12/24/2003,13.11086857
12/26/2003,
12/29/2003,14.09976452
12/30/2003,13.86661809
12/31/2003,14.31794655
1/2/2004,14.65110578
1/5/2004,14.8710942
1/6/2004,13.46549166
1/7/2004,12.59488866
1/8/2004,13.47517526
1/9/2004,12.04514234
1/12/2004,12.44994803
1/13/2004,12.78026294
1/14/2004,13.25921881
1/15/2004,13.15652294
1/16/2004,13.12363877
1/20/2004,13.95359658
1/21/2004,13.05825267
1/22/2004,12.38088421
1/23/2004,
1/26/2004,14.55768712
1/27/2004,14.12820921
1/28/2004,14.16940491
1/29/2004,14.36295562
1/30/2004,13.9383596
2/2/2004,14.46920741
2/3/2004,14.12394488
2/4/2004,14.70272183
2/5/2004,15.25246253
2/6/2004,13.42115292
2/9/2004,13.21846268
2/10/2004,14.21017451
2/11/2004,12.23151338
2/12/2004,12.36315871
2/13/2004,12.11709548
2/17/2004,11.7988202
2/18/2004,11.75255733
2/19/2004,11.97431859
2/20/2004,
2/23/2004,11.58655431
2/24/2004,11.32348978
2/25/2004,11.58503573
2/26/2004,11.99542373
2/27/2004,11.27116111
3/1/2004,11.92039986
3/2/2004,12.85396355
3/3/2004,13.18861303
3/4/2004,12.14902339
3/5/2004,10.65507713
3/8/2004,11.48598039
3/9/2004,11.34020993
3/10/2004,11.81587127
3/11/2004,11.78059504
3/12/2004,12.049019
3/15/2004,12.77066307
3/16/2004,12.33580228
3/17/2004,12.49714913
3/18/2004,12.35295175
3/19/2004,12.07281357
3/22/2004,12.14128185
3/23/2004,11.96617825
3/24/2004,12.10706374
3/25/2004,12.4289451
3/26/2004,
3/29/2004,13.34050968
3/30/2004,13.30663083
3/31/2004,12.8138367
4/1/2004,14.21608618
4/2/2004,13.92482374
4/5/2004,14.58969726
4/6/2004,12.71697214
4/7/2004,12.46823301
4/8/2004,13.17533067
4/12/2004,14.34571925
4/13/2004,14.602307
4/14/2004,13.78079149
4/15/2004,14.32127479
4/16/2004,13.88886512
4/19/2004,14.31958632
4/20/2004,14.17325265
4/21/2004,13.68188828
4/22/2004,13.31904608
4/23/2004,
4/26/2004,13.76623004
4/27/2004,13.74165599
4/28/2004,14.35799904
4/29/2004,14.37380027
4/30/2004,14.14906675
5/3/2004,14.69231706
5/4/2004,14.971253
5/5/2004,15.03463381
5/6/2004,15.97355405
5/7/2004,13.3404072
5/10/2004,13.34987337
5/11/2004,13.02556071
5/12/2004,13.29195928
5/13/2004,13.63272006
5/14/2004,13.0491064
5/17/2004,13.42672153
5/18/2004,12.75297605
5/19/2004,13.57433572
5/20/2004,13.3292046
5/21/2004,
5/24/2004,12.04299368
5/25/2004,12.29681259
5/26/2004,12.27630831
5/27/2004,12.18494956
5/28/2004,12.00457806
6/1/2004,13.36790362
6/2/2004,12.97435181
6/3/2004,12.78962084
6/4/2004,11.65652917
6/7/2004,11.02710659
6/8/2004,11.35440022
6/9/2004,11.79938657
6/10/2004,11.30491635
6/11/2004,11.49055574
6/14/2004,12.69045766
6/15/2004,11.3152007
6/16/2004,11.40297235
6/17/2004,10.65237015
6/18/2004,10.37385304
6/21/2004,10.62385231
6/22/2004,10.76202417
6/23/2004,11.21781439
6/24/2004,11.69956448
6/25/2004,
6/28/2004,11.92511878
6/29/2004,11.16894223
6/30/2004,10.5267775
7/1/2004,10.84350994
7/2/2004,9.784070273
7/6/2004,10.48193227
7/7/2004,10.30901945
7/8/2004,10.4375844
7/9/2004,10.99355067
7/12/2004,11.06988683
7/13/2004,11.55820113
7/14/2004,11.58294091
7/15/2004,11.53444397
7/16/2004,10.8170644
7/19/2004,11.08147699
7/20/2004,10.73156724
7/21/2004,10.97071472
7/22/2004,10.5185693
7/23/2004,
7/26/2004,10.88210457
7/27/2004,11.71801997
7/28/2004,11.7768158
7/29/2004,11.74527456
7/30/2004,11.35877905
8/2/2004,11.44663674
8/3/2004,12.08459514
8/4/2004,12.02431103
8/5/2004,12.18990073
8/6/2004,10.91148505
8/9/2004,11.05954974
8/10/2004,10.53627813
8/11/2004,11.18956181
8/12/2004,10.48365277
8/13/2004,10.11392552
8/16/2004,10.82431631
8/17/2004,10.6766618
8/18/2004,11.34713974
8/19/2004,11.17780386
8/20/2004,11.25082836
8/23/2004,11.6829604
8/24/2004,11.80885405
8/25/2004,11.65583588
8/26/2004,10.78701067
8/27/2004,
8/30/2004,10.79888598
8/31/2004,11.15506483
9/1/2004,11.7084559
9/2/2004,12.41961745
9/3/2004,9.880574143
9/7/2004,9.968491336
9/8/2004,9.996811737
9/9/2004,9.483033345
9/10/2004,9.252732768
9/13/2004,9.978646856
9/14/2004,9.713417862
9/15/2004,9.564680214
9/16/2004,9.578350061
9/17/2004,10.0146315
9/20/2004,10.18400117
9/21/2004,9.632492195
9/22/2004,10.30533118
9/23/2004,10.43204789
9/24/2004,
9/27/2004,10.75327041
9/28/2004,10.56706253
9/29/2004,10.22207434
9/30/2004,9.911594718
10/1/2004,10.04551966
10/4/2004,10.28704746
10/5/2004,10.09096678
10/6/2004,10.06031038
10/7/2004,10.66144155
10/8/2004,8.400702394
10/12/2004,9.876707506
10/13/2004,9.476294314
10/14/2004,9.33642319
10/15/2004,9.680665245
10/18/2004,9.516319196
10/19/2004,9.579433266
10/20/2004,10.12926562
10/21/2004,9.839866833
10/22/2004,
10/25/2004,9.553197037
10/26/2004,10.42121162
10/27/2004,10.73536332
10/28/2004,10.88694089
10/29/2004,10.83318972
11/1/2004,11.1886156
11/2/2004,11.16944198
11/3/2004,10.57695024
11/4/2004,10.42278205
11/5/2004,9.677897262
11/8/2004,9.963495811
11/9/2004,9.777530932
11/10/2004,9.18927044
11/12/2004,10.02028514
11/15/2004,10.23509997
11/16/2004,9.793475135
11/17/2004,9.616167723
11/18/2004,9.654640884
11/19/2004,10.00489462
11/22/2004,9.157625735
11/23/2004,9.931122052
11/24/2004,9.246916207
11/26/2004,
11/29/2004,11.83362087
11/30/2004,11.0656961
12/1/2004,11.41995463
12/2/2004,10.73872276
12/3/2004,8.896179318
12/6/2004,9.10286912
12/7/2004,8.928988011
12/8/2004,8.837050687
12/9/2004,9.166393803
12/10/2004,9.282798512
12/13/2004,9.623204858
12/14/2004,9.172739115
12/15/2004,9.719071292
12/16/2004,10.408216
12/17/2004,9.792184819
12/20/2004,9.575249806
12/21/2004,9.711362845
12/22/2004,9.288840798
12/23/2004,
12/27/2004,10.00865806
12/28/2004,9.780707316
12/29/2004,10.69186923
12/30/2004,10.5148347
12/31/2004,10.4505797
1/3/2005,11.20342322
1/4/2005,10.80656035
1/5/2005,10.14520276
1/6/2005,10.36763242
1/7/2005,9.651136051
1/10/2005,9.873149515
1/11/2005,10.10164739
1/12/2005,10.07717072
1/13/2005,9.960392736
1/14/2005,9.70815803
1/18/2005,10.60186778
1/19/2005,10.42910195
1/20/2005,10.14876251
1/21/2005,
1/24/2005,10.14589667
1/25/2005,10.34684207
1/26/2005,10.41261101
1/27/2005,10.35264118
1/28/2005,9.909833957
1/31/2005,10.19549647
2/1/2005,9.5947595
2/2/2005,9.347390396
2/3/2005,9.21257521
2/4/2005,8.538389597
2/7/2005,8.492882104
2/8/2005,8.746809408
2/9/2005,9.724117655
2/10/2005,9.969920961
2/11/2005,9.642616858
2/14/2005,10.0818491
2/15/2005,10.0678125
2/16/2005,10.25192471
2/17/2005,9.153358426
2/18/2005,
2/22/2005,10.15125867
2/23/2005,9.542400561
2/24/2005,9.438080584
2/25/2005,8.934779934
2/28/2005,9.881114762
3/1/2005,9.454994045
3/2/2005,9.509519939
3/3/2005,9.628228629
3/4/2005,8.42961949
3/7/2005,8.041324433
3/8/2005,8.558929694
3/9/2005,9.759150087
3/10/2005,9.024615535
3/11/2005,10.12969174
3/14/2005,10.19551427
3/15/2005,10.32901273
3/16/2005,10.14328028
3/17/2005,9.92381025
3/18/2005,9.977103997
3/21/2005,11.18584195
3/22/2005,9.834666282
3/23/2005,9.978581241
3/24/2005,
3/28/2005,10.24981885
3/29/2005,9.645424095
3/30/2005,9.971940815
3/31/2005,9.326124362
4/1/2005,8.746133892
4/4/2005,9.056860469
4/5/2005,9.030032794
4/6/2005,8.986548403
4/7/2005,8.998649687
4/8/2005,8.830721941
4/11/2005,9.414925729
4/12/2005,8.93115684
4/13/2005,8.749539131
4/14/2005,9.969885083
4/15/2005,10.21363987
4/18/2005,9.982743475
4/19/2005,8.824356813
4/20/2005,8.831073841
4/21/2005,9.649933047
4/22/2005,
4/25/2005,9.024654286
4/26/2005,9.129055085
4/27/2005,9.041033924
4/28/2005,9.179971287
4/29/2005,9.939800585
5/2/2005,9.821272101
5/3/2005,9.681726253
5/4/2005,9.644181713
5/5/2005,9.572121194
5/6/2005,9.249327179
5/9/2005,9.144136304
5/10/2005,9.045135904
5/11/2005,9.734269641
5/12/2005,9.448862007
5/13/2005,9.670722041
5/16/2005,9.829744133
5/17/2005,10.14231511
5/18/2005,8.880961836
5/19/2005,8.950642731
5/20/2005,
5/23/2005,8.560524872
5/24/2005,8.80983936
5/25/2005,8.120795764
5/26/2005,8.139833614
5/27/2005,8.006221412
5/31/2005,9.142673214
6/1/2005,8.847161444
6/2/2005,9.41212002
6/3/2005,9.104003632
6/6/2005,8.932784368
6/7/2005,9.708665611
6/8/2005,9.57570091
6/9/2005,8.61889428
6/10/2005,8.645069264
6/13/2005,9.208248201
6/14/2005,8.837397251
6/15/2005,8.602782053
6/16/2005,8.790499503
6/17/2005,8.530601266
6/20/2005,8.637930019
6/21/2005,8.04241902
6/22/2005,8.706287045
6/23/2005,8.180948521
6/24/2005,
6/27/2005,9.465004506
6/28/2005,9.643265665
6/29/2005,9.375097408
6/30/2005,9.331181644
7/1/2005,9.544277864
7/5/2005,10.5924609
7/6/2005,9.996657649
7/7/2005,10.40161514
7/8/2005,9.871328345
7/11/2005,10.05780949
7/12/2005,10.15503113
7/13/2005,10.00710689
7/14/2005,9.638834181
7/15/2005,9.498293339
7/18/2005,10.13619656
7/19/2005,9.955118465
7/20/2005,9.667606495
7/21/2005,10.09746725
7/22/2005,
7/25/2005,10.2515075
7/26/2005,10.12772508
7/27/2005,10.03387969
7/28/2005,9.593081664
7/29/2005,9.679076687
8/1/2005,10.77329079
8/2/2005,10.46127297
8/3/2005,9.777447389
8/4/2005,10.0913464
8/5/2005,9.360806896
8/8/2005,9.691180629
8/9/2005,9.278694016
8/10/2005,9.189889177
8/11/2005,9.590567722
8/12/2005,9.156343679
8/15/2005,9.097656143
8/16/2005,9.07304582
8/17/2005,8.859579436
8/18/2005,9.086627751
8/19/2005,8.970474793
8/22/2005,9.13815491
8/23/2005,8.297163184
8/24/2005,8.193938337
8/25/2005,8.65224875
8/26/2005,
8/29/2005,9.978964493
8/30/2005,8.607058477
8/31/2005,8.406055046
9/1/2005,9.158051197
9/2/2005,8.862574643
9/6/2005,8.67545717
9/7/2005,8.797045679
9/8/2005,8.581399774
9/9/2005,9.280780638
9/12/2005,8.798139921
9/13/2005,8.562752335
9/14/2005,8.901834028
9/15/2005,8.6898004
9/16/2005,9.128220496
9/19/2005,9.360722107
9/20/2005,8.732016673
9/21/2005,8.725310693
9/22/2005,8.708995939
9/23/2005,
9/26/2005,8.806346663
9/27/2005,9.654845189
9/28/2005,8.454273001
9/29/2005,8.743150975
9/30/2005,8.465514657
10/3/2005,9.207171206
10/4/2005,9.015061052
10/5/2005,8.697323117
10/6/2005,8.579151181
10/7/2005,8.419550999
10/11/2005,9.082805062
10/12/2005,9.055402825
10/13/2005,9.70886572
10/14/2005,9.486741454
10/17/2005,9.362884462
10/18/2005,9.077337446
10/19/2005,9.309768508
10/20/2005,9.111338071
10/21/2005,
10/24/2005,8.425462916
10/25/2005,9.013265623
10/26/2005,9.310231442
10/27/2005,9.464322799
10/28/2005,9.334571255
10/31/2005,9.200096047
11/1/2005,9.112725601
11/2/2005,8.584006638
11/3/2005,9.243736157
11/4/2005,8.911406636
11/7/2005,9.057127235
11/8/2005,8.814314879
11/9/2005,9.303857886
11/10/2005,9.182841019
11/14/2005,9.424497436
11/15/2005,9.431085909
11/16/2005,8.687303762
11/17/2005,8.847546394
11/18/2005,8.21946437
11/21/2005,8.498701524
11/22/2005,8.526026367
11/23/2005,8.121952992
11/25/2005,8.556889588
11/28/2005,8.207646207
11/29/2005,8.449779946
11/30/2005,8.339362341
12/1/2005,8.695701906
12/2/2005,8.162986094
12/5/2005,8.305441299
12/6/2005,7.987108174
12/7/2005,7.858333298
12/8/2005,8.159015798
12/9/2005,8.340116051
12/12/2005,8.57011027
12/13/2005,8.349706838
12/14/2005,8.23208275
12/15/2005,7.842609104
12/16/2005,7.645558265
12/19/2005,7.229817319
12/20/2005,7.662800922
12/21/2005,7.634904242
12/22/2005,6.963579381
12/23/2005,6.956589854
12/27/2005,8.035719883
12/28/2005,7.388812911
12/29/2005,7.994466597
12/30/2005,7.582259422
1/3/2006,8.247819661
1/4/2006,8.496643821
1/5/2006,8.187052735
1/6/2006,7.64064751
1/9/2006,7.523416024
1/10/2006,8.373543622
1/11/2006,7.393243439
1/12/2006,8.037003315
1/13/2006,7.804413392
1/17/2006,8.479746744
1/18/2006,8.270625707
1/19/2006,7.705654598
1/20/2006,8.262083197
1/23/2006,8.602836586
1/24/2006,7.996509151
1/25/2006,8.319721128
1/26/2006,9.104390406
1/27/2006,
1/30/2006,9.178153293
1/31/2006,8.85504184
2/1/2006,9.037115857
2/2/2006,8.643631044
2/3/2006,8.162191386
2/6/2006,8.312589394
2/7/2006,8.645569634
2/8/2006,8.526439413
2/9/2006,8.640925432
2/10/2006,8.296972079
2/13/2006,8.123101062
2/14/2006,8.432744122
2/15/2006,7.586341436
2/16/2006,7.172577876
2/17/2006,7.230916744
2/21/2006,7.680579209
2/22/2006,6.849815763
2/23/2006,7.359023632
2/24/2006,
2/27/2006,7.512600338
2/28/2006,7.229402506
3/1/2006,9.236927549
3/2/2006,8.228614436
3/3/2006,7.430498655
3/6/2006,8.566231747
3/7/2006,8.682507966
3/8/2006,8.416868648
3/9/2006,8.161147297
3/10/2006,7.604282709
3/13/2006,7.595844593
3/14/2006,7.434411661
3/15/2006,7.884255141
3/16/2006,7.068630495
3/17/2006,7.093459834
3/20/2006,7.180788197
3/21/2006,7.997423181
3/22/2006,7.441523934
3/23/2006,9.231180757
3/24/2006,
3/27/2006,7.829743839
3/28/2006,7.521306317
3/29/2006,8.101173179
3/30/2006,7.996713851
3/31/2006,7.794558595
4/3/2006,8.15652438
4/4/2006,8.376451837
4/5/2006,7.529372708
4/6/2006,8.327994964
4/7/2006,8.872621998
4/10/2006,8.810776385
4/11/2006,7.975761831
4/12/2006,8.562988904
4/13/2006,8.73788315
4/17/2006,8.378875264
4/18/2006,8.740050357
4/19/2006,8.536399466
4/20/2006,8.10446312
4/21/2006,
4/24/2006,9.007863546
4/25/2006,8.820140926
4/26/2006,9.099729749
4/27/2006,8.927006268
4/28/2006,8.369075425
5/1/2006,8.364270279
5/2/2006,8.646966928
5/3/2006,8.555577617
5/4/2006,8.391983429
5/5/2006,7.804009506
5/8/2006,7.99392375
5/9/2006,8.153124392
5/10/2006,7.947334076
5/11/2006,8.644483144
5/12/2006,8.430226585
5/15/2006,9.163228262
5/16/2006,8.373088911
5/17/2006,9.089858028
5/18/2006,9.027797441
5/19/2006,9.301458248
5/22/2006,9.389579594
5/23/2006,9.095394723
5/24/2006,8.685518641
5/25/2006,8.994757071
5/26/2006,
5/30/2006,10.11958964
5/31/2006,8.503726866
6/1/2006,8.087118095
6/2/2006,8.799167498
6/5/2006,7.751469094
6/6/2006,8.168881497
6/7/2006,7.885512287
6/8/2006,8.306055665
6/9/2006,7.543830374
6/12/2006,7.870349633
6/13/2006,7.817622459
6/14/2006,8.020307027
6/15/2006,7.786153488
6/16/2006,8.059626985
6/19/2006,8.126209634
6/20/2006,7.492587828
6/21/2006,7.599063071
6/22/2006,8.246024649
6/23/2006,
6/26/2006,9.957050455
6/27/2006,8.291304079
6/28/2006,7.745095647
6/29/2006,8.188553445
6/30/2006,8.096038275
7/3/2006,8.575263362
7/5/2006,8.385782445
7/6/2006,7.85816888
7/7/2006,8.215441243
7/10/2006,8.342649281
7/11/2006,7.672746989
7/12/2006,7.805533081
7/13/2006,8.348863249
7/14/2006,8.278503342
7/17/2006,8.454297012
7/18/2006,8.711214204
7/19/2006,8.202168558
7/20/2006,8.057334579
7/21/2006,
7/24/2006,8.512232982
7/25/2006,8.152655132
7/26/2006,7.968896775
7/27/2006,7.930204554
7/28/2006,7.529860119
7/31/2006,7.973559766
8/1/2006,8.07309455
8/2/2006,9.22265361
8/3/2006,8.127303641
8/4/2006,7.829710826
8/7/2006,7.250536661
8/8/2006,7.372191174
8/9/2006,7.254056378
8/10/2006,7.189423953
8/11/2006,8.120707091
8/14/2006,7.19930552
8/15/2006,7.275274654
8/16/2006,7.439349817
8/17/2006,7.247551444
8/18/2006,7.117388407
8/21/2006,6.712707713
8/22/2006,6.650177345
8/23/2006,6.787059801
8/24/2006,6.513186894
8/25/2006,
8/28/2006,6.639024602
8/29/2006,7.374568803
8/30/2006,7.173419572
8/31/2006,6.893626733
9/1/2006,6.436390831
9/5/2006,6.714247711
9/6/2006,6.426782483
9/7/2006,6.405849168
9/8/2006,6.766199408
9/11/2006,6.494956142
9/12/2006,7.017316235
9/13/2006,7.213886283
9/14/2006,8.067856911
9/15/2006,6.926116387
9/18/2006,6.648453118
9/19/2006,6.560784391
9/20/2006,6.3762988
9/21/2006,6.661583549
9/22/2006,
9/25/2006,7.525329465
9/26/2006,7.512358856
9/27/2006,7.370599683
9/28/2006,6.576558503
9/29/2006,6.577622348
10/2/2006,7.41218656
10/3/2006,7.29974516
10/4/2006,6.622172264
10/5/2006,6.710305554
10/6/2006,7.035808867
10/10/2006,6.875290001
10/11/2006,7.165577386
10/12/2006,7.153692854
10/13/2006,6.713285397
10/16/2006,8.197661011
10/17/2006,7.37055816
10/18/2006,6.85716217
10/19/2006,6.686571409
10/20/2006,7.275936117
10/23/2006,7.23096872
10/24/2006,7.197789946
10/25/2006,7.555345489
10/26/2006,7.002861039
10/27/2006,
10/30/2006,7.562642488
10/31/2006,7.658554065
11/1/2006,7.675703915
11/2/2006,7.57666681
11/3/2006,6.909887594
11/6/2006,6.977698367
11/7/2006,6.821386231
11/8/2006,8.035143619
11/9/2006,7.980625765
11/10/2006,7.298260117
11/13/2006,7.711473332
11/14/2006,7.059366569
11/15/2006,7.51697996
11/16/2006,6.705757751
11/17/2006,7.162655376
11/20/2006,6.959671789
11/21/2006,6.355948099
11/22/2006,6.730597086
11/24/2006,7.614039852
11/27/2006,7.671263025
11/28/2006,7.717129386
11/29/2006,7.485686761
11/30/2006,7.2203587
12/1/2006,7.657722694
12/4/2006,7.639106763
12/5/2006,7.270843375
12/6/2006,6.990089891
12/7/2006,7.476699754
12/8/2006,6.731706126
12/11/2006,7.158594585
12/12/2006,6.964995892
12/13/2006,6.945211819
12/14/2006,6.983880824
12/15/2006,6.867668467
12/18/2006,6.663340885
12/19/2006,7.879214667
12/20/2006,7.844251171
12/21/2006,6.172190542
12/22/2006,6.777507813
12/26/2006,7.74761703
12/27/2006,7.617923074
12/28/2006,9.126866583
12/29/2006,7.464738041
1/2/2007,8.096125233
1/3/2007,8.173178513
1/4/2007,7.503668389
1/5/2007,7.133596233
1/8/2007,7.118256417
1/9/2007,7.047364956
1/10/2007,7.624282119
1/11/2007,7.044823764
1/12/2007,7.614557547
1/16/2007,7.407414621
1/17/2007,8.541384081
1/18/2007,7.208624135
1/19/2007,7.094666691
1/22/2007,7.097570762
1/23/2007,6.784482263
1/24/2007,6.776204734
1/25/2007,7.359030194
1/26/2007,
1/29/2007,6.949799427
1/30/2007,6.961712304
1/31/2007,6.877548796
2/1/2007,6.854605848
2/2/2007,6.49924905
2/5/2007,6.488602097
2/6/2007,7.013820259
2/7/2007,7.005319512
2/8/2007,6.461110251
2/9/2007,6.648984643
2/12/2007,7.063205656
2/13/2007,7.138561431
2/14/2007,7.067762249
2/15/2007,6.995648885
2/16/2007,7.379777418
2/20/2007,8.987289552
2/21/2007,6.893270401
2/22/2007,6.761684409
2/23/2007,
2/26/2007,7.272171383
2/27/2007,7.97330547
2/28/2007,8.206294751
3/1/2007,8.373050611
3/2/2007,8.824244437
3/5/2007,8.69469344
3/6/2007,8.010710953
3/7/2007,8.061995921
3/8/2007,7.842129356
3/9/2007,7.495447332
3/12/2007,7.937553358
3/13/2007,7.571042283
3/14/2007,8.210372454
3/15/2007,8.13623347
3/16/2007,8.020368622
3/19/2007,7.703225016
3/20/2007,7.727672965
3/21/2007,7.365004466
3/22/2007,6.813287217
3/23/2007,
3/26/2007,7.480449031
3/27/2007,8.088800577
3/28/2007,8.111110109
3/29/2007,8.153884464
3/30/2007,7.713490199
4/2/2007,7.400297896
4/3/2007,7.280485536
4/4/2007,7.230186043
4/5/2007,7.111091897
4/6/2007,6.833965285
4/9/2007,6.943659564
4/10/2007,8.183373784
4/11/2007,7.233123795
4/12/2007,7.150925294
4/13/2007,6.803899472
4/16/2007,7.295881827
4/17/2007,6.832143204
4/18/2007,7.251805933
4/19/2007,6.813155327
4/20/2007,
4/23/2007,7.587073345
4/24/2007,7.849872569
4/25/2007,7.975851649
4/26/2007,7.371836301
4/27/2007,7.570851286
4/30/2007,7.754237631
5/1/2007,7.623647916
5/2/2007,7.516144394
5/3/2007,7.168451124
5/4/2007,7.087452686
5/7/2007,7.056568045
5/8/2007,7.006104985
5/9/2007,6.371881627
5/10/2007,6.512543435
5/11/2007,6.255108653
5/14/2007,6.190776951
5/15/2007,6.409198187
5/16/2007,6.430909354
5/17/2007,6.153783659
5/18/2007,6.809477643
5/21/2007,6.150581688
5/22/2007,6.66083602
5/23/2007,6.311277611
5/24/2007,6.119600957
5/25/2007,
5/29/2007,6.481377675
5/30/2007,6.92520041
5/31/2007,7.192471466
6/1/2007,7.016495983
6/4/2007,7.114461494
6/5/2007,6.681298745
6/6/2007,6.747140861
6/7/2007,8.037080885
6/8/2007,8.883945674
6/11/2007,9.207315968
6/12/2007,9.911752792
6/13/2007,9.810043071
6/14/2007,9.73998318
6/15/2007,8.139415183
6/18/2007,8.421960516
6/19/2007,7.66259793
6/20/2007,8.570091227
6/21/2007,8.51588689
6/22/2007,
6/25/2007,8.3486465
6/26/2007,9.789484944
6/27/2007,8.740762829
6/28/2007,8.81543419
6/29/2007,8.707879805
7/2/2007,8.172525745
7/3/2007,8.42074141
7/5/2007,8.966573031
7/6/2007,8.14619798
7/9/2007,8.204461149
7/10/2007,8.707240049
7/11/2007,8.427540115
7/12/2007,9.018309144
7/13/2007,8.980334577
7/16/2007,8.716214191
7/17/2007,8.142276612
7/18/2007,8.543108777
7/19/2007,8.541117448
7/20/2007,8.124501036
7/23/2007,8.21247685
7/24/2007,9.07273851
7/25/2007,9.551574907
7/26/2007,11.36383935
7/27/2007,
7/30/2007,10.57833443
7/31/2007,9.601711017
8/1/2007,9.981650472
8/2/2007,9.664159725
8/3/2007,9.989263983
8/6/2007,9.609444764
8/7/2007,9.227062842
8/8/2007,9.409079568
8/9/2007,9.809808172
8/10/2007,9.879464412
8/13/2007,9.734697524
8/14/2007,9.9179248
8/15/2007,8.838757469
8/16/2007,10.28348088
8/17/2007,9.323198686
8/20/2007,10.24454427
8/21/2007,9.529026215
8/22/2007,9.029839405
8/23/2007,9.278812148
8/24/2007,
8/27/2007,8.936457092
8/28/2007,9.438269959
8/29/2007,9.430619288
8/30/2007,9.678785051
8/31/2007,9.54676364
9/4/2007,9.227952406
9/5/2007,9.337264532
9/6/2007,9.371999241
9/7/2007,9.002394747
9/10/2007,10.58671685
9/11/2007,10.28809551
9/12/2007,10.67128864
9/13/2007,10.74559298
9/14/2007,10.58410874
9/17/2007,10.7455447
9/18/2007,10.817662
9/19/2007,9.366534095
9/20/2007,9.335658102
9/21/2007,
9/24/2007,9.821931809
9/25/2007,10.05086009
9/26/2007,9.935315497
9/27/2007,9.303318569
9/28/2007,9.22530245
10/1/2007,9.892161647
10/2/2007,9.489050685
10/3/2007,9.599587794
10/4/2007,8.947009916
10/5/2007,8.989466452
10/9/2007,9.172540042
10/10/2007,8.945529833
10/11/2007,8.65059086
10/12/2007,8.136511147
10/15/2007,8.6682827
10/16/2007,8.188210023
10/17/2007,8.925629833
10/18/2007,8.329898265
10/19/2007,8.443428953
10/22/2007,8.562933365
10/23/2007,8.584807688
10/24/2007,9.929026238
10/25/2007,9.673964667
10/26/2007,
10/29/2007,10.13531635
10/30/2007,9.870954865
10/31/2007,9.871509189
11/1/2007,9.772763782
11/2/2007,10.07137786
11/5/2007,9.967028955
11/6/2007,10.2295537
11/7/2007,10.94497067
11/8/2007,11.21216317
11/9/2007,10.75082087
11/13/2007,10.57549238
11/14/2007,10.43588098
11/15/2007,10.59360123
11/16/2007,9.784058343
11/19/2007,10.36875907
11/20/2007,10.5604614
11/21/2007,11.85120087
11/23/2007,12.20305604
11/26/2007,13.00848895
11/27/2007,13.63823496
11/28/2007,12.85118062
11/29/2007,13.06478026
11/30/2007,12.31541395
12/3/2007,13.07957516
12/4/2007,13.42283091
12/5/2007,13.45785082
12/6/2007,13.08007594
12/7/2007,12.62854843
12/10/2007,13.40322165
12/11/2007,13.07528878
12/12/2007,13.10221649
12/13/2007,13.36629837
12/14/2007,12.80493108
12/17/2007,12.46436727
12/18/2007,12.57828973
12/19/2007,13.06787912
12/20/2007,13.63262348
12/21/2007,
12/24/2007,14.10288724
12/26/2007,13.1091889
12/27/2007,12.87724552
12/28/2007,13.07130689
12/31/2007,13.73893871
1/2/2008,13.49856664
1/3/2008,13.15969943
1/4/2008,12.451985
1/7/2008,12.35835022
1/8/2008,12.31873024
1/9/2008,12.45237709
1/10/2008,12.34308541
1/11/2008,12.51654944
1/14/2008,12.64537749
1/15/2008,12.91993857
1/16/2008,12.7491014
1/17/2008,12.90505072
1/18/2008,13.25626057
1/22/2008,15.18829816
1/23/2008,16.33929476
1/24/2008,17.27740828
1/25/2008,
1/28/2008,16.43848282
1/29/2008,15.49902471
1/30/2008,14.44395872
1/31/2008,15.02458986
2/1/2008,16.28896886
2/4/2008,14.29491123
2/5/2008,15.14693848
2/6/2008,14.71970893
2/8/2008,15.69147465
2/11/2008,15.38301573
2/12/2008,15.18214773
2/13/2008,15.19756726
2/14/2008,15.81132354
2/15/2008,16.01022219
2/19/2008,16.29190751
2/20/2008,16.59212672
2/21/2008,16.59398723
2/22/2008,
2/25/2008,16.67139507
2/26/2008,15.60378298
2/27/2008,15.60526703
2/28/2008,15.5856281
2/29/2008,16.5854043
3/3/2008,16.52244543
3/4/2008,17.5207684
3/5/2008,16.52378299
3/6/2008,16.96369812
3/7/2008,17.02549628
3/10/2008,17.46535866
3/11/2008,16.32869816
3/12/2008,16.09631415
3/13/2008,16.21136632
3/14/2008,17.10268209
3/17/2008,17.99452959
3/18/2008,15.88432868
3/19/2008,16.09187595
3/20/2008,
3/24/2008,16.44332107
3/25/2008,16.28482316
3/26/2008,16.42157599
3/27/2008,15.42059441
3/28/2008,15.02850507
3/31/2008,15.20286909
4/1/2008,14.5137564
4/2/2008,14.02179334
4/3/2008,13.78829318
4/4/2008,12.63802244
4/7/2008,12.29575179
4/8/2008,12.31785119
4/9/2008,12.54580286
4/10/2008,12.8386183
4/11/2008,12.87296266
4/14/2008,13.0486235
4/15/2008,13.59248438
4/16/2008,13.95317011
4/17/2008,14.28052882
4/18/2008,12.63312872
4/21/2008,13.17788939
4/22/2008,12.80487635
4/23/2008,13.59433755
4/24/2008,12.94017946
4/25/2008,
4/28/2008,12.68442586
4/29/2008,13.3048139
4/30/2008,13.02932026
5/1/2008,12.28092961
5/2/2008,12.34610589
5/5/2008,12.88008588
5/6/2008,12.67646375
5/7/2008,13.08777616
5/8/2008,13.23023308
5/9/2008,12.75225384
5/12/2008,12.75006185
5/13/2008,13.15038001
5/14/2008,12.86858337
5/15/2008,12.18317946
5/16/2008,11.65501423
5/19/2008,12.03893344
5/20/2008,11.95908408
5/21/2008,11.36383549
5/22/2008,11.92072924
5/23/2008,
5/27/2008,12.96815919
5/29/2008,13.66063889
5/30/2008,13.25824847
6/2/2008,13.45959206
6/3/2008,13.47522691
6/4/2008,12.64812947
6/5/2008,13.24739201
6/6/2008,13.63256136
6/9/2008,14.97708878
6/10/2008,14.65295702
6/11/2008,14.15318761
6/12/2008,13.87706081
6/13/2008,11.15942047
6/16/2008,13.31128265
6/17/2008,12.88441613
6/18/2008,12.98022072
6/19/2008,12.06935581
6/20/2008,
6/23/2008,11.95206856
6/24/2008,10.89517924
6/25/2008,11.10028365
6/26/2008,11.10478511
6/27/2008,10.26884989
6/30/2008,10.36172671
7/1/2008,11.94504133
7/2/2008,11.40018154
7/3/2008,11.25470902
7/7/2008,11.16439024
7/8/2008,11.25276959
7/9/2008,10.46664059
7/10/2008,10.84168481
7/11/2008,12.93743414
7/14/2008,13.00077993
7/15/2008,13.14467901
7/16/2008,12.75696809
7/17/2008,12.91480805
7/18/2008,13.18004294
7/21/2008,12.88885237
7/22/2008,11.90816893
7/23/2008,12.32165641
7/24/2008,11.78785539
7/25/2008,
7/28/2008,12.12691812
7/29/2008,12.18371453
7/30/2008,12.29385293
7/31/2008,12.03648649
8/1/2008,11.68974773
8/4/2008,11.67709541
8/5/2008,11.20609629
8/6/2008,11.61096787
8/7/2008,11.2331327
8/8/2008,10.76215863
8/11/2008,11.7466354
8/12/2008,11.34380388
8/13/2008,12.07760718
8/14/2008,12.13815722
8/15/2008,11.67242053
8/18/2008,12.5079483
8/19/2008,11.84688288
8/20/2008,12.01123957
8/21/2008,11.80436396
8/22/2008,
8/25/2008,11.48995768
8/26/2008,11.31212087
8/27/2008,10.84835611
8/28/2008,10.74675608
8/29/2008,10.6209115
9/2/2008,10.96424127
9/3/2008,10.93142426
9/4/2008,11.09965219
9/5/2008,10.73396967
9/8/2008,12.10048645
9/9/2008,13.26985716
9/10/2008,13.1644974
9/11/2008,13.42647861
9/12/2008,13.38204229
9/15/2008,15.6845892
9/16/2008,17.7503055
9/17/2008,18.59622794
9/18/2008,18.59317519
9/19/2008,16.52441897
9/22/2008,17.31309217
9/23/2008,16.904294
9/24/2008,17.17553611
9/25/2008,17.12508528
9/26/2008,
9/29/2008,18.86634711
9/30/2008,19.08297279
10/1/2008,17.97039201
10/2/2008,17.69617492
10/3/2008,17.14272585
10/6/2008,20.19851886
10/7/2008,20.13114198
10/8/2008,20.27794985
10/9/2008,21.00134607
10/10/2008,23.64096016
10/13/2008,22.53217455
10/14/2008,20.41296969
10/15/2008,20.18876385
10/16/2008,20.25285363
10/17/2008,18.98408041
10/20/2008,18.39243443
10/21/2008,19.05901574
10/22/2008,20.33664226
10/23/2008,23.88784366
10/24/2008,
10/27/2008,23.28775869
11/4/2008,20.01580185
11/5/2008,20.76432226
11/6/2008,21.25849773
11/7/2008,19.95244127
11/10/2008,20.46891435
11/11/2008,20.78640525
11/12/2008,21.79888241
11/13/2008,21.76594127
11/14/2008,22.53932978
11/17/2008,23.09690925
11/18/2008,22.70998631
11/19/2008,24.53124284
11/20/2008,26.93680686
11/21/2008,
11/26/2008,28.35950024
11/28/2008,27.25943828
12/1/2008,28.28168409
12/2/2008,25.89120451
12/3/2008,25.86532313
12/4/2008,26.44588706
12/5/2008,26.69288927
12/8/2008,27.24986643
12/9/2008,26.80497541
12/10/2008,27.09634532
12/11/2008,26.85221364
12/12/2008,26.57219342
12/15/2008,26.60077227
12/16/2008,25.62439622
12/17/2008,23.4040975
12/18/2008,22.27279074
12/19/2008,22.89482724
12/22/2008,24.64156914
12/23/2008,24.59446988
12/24/2008,24.94542832
12/26/2008,24.01024457
12/29/2008,25.51231531
12/30/2008,24.40815465
12/31/2008,25.10359177
1/2/2009,26.67575671
1/5/2009,25.12115834
1/6/2009,23.90869152
1/7/2009,22.44272124
1/8/2009,23.26880483
1/9/2009,21.84608257
1/12/2009,22.05668806
1/13/2009,20.8043486
1/14/2009,19.94974598
1/15/2009,21.45511093
1/16/2009,23.59892036
1/20/2009,25.72491306
1/21/2009,27.12179089
1/22/2009,27.89199076
1/23/2009,
1/27/2009,25.15494969
1/29/2009,24.65708367
1/30/2009,26.07125965
2/2/2009,27.20277506
2/3/2009,28.00666288
2/4/2009,27.98633642
2/5/2009,27.62016856
2/9/2009,27.37050359
2/10/2009,27.52060875
2/11/2009,24.50099709
2/12/2009,24.65757164
2/13/2009,25.99087104
2/17/2009,26.54690969
2/18/2009,26.61781439
2/19/2009,27.32821669
2/20/2009,
2/23/2009,28.00440899
2/24/2009,26.79914049
2/25/2009,25.98270569
2/26/2009,23.81673227
2/27/2009,24.33192416
3/2/2009,20.80133043
3/3/2009,26.30972938
3/4/2009,17.96576729
3/5/2009,24.74341684
3/6/2009,24.01750125
3/9/2009,24.31047848
3/10/2009,23.35099518
3/11/2009,23.32466933
3/12/2009,23.86584652
3/13/2009,24.07435851
3/16/2009,24.38604647
3/17/2009,25.97211586
3/18/2009,24.29417323
3/19/2009,19.25262036
3/20/2009,19.11842549
3/23/2009,19.5650666
3/24/2009,19.48287876
3/25/2009,20.1265355
3/26/2009,19.42975363
3/27/2009,
3/30/2009,18.89931411
3/31/2009,17.89441267
4/1/2009,16.93891702
4/2/2009,16.70347419
4/3/2009,18.25096366
4/6/2009,18.89977803
4/7/2009,18.07146721
4/8/2009,17.01599026
4/9/2009,17.2884662
4/13/2009,17.14458601
4/14/2009,16.39399255
4/15/2009,16.33313414
4/16/2009,16.64956247
4/17/2009,16.56704134
4/20/2009,17.58835804
4/21/2009,18.31521625
4/22/2009,18.67990011
4/23/2009,18.3523552
4/24/2009,
4/27/2009,18.59143183
4/28/2009,19.30011238
4/29/2009,18.6218598
4/30/2009,19.24771134
5/1/2009,19.35739748
5/4/2009,19.91645637
5/5/2009,18.55256085
5/6/2009,18.26481705
5/7/2009,18.62805997
5/8/2009,19.16296762
5/11/2009,19.72191375
5/12/2009,19.21879507
5/13/2009,18.89596995
5/14/2009,18.05942903
5/15/2009,17.78206302
5/18/2009,18.15193372
5/19/2009,18.17010634
5/20/2009,18.02198577
5/21/2009,20.04949731
5/22/2009,
5/27/2009,23.29857448
5/28/2009,22.70434949
5/29/2009,21.68906548
6/1/2009,24.20321728
6/2/2009,23.1354048
6/3/2009,21.40758168
6/4/2009,21.29750053
6/5/2009,20.47715293
6/8/2009,21.548779
6/9/2009,21.33595227
6/10/2009,20.79706917
6/11/2009,20.75892399
6/12/2009,20.12814402
6/15/2009,19.80240488
6/16/2009,20.1288889
6/17/2009,19.98329406
6/18/2009,21.47973388
6/19/2009,20.85671859
6/22/2009,20.82457364
6/23/2009,19.74428973
6/24/2009,19.13223761
6/25/2009,16.91233062
6/26/2009,
6/29/2009,18.64416782
6/30/2009,18.23092414
7/1/2009,18.28500134
7/2/2009,16.64115645
7/6/2009,17.70786391
7/7/2009,18.01068561
7/8/2009,18.40507156
7/9/2009,18.10282284
7/10/2009,18.47367678
7/13/2009,19.12791373
7/14/2009,20.11968844
7/15/2009,19.88528378
7/16/2009,19.22116759
7/17/2009,19.23769779
7/20/2009,19.16582678
7/21/2009,18.40281207
7/22/2009,17.45350474
7/23/2009,18.39423632
7/24/2009,
7/27/2009,18.64538275
7/28/2009,17.58086746
7/29/2009,16.62887671
7/30/2009,16.71348799
7/31/2009,16.83345944
8/3/2009,17.95030809
8/4/2009,18.08310908
8/5/2009,18.11957155
8/6/2009,18.21365228
8/7/2009,17.92358683
8/10/2009,17.57858027
8/11/2009,17.96729218
8/12/2009,17.749741
8/13/2009,17.02143815
8/14/2009,16.85459927
8/17/2009,17.77937895
8/18/2009,16.87674764
8/19/2009,17.22077394
8/20/2009,16.30437751
8/21/2009,
8/24/2009,16.17577334
8/25/2009,15.68097249
8/26/2009,15.12952964
8/27/2009,14.54044242
8/28/2009,14.81320166
8/31/2009,15.23604225
9/1/2009,16.04040781
9/2/2009,15.20373488
9/3/2009,15.13642012
9/4/2009,15.26161005
9/8/2009,15.6477913
9/9/2009,15.50085282
9/10/2009,15.14365809
9/11/2009,15.32880357
9/14/2009,15.92881709
9/15/2009,15.27748221
9/16/2009,16.07854191
9/17/2009,15.91808909
9/18/2009,15.43185948
9/21/2009,15.84980782
9/22/2009,15.80163704
9/23/2009,15.18893336
9/24/2009,14.29301945
9/25/2009,
9/28/2009,15.02604096
9/29/2009,14.83285993
9/30/2009,15.12308003
10/1/2009,15.03072903
10/2/2009,13.89821228
10/5/2009,13.92610963
10/6/2009,14.26566991
10/7/2009,13.65446645
10/8/2009,13.98514105
10/9/2009,15.00619641
10/12/2009,15.24246495
10/13/2009,15.32394112
10/14/2009,15.76111015
10/15/2009,16.62850618
10/16/2009,16.67211458
10/19/2009,15.78866035
10/20/2009,15.2572735
10/21/2009,15.83045339
10/22/2009,15.65518924
10/23/2009,
10/26/2009,14.97932036
10/27/2009,15.61672644
10/28/2009,15.14114402
10/29/2009,13.69594396
10/30/2009,15.47154749
11/2/2009,15.4482209
11/3/2009,15.7316092
11/4/2009,12.94100762
11/5/2009,15.02193299
11/6/2009,14.29379869
11/9/2009,14.43506674
11/10/2009,14.60596811
11/11/2009,13.83013969
11/12/2009,14.01155086
11/13/2009,13.69780213
11/16/2009,12.86504309
11/17/2009,12.56222595
11/18/2009,12.57241216
11/19/2009,12.35153375
11/20/2009,
11/23/2009,11.54367248
11/24/2009,11.29530123
11/25/2009,11.78084111
11/27/2009,12.33721141
11/30/2009,12.42079142
12/1/2009,12.8149352
12/2/2009,12.4885572
12/3/2009,12.73286043
12/4/2009,12.70813519
12/7/2009,12.67315209
12/8/2009,12.17236588
12/9/2009,11.69240105
12/10/2009,11.80313209
12/11/2009,12.74503285
12/14/2009,12.18808833
12/15/2009,12.02352653
12/16/2009,11.26457716
12/17/2009,11.78234823
12/18/2009,11.19215935
12/21/2009,11.7345075
12/22/2009,12.01305827
12/23/2009,11.41958202
12/24/2009,
12/28/2009,13.62550016
12/29/2009,13.250302
12/30/2009,12.70265019
12/31/2009,12.5373849
1/4/2010,13.75964064
1/5/2010,13.22979383
1/6/2010,13.26924494
1/7/2010,13.56710889
1/8/2010,13.15275275
1/11/2010,12.93104366
1/12/2010,13.44085399
1/13/2010,13.40481135
1/14/2010,13.0650315
1/15/2010,12.65487258
1/19/2010,12.86777189
1/20/2010,12.24477764
1/21/2010,12.12662632
1/22/2010,
1/25/2010,12.86647505
1/26/2010,12.34441909
1/27/2010,12.30881722
1/28/2010,11.97905166
1/29/2010,11.90962181
2/1/2010,12.2398052
2/2/2010,11.66639221
2/3/2010,11.90932604
2/4/2010,12.3031167
2/5/2010,12.36691897
2/8/2010,12.47593658
2/9/2010,12.62800453
2/10/2010,12.81624199
2/11/2010,12.58965244
2/12/2010,11.87265855
2/16/2010,12.28905498
2/17/2010,12.41517952
2/18/2010,11.98372712
2/19/2010,
2/22/2010,11.47489771
2/23/2010,10.27157475
2/24/2010,10.27670745
2/25/2010,10.48443164
2/26/2010,10.47157401
3/1/2010,10.63579979
3/2/2010,10.13593794
3/3/2010,10.04266282
3/4/2010,9.980582773
3/5/2010,9.833528307
3/8/2010,9.723523939
3/9/2010,9.825863927
3/10/2010,9.651006656
3/11/2010,9.849870337
3/12/2010,9.599825016
3/15/2010,9.786644182
3/16/2010,9.627868548
3/17/2010,9.605447285
3/18/2010,9.953228812
3/19/2010,9.951528372
3/22/2010,9.993696542
3/23/2010,9.985689341
3/24/2010,10.87515556
3/25/2010,10.95463861
3/26/2010,
3/29/2010,10.71893524
3/30/2010,10.90523158
3/31/2010,10.33829393
4/1/2010,11.21551717
4/2/2010,10.99611713
4/5/2010,10.54586418
4/6/2010,10.52707102
4/7/2010,10.809085
4/8/2010,10.62719276
4/9/2010,10.68278827
4/12/2010,10.83576841
4/13/2010,10.72709185
4/14/2010,10.52685367
4/15/2010,10.26083287
4/16/2010,10.62750907
4/19/2010,10.44859685
4/20/2010,10.74115309
4/21/2010,10.34249372
4/22/2010,9.950894723
4/23/2010,
4/26/2010,10.76097733
4/27/2010,11.22335228
4/28/2010,12.270445
4/29/2010,10.48345934
4/30/2010,10.69210988
5/3/2010,11.04758805
5/4/2010,12.03665285
5/5/2010,13.16150743
5/6/2010,16.29220218
5/7/2010,17.70572237
5/10/2010,15.42009725
5/11/2010,14.4521691
5/12/2010,14.34815149
5/13/2010,14.88654171
5/14/2010,15.70744389
5/17/2010,15.65737931
5/18/2010,16.19099302
5/19/2010,15.98092693
5/20/2010,17.58347645
5/21/2010,
5/24/2010,16.19386327
5/25/2010,17.39002484
5/26/2010,15.64794182
5/27/2010,15.48970999
5/28/2010,16.00612083
6/1/2010,16.48300029
6/2/2010,15.49777984
6/3/2010,15.26476666
6/4/2010,15.28528633
6/7/2010,16.10938799
6/8/2010,17.02188671
6/9/2010,16.34217061
6/10/2010,15.43985896
6/11/2010,15.25960924
6/14/2010,15.14891223
6/15/2010,14.65018895
6/16/2010,14.29800452
6/17/2010,14.1828831
6/18/2010,14.15783607
6/21/2010,13.73635711
6/22/2010,13.55144652
6/23/2010,13.28768824
6/24/2010,13.33525815
6/25/2010,
6/28/2010,13.46510813
6/29/2010,14.12773052
6/30/2010,13.52931296
7/1/2010,14.04457727
7/2/2010,12.72360587
7/6/2010,13.01133911
7/7/2010,12.25178664
7/8/2010,12.60780939
7/9/2010,12.05113592
7/12/2010,12.11661193
7/13/2010,12.45341675
7/14/2010,12.46918535
7/15/2010,12.32190659
7/16/2010,12.13457048
7/19/2010,12.32098593
7/20/2010,12.1086694
7/21/2010,12.11398948
7/22/2010,11.85333007
7/23/2010,
7/26/2010,11.40001486
7/27/2010,12.32402726
7/28/2010,11.9745006
7/29/2010,11.97891908
7/30/2010,13.08511307
8/2/2010,13.3131989
8/3/2010,13.95225424
8/4/2010,13.80581589
8/5/2010,13.17734128
8/6/2010,13.02906809
8/9/2010,13.46145643
8/10/2010,13.16051587
8/11/2010,12.56126124
8/12/2010,13.20939383
8/13/2010,12.60913174
8/16/2010,14.1446697
8/17/2010,14.21885733
8/18/2010,14.21130796
8/19/2010,15.13913699
8/20/2010,15.56699461
8/23/2010,15.86533671
8/24/2010,16.08919619
8/25/2010,17.10912877
8/26/2010,17.66899583
8/27/2010,
8/30/2010,18.09664144
8/31/2010,17.76594045
9/1/2010,17.61662753
9/2/2010,17.50956184
9/3/2010,16.19235098
9/7/2010,16.63045419
9/8/2010,16.11950962
9/9/2010,16.40665686
9/10/2010,16.81338215
9/13/2010,16.40083956
9/14/2010,16.57987165
9/15/2010,16.69708375
9/16/2010,16.57261139
9/17/2010,16.65919657
9/20/2010,17.10209228
9/21/2010,15.33290751
9/22/2010,14.99075765
9/23/2010,14.90356255
9/24/2010,
9/27/2010,14.94660433
9/28/2010,15.10856813
9/29/2010,14.92931832
9/30/2010,15.06635771
10/1/2010,14.8076331
10/4/2010,15.00892763
10/5/2010,14.63328603
10/6/2010,14.62629254
10/7/2010,14.51915979
10/8/2010,13.29674649
10/12/2010,13.90280219
10/13/2010,14.39590921
10/14/2010,15.00352336
10/15/2010,15.34541606
10/18/2010,15.04164168
10/19/2010,14.97476688
10/20/2010,14.9955646
10/21/2010,14.89479502
10/22/2010,
10/25/2010,15.42058069
10/26/2010,16.51709541
10/27/2010,15.99306609
10/28/2010,16.04726735
10/29/2010,16.75482404
11/1/2010,16.14417741
11/2/2010,16.07477955
11/3/2010,14.20157895
11/4/2010,13.85700093
11/5/2010,13.49371232
11/8/2010,13.83915489
11/9/2010,14.21530131
11/10/2010,14.29849268
11/11/2010,14.75829985
11/12/2010,15.25392218
11/15/2010,15.79734925
11/16/2010,15.3692648
11/17/2010,15.26439931
11/18/2010,15.92829368
11/19/2010,15.17363552
11/22/2010,15.23208417
11/23/2010,15.0184773
11/24/2010,15.68933809
11/26/2010,
11/29/2010,16.05663692
11/30/2010,15.37336976
12/1/2010,16.21030858
12/2/2010,15.8089361
12/3/2010,14.93747096
12/6/2010,14.94586521
12/7/2010,13.80541368
12/8/2010,15.26865194
12/9/2010,14.61526698
12/10/2010,14.77859407
12/13/2010,15.03487889
12/14/2010,15.8967982
12/15/2010,16.17402251
12/16/2010,16.39216539
12/17/2010,14.28027204
12/20/2010,14.14055427
12/21/2010,12.95471579
12/22/2010,13.24390708
12/23/2010,
12/27/2010,13.1897612
12/28/2010,14.22548532
12/29/2010,14.28415105
12/30/2010,14.88559947
12/31/2010,14.83391015
1/3/2011,14.96293798
1/4/2011,14.83404569
1/5/2011,15.33704179
1/6/2011,15.59975517
1/7/2011,14.60028783
1/10/2011,14.27004213
1/11/2011,14.26926524
1/12/2011,13.91203445
1/13/2011,14.03481265
1/14/2011,14.05136137
1/18/2011,15.00969299
1/19/2011,14.49386999
1/20/2011,14.97492221
1/21/2011,
1/24/2011,13.79072393
1/25/2011,14.02848401
1/26/2011,14.42330071
1/27/2011,13.96516257
1/28/2011,14.45829646
1/31/2011,15.07368471
2/1/2011,14.90910754
2/2/2011,10.92040794
2/3/2011,10.98374652
2/4/2011,14.05687393
2/7/2011,14.01812913
2/8/2011,13.4087933
2/9/2011,12.74892391
2/10/2011,13.0104264
2/11/2011,12.39160262
2/14/2011,12.43555248
2/15/2011,12.40535529
2/16/2011,12.54141302
2/17/2011,12.44339612
2/18/2011,
2/23/2011,13.3819236
2/24/2011,13.77499483
2/25/2011,13.22099129
2/28/2011,13.0267657
3/1/2011,13.21380895
3/2/2011,13.45654048
3/3/2011,13.02013608
3/4/2011,12.41022201
3/7/2011,12.44211668
3/8/2011,12.53892095
3/9/2011,12.13728499
3/10/2011,12.31106862
3/11/2011,11.73258643
3/14/2011,12.41040556
3/15/2011,13.13763151
3/16/2011,15.15054052
3/17/2011,14.45261691
3/18/2011,13.92974019
3/21/2011,13.16659706
3/22/2011,12.19554384
3/23/2011,12.21055804
3/24/2011,11.96595221
3/25/2011,
3/29/2011,12.16859487
3/30/2011,11.75024435
3/31/2011,11.80054447
4/1/2011,11.08155182
4/4/2011,11.44102632
4/5/2011,11.8858069
4/6/2011,11.89488736
4/7/2011,11.95588459
4/8/2011,12.16808909
4/11/2011,11.80748711
4/12/2011,11.633054
4/13/2011,11.96847038
4/14/2011,11.64462811
4/15/2011,11.75775105
4/18/2011,12.19308749
4/19/2011,11.70152438
4/20/2011,11.53867789
4/21/2011,
4/26/2011,12.29556334
4/27/2011,11.94964233
4/28/2011,11.4681366
4/29/2011,11.00739388
5/2/2011,11.53501687
5/3/2011,11.62253791
5/4/2011,12.22374794
5/5/2011,12.17142838
5/6/2011,12.64505241
5/9/2011,12.95762621
5/10/2011,12.84628663
5/11/2011,12.84903373
5/12/2011,12.4150696
5/13/2011,11.94685014
5/16/2011,12.18403636
5/17/2011,11.79413023
5/18/2011,11.13414979
5/19/2011,11.10564415
5/20/2011,
5/24/2011,10.32843433
5/25/2011,10.37484038
5/26/2011,10.54108585
5/27/2011,11.10287041
5/31/2011,11.42380253
6/1/2011,12.13115614
6/2/2011,12.55135769
6/3/2011,11.72857817
6/6/2011,12.28335189
6/7/2011,12.15461752
6/8/2011,12.29932266
6/9/2011,12.01585197
6/10/2011,12.2922327
6/13/2011,12.26596482
6/14/2011,12.58996804
6/15/2011,13.84827559
6/16/2011,13.98233346
6/17/2011,14.21400188
6/20/2011,14.05105231
6/21/2011,13.82061876
6/22/2011,12.91641786
6/23/2011,13.79230741
6/24/2011,
6/27/2011,12.92221544
6/28/2011,13.59613717
6/29/2011,12.90463792
6/30/2011,12.50243266
7/1/2011,12.49432133
7/5/2011,12.66603314
7/6/2011,12.7778961
7/7/2011,12.22934837
7/8/2011,11.29263334
7/11/2011,12.2315452
7/12/2011,13.02958455
7/13/2011,13.05464447
7/14/2011,13.47707891
7/15/2011,13.67202158
7/18/2011,14.11983936
7/19/2011,14.15052847
7/20/2011,14.45496558
7/21/2011,14.68231792
7/22/2011,
7/25/2011,14.98111754
7/26/2011,16.01215718
7/27/2011,15.87937098
7/28/2011,14.31051432
7/29/2011,14.83111032
8/1/2011,14.63155084
8/2/2011,14.80719091
8/3/2011,14.4772936
8/4/2011,15.69354711
8/5/2011,16.80113559
8/8/2011,20.36387581
8/9/2011,20.1955199
8/10/2011,20.14077005
8/11/2011,20.36743556
8/12/2011,20.46148999
8/15/2011,19.45620613
8/16/2011,18.54256342
8/17/2011,17.73576251
8/18/2011,19.60076589
8/19/2011,20.17576921
8/22/2011,20.94197706
8/23/2011,21.4082055
8/24/2011,21.74867787
8/25/2011,22.13243115
8/26/2011,
8/30/2011,19.90813492
8/31/2011,18.49313827
9/1/2011,18.99374054
9/2/2011,18.88333125
9/6/2011,19.95976152
9/7/2011,19.79164329
9/8/2011,18.91096252
9/9/2011,19.09242799
9/12/2011,19.52218431
9/13/2011,19.32280874
9/14/2011,18.75693694
9/15/2011,18.71598371
9/16/2011,18.99205863
9/19/2011,19.54866185
9/20/2011,19.2638342
9/21/2011,16.73918578
9/22/2011,18.81836321
9/23/2011,
9/26/2011,18.80831467
9/27/2011,19.16219335
9/28/2011,18.77119284
9/29/2011,18.17116164
9/30/2011,18.08758136
10/3/2011,18.81263847
10/4/2011,19.08175777
10/5/2011,19.10978707
10/6/2011,18.43183079
10/7/2011,18.04622781
10/10/2011,19.17233127
10/11/2011,18.55640315
10/12/2011,19.21127993
10/13/2011,19.14421486
10/14/2011,18.83807305
10/17/2011,19.90298112
10/18/2011,19.53229626
10/19/2011,19.1959247
10/20/2011,18.8055605
10/21/2011,
10/24/2011,19.1152806
10/25/2011,18.50633193
10/26/2011,18.43945498
10/28/2011,18.06718317
10/31/2011,18.89552395
11/1/2011,21.92231046
11/2/2011,20.07605533
11/3/2011,20.02006678
11/4/2011,19.50178911
11/7/2011,19.60426608
11/8/2011,19.46293791
11/9/2011,20.50037797
11/10/2011,20.53004078
11/11/2011,20.50961277
11/14/2011,21.00710865
11/15/2011,20.03849457
11/16/2011,19.35295906
11/17/2011,19.79146221
11/18/2011,19.36903319
11/21/2011,19.53287681
11/22/2011,18.66459549
11/23/2011,18.97072859
11/25/2011,
11/28/2011,19.17307773
11/29/2011,19.10268604
11/30/2011,18.09371181
12/1/2011,17.47297361
12/2/2011,17.09141813
12/5/2011,17.31266991
12/6/2011,16.52943457
12/7/2011,16.71945348
12/8/2011,16.63070384
12/9/2011,16.87738705
12/12/2011,17.43061549
12/13/2011,16.20413085
12/14/2011,16.15820161
12/15/2011,15.30656253
12/16/2011,15.5556507
12/19/2011,15.93184496
12/20/2011,16.34950125
12/21/2011,16.00854161
12/22/2011,15.84035621
12/23/2011,
12/27/2011,16.30308797
12/28/2011,15.62158322
12/29/2011,15.25821583
12/30/2011,14.85639473
1/3/2012,15.46574548
1/4/2012,15.22925575
1/5/2012,15.41018668
1/6/2012,14.29982273
1/9/2012,14.43739901
1/10/2012,14.20998452
1/11/2012,13.92806556
1/12/2012,13.69811946
1/13/2012,13.91003069
1/17/2012,13.79614837
1/18/2012,13.32108988
1/19/2012,14.51587648
1/20/2012,14.93845904
1/23/2012,15.88399164
1/24/2012,14.68666383
1/25/2012,13.90707536
1/26/2012,13.46881875
1/27/2012,
1/30/2012,14.28020109
1/31/2012,14.64191442
2/1/2012,13.78195112
2/2/2012,13.03151117
2/3/2012,14.13323637
2/6/2012,14.23284689
2/7/2012,14.55644813
2/8/2012,14.55369203
2/9/2012,14.09965944
2/10/2012,13.85718616
2/13/2012,13.67382017
2/14/2012,13.70195451
2/15/2012,13.28130131
2/16/2012,13.34531364
2/17/2012,13.14133774
2/21/2012,13.3304378
2/22/2012,13.18170061
2/23/2012,12.82749653
2/24/2012,
2/27/2012,11.69084712
2/28/2012,11.90858083
2/29/2012,12.43925974
3/1/2012,12.60603957
3/2/2012,11.98961877
3/5/2012,12.56167223
3/6/2012,12.54341321
3/7/2012,11.9071936
3/8/2012,12.43162871
3/9/2012,11.03710769
3/12/2012,11.96396341
3/13/2012,11.45886877
3/14/2012,13.91605498
3/16/2012,12.96234811
3/19/2012,13.43045319
3/20/2012,13.9457305
3/21/2012,13.1125983
3/22/2012,12.67369841
3/23/2012,
3/26/2012,12.16165096
3/27/2012,12.33043393
3/28/2012,11.90979071
3/29/2012,11.78469218
3/30/2012,12.29457677
4/2/2012,12.59435324
4/3/2012,13.11774295
4/4/2012,12.98485498
4/5/2012,12.73782087
4/6/2012,11.63573983
4/9/2012,12.21482924
4/10/2012,12.22616863
4/11/2012,12.7621695
4/12/2012,12.35405658
4/13/2012,12.19585675
4/16/2012,12.84328957
4/17/2012,12.13000396
4/18/2012,12.13212749
4/19/2012,11.87759009
4/20/2012,
4/23/2012,11.615129
4/24/2012,11.54549638
4/25/2012,11.47560913
4/26/2012,10.32138223
4/27/2012,10.29456253
4/30/2012,10.36982867
5/1/2012,10.5999433
5/2/2012,10.68041993
5/3/2012,10.71090232
5/4/2012,9.907642411
5/7/2012,10.1171084
5/8/2012,10.64302563
5/9/2012,10.97408025
5/10/2012,10.38779398
5/11/2012,11.17845787
5/14/2012,13.40908257
5/15/2012,12.59573626
5/16/2012,12.61087065
5/17/2012,13.77852774
5/18/2012,13.80911876
5/21/2012,13.98551527
5/22/2012,13.25452265
5/23/2012,14.36266912
5/24/2012,13.94535706
5/25/2012,
5/29/2012,12.98829297
5/30/2012,13.76117149
5/31/2012,14.42555997
6/1/2012,16.14217382
6/4/2012,15.39767391
6/5/2012,15.01868202
6/6/2012,15.07673617
6/7/2012,14.28895002
6/8/2012,14.68383324
6/11/2012,15.76112782
6/12/2012,16.25837305
6/13/2012,16.58457201
6/14/2012,16.53613442
6/15/2012,16.76235191
6/18/2012,15.09519033
6/19/2012,14.61864426
6/20/2012,12.99617692
6/21/2012,12.32154698
6/22/2012,
6/25/2012,11.96937124
6/26/2012,11.62803636
6/27/2012,11.6886194
6/28/2012,11.81949063
6/29/2012,11.78923273
7/2/2012,11.36003841
7/3/2012,11.56060829
7/5/2012,12.01360368
7/6/2012,11.10090738
7/9/2012,11.49958012
7/10/2012,11.5245278
7/11/2012,11.76333663
7/12/2012,11.46090598
7/13/2012,10.86034616
7/16/2012,11.52796076
7/17/2012,11.37232002
7/18/2012,10.97749135
7/19/2012,11.09746861
7/20/2012,11.1276335
7/23/2012,11.62581195
7/24/2012,12.17482283
7/25/2012,12.23741109
7/26/2012,12.29238204
7/27/2012,
7/30/2012,12.37052245
7/31/2012,12.5366325
8/1/2012,12.35901229
8/2/2012,11.827159
8/3/2012,12.17483253
8/6/2012,12.19185312
8/7/2012,12.37344692
8/8/2012,12.33801798
8/9/2012,11.93325691
8/10/2012,11.76077173
8/13/2012,11.68987435
8/14/2012,11.72477583
8/15/2012,12.13900755
8/16/2012,12.47113083
8/17/2012,12.50928494
8/20/2012,12.3702991
8/21/2012,12.04947755
8/22/2012,11.27562136
8/23/2012,11.26771663
8/24/2012,
8/27/2012,11.26149578
8/28/2012,11.56033813
8/29/2012,11.5590184
8/30/2012,12.1366745
8/31/2012,11.69987818
9/4/2012,11.72663611
9/5/2012,11.76147676
9/6/2012,11.8251935
9/7/2012,11.46593643
9/10/2012,12.17542373
9/11/2012,11.95967448
9/12/2012,12.35879308
9/13/2012,11.56694651
9/14/2012,11.69477838
9/17/2012,13.48654803
9/18/2012,11.69848978
9/19/2012,11.62903244
9/20/2012,11.88957028
9/21/2012,
9/24/2012,10.82368438
9/25/2012,10.60820855
9/26/2012,11.03695843
9/27/2012,11.37849072
9/28/2012,11.45030526
10/1/2012,11.44026931
10/2/2012,11.33105434
10/3/2012,11.45698559
10/4/2012,11.66518809
10/5/2012,11.4769351
10/8/2012,11.59009916
10/9/2012,11.99125804
10/10/2012,11.90856185
10/11/2012,11.61610702
10/12/2012,12.50016768
10/15/2012,12.10948109
10/16/2012,12.35221246
10/17/2012,13.11661809
10/18/2012,12.65857217
10/19/2012,13.13968311
10/22/2012,13.01700346
10/23/2012,12.83921114
10/24/2012,12.71350153
10/25/2012,13.12280633
10/26/2012,
10/29/2012,12.67359599
10/30/2012,12.17207502
10/31/2012,12.65427552
11/1/2012,12.61429964
11/2/2012,12.55060182
11/5/2012,12.43493616
11/6/2012,13.36843429
11/7/2012,11.90459649
11/8/2012,11.21883981
11/9/2012,11.09517641
11/12/2012,11.19780878
11/13/2012,11.16759195
11/14/2012,10.99801734
11/15/2012,11.06670157
11/16/2012,10.82329346
11/19/2012,10.78871443
11/20/2012,10.37039239
11/21/2012,10.08866434
11/23/2012,
11/26/2012,9.271615175
11/27/2012,9.759036368
11/28/2012,9.679827049
11/29/2012,9.924352039
11/30/2012,9.501658707
12/3/2012,9.508692458
12/4/2012,9.195432903
12/5/2012,9.083435825
12/6/2012,9.511690928
12/7/2012,10.18246061
12/10/2012,9.674330916
12/11/2012,9.359298789
12/12/2012,9.471771508
12/13/2012,10.0545776
12/14/2012,9.442390794
12/17/2012,10.07529125
12/18/2012,10.72873062
12/19/2012,9.63140951
12/20/2012,9.824841719
12/21/2012,
12/24/2012,9.573737368
12/26/2012,9.502675557
12/27/2012,9.930094957
12/28/2012,10.15598616
12/31/2012,10.5538683
1/2/2013,10.78370568
1/3/2013,10.61644322
1/4/2013,10.25571988
1/7/2013,10.25391708
1/8/2013,9.881673828
1/9/2013,9.834277474
1/10/2013,9.842328351
1/11/2013,9.800670934
1/14/2013,9.905976271
1/15/2013,9.776834434
1/16/2013,9.608241339
1/17/2013,9.90872004
1/18/2013,9.539243809
1/22/2013,9.347416377
1/23/2013,9.327709851
1/24/2013,9.259900038
1/25/2013,
1/28/2013,10.80898982
1/29/2013,11.15002165
1/30/2013,10.65160586
1/31/2013,11.07874514
2/1/2013,11.1353144
2/4/2013,11.13932514
2/5/2013,11.3757626
2/6/2013,11.13386069
2/7/2013,10.52992544
2/8/2013,10.17108657
2/11/2013,10.14250153
2/12/2013,10.28035574
2/13/2013,10.4646864
2/14/2013,10.47411176
2/15/2013,10.21472543
2/19/2013,10.17523565
2/20/2013,10.34703714
2/21/2013,10.08077658
2/22/2013,
2/25/2013,10.41263695
2/26/2013,9.938566408
2/27/2013,9.981036356
2/28/2013,9.89919503
3/1/2013,9.826478962
3/4/2013,10.02005439
3/5/2013,9.883651936
3/6/2013,10.11108656
3/7/2013,10.44804569
3/8/2013,9.642604984
3/11/2013,9.728706067
3/12/2013,9.542501235
3/13/2013,9.022327942
3/14/2013,9.038234458
3/15/2013,9.589931622
3/18/2013,9.189684774
3/19/2013,9.779907364
3/20/2013,9.559728185
3/21/2013,9.459542721
3/22/2013,
3/25/2013,9.285017075
3/26/2013,8.652485531
3/27/2013,9.250270274
3/28/2013,9.029871441
4/1/2013,9.209378428
4/2/2013,8.937664728
4/3/2013,9.170994877
4/4/2013,9.622362499
4/5/2013,10.01745348
4/8/2013,9.507439078
4/9/2013,9.298968895
4/10/2013,9.323866136
4/11/2013,9.129924552
4/12/2013,9.589720644
4/15/2013,10.12683068
4/16/2013,9.545879095
4/17/2013,10.09926728
4/18/2013,9.433876542
4/19/2013,9.316576338
4/22/2013,8.945466594
4/23/2013,9.036337179
4/24/2013,9.06479925
4/25/2013,9.183290167
4/26/2013,
4/29/2013,9.383504025
4/30/2013,9.317140073
5/1/2013,9.511641494
5/2/2013,9.428292628
5/3/2013,9.167916589
5/6/2013,9.197792206
5/7/2013,8.72311795
5/8/2013,8.856675399
5/9/2013,8.864571653
5/10/2013,9.53405008
5/13/2013,10.43062258
5/14/2013,10.28256446
5/15/2013,10.52408236
5/16/2013,9.916164932
5/17/2013,10.64834175
5/20/2013,11.0820917
5/21/2013,10.94303349
5/22/2013,11.33220881
5/23/2013,11.42721514
5/24/2013,
5/28/2013,12.1344617
5/29/2013,12.41128804
5/30/2013,12.00536462
5/31/2013,11.85225124
6/3/2013,12.67049689
6/4/2013,12.19052947
6/5/2013,12.51206021
6/6/2013,12.8255894
6/7/2013,11.84458941
6/10/2013,11.96562539
6/11/2013,11.86860388
6/12/2013,12.34759506
6/13/2013,12.40538152
6/14/2013,11.9846551
6/17/2013,12.91194244
6/18/2013,12.94985945
6/19/2013,11.80086114
6/20/2013,11.99688303
6/21/2013,
6/24/2013,13.87551034
6/25/2013,12.851724
6/26/2013,12.59254891
6/27/2013,11.73442244
6/28/2013,12.44735195
7/1/2013,12.26258091
7/2/2013,12.93675945
7/3/2013,13.00539905
7/5/2013,13.02154669
7/8/2013,13.06526482
7/9/2013,12.54080541
7/10/2013,12.79036197
7/11/2013,11.7906237
7/12/2013,12.10337825
7/15/2013,12.13910545
7/16/2013,11.85947408
7/17/2013,11.16541093
7/18/2013,10.49741992
7/19/2013,10.44772435
7/22/2013,10.64181199
7/23/2013,10.90163603
7/24/2013,11.65866873
7/25/2013,10.75684397
7/26/2013,
7/29/2013,11.71861485
7/30/2013,11.61605924
7/31/2013,11.38278214
8/1/2013,12.20440627
8/2/2013,10.59842501
8/5/2013,10.95230548
8/6/2013,10.65936543
8/7/2013,10.537492
8/8/2013,10.43420251
8/9/2013,10.2263095
8/12/2013,10.48422509
8/13/2013,11.2447344
8/14/2013,11.10766009
8/15/2013,12.05149113
8/16/2013,12.70132258
8/19/2013,13.5102004
8/20/2013,12.85275935
8/21/2013,12.75739663
8/22/2013,12.69548114
8/23/2013,
8/26/2013,11.86114064
8/27/2013,12.05249305
8/28/2013,12.81190141
8/29/2013,12.68228143
8/30/2013,12.99192086
9/3/2013,13.56755084
9/4/2013,13.35652361
9/5/2013,13.23021368
9/6/2013,12.40189388
9/9/2013,12.07726969
9/10/2013,12.027403
9/11/2013,11.39223955
9/12/2013,11.66245887
9/13/2013,11.16477923
9/16/2013,12.00132479
9/17/2013,11.103068
9/18/2013,10.88270255
9/19/2013,10.71697563
9/20/2013,
9/23/2013,9.550003051
9/24/2013,9.754236806
9/25/2013,10.22314909
9/26/2013,10.06045785
9/27/2013,10.67746891
9/30/2013,11.85146833
10/1/2013,11.37215049
10/2/2013,10.68335757
10/3/2013,10.82759303
10/4/2013,10.93843265
10/7/2013,10.9177489
10/8/2013,11.25389061
10/9/2013,10.72842337
10/10/2013,11.00746376
10/11/2013,10.75584298
10/14/2013,11.13381892
10/15/2013,10.95918294
10/16/2013,10.40826096
10/17/2013,10.08618942
10/18/2013,10.2411919
10/21/2013,10.4065982
10/22/2013,9.288921008
10/23/2013,8.782417395
10/24/2013,9.185054281
10/25/2013,
10/28/2013,8.739824645
10/29/2013,8.944305808
10/30/2013,9.421739516
10/31/2013,9.638963041
11/1/2013,9.939216493
11/4/2013,9.44700409
11/5/2013,9.842622226
11/6/2013,9.16055446
11/7/2013,9.48453976
11/8/2013,9.460675232
11/11/2013,9.56692015
11/12/2013,9.127865166
11/13/2013,9.333176631
11/14/2013,8.453977309
11/15/2013,8.390203944
11/18/2013,8.709257774
11/19/2013,8.807741306
11/20/2013,10.07969976
11/21/2013,9.866010507
11/22/2013,
11/25/2013,9.396262933
11/26/2013,9.265598521
11/27/2013,9.703373278
11/29/2013,10.2796353
12/2/2013,10.67043482
12/3/2013,10.29246086
12/4/2013,10.66688649
12/5/2013,10.40768828
12/6/2013,10.11233768
12/9/2013,9.71089234
12/10/2013,9.454645407
12/11/2013,9.654586895
12/12/2013,9.701228928
12/13/2013,9.420729854
12/16/2013,9.501653658
12/17/2013,9.473824551
12/18/2013,8.8804727
12/19/2013,8.668377444
12/20/2013,8.653454107
12/23/2013,8.720550987
12/24/2013,9.064096411
12/26/2013,8.690301987
12/27/2013,
12/30/2013,8.928445531
12/31/2013,8.837303811
1/2/2014,9.283980442
1/3/2014,9.778406856
1/6/2014,9.333327444
1/7/2014,8.941295751
1/8/2014,9.091981015
1/9/2014,8.612569515
1/10/2014,8.150386786
1/13/2014,8.171584802
1/14/2014,8.539976929
1/15/2014,9.170814881
1/16/2014,8.149699908
1/17/2014,7.613664298
1/21/2014,7.76798018
1/22/2014,7.904532398
1/23/2014,8.100457699
1/24/2014,
1/27/2014,8.798131396
1/28/2014,8.848827392
1/29/2014,8.656495132
1/30/2014,8.309561952
1/31/2014,9.015635665
2/3/2014,10.03322016
2/4/2014,10.16194672
2/5/2014,10.041641
2/6/2014,9.695930406
2/7/2014,8.95768621
2/10/2014,8.939869828
2/11/2014,8.682410858
2/12/2014,8.744315084
2/13/2014,8.34973651
2/14/2014,7.677533574
2/18/2014,8.991677659
2/19/2014,8.681919727
2/20/2014,8.643180883
2/21/2014,
2/24/2014,7.691362225
2/25/2014,8.074760419
2/26/2014,8.558946331
2/27/2014,8.448198244
2/28/2014,8.334604267
3/3/2014,9.396646448
3/4/2014,8.748175829
3/5/2014,8.449802846
3/6/2014,8.526479005
3/7/2014,7.769685894
3/10/2014,7.822045599
3/11/2014,8.074830906
3/12/2014,7.873595735
3/13/2014,8.617540217
3/14/2014,9.364305308
3/17/2014,9.086341379
3/18/2014,8.790537425
3/19/2014,8.761144142
3/20/2014,7.793268981
3/21/2014,
3/24/2014,7.84884839
3/25/2014,7.753300021
3/26/2014,7.902363766
3/27/2014,8.486009791
3/28/2014,9.61632914
3/31/2014,8.706570674
4/1/2014,8.76842169
4/2/2014,9.195462874
4/3/2014,8.485089733
4/4/2014,7.536383032
4/7/2014,7.396903102
4/8/2014,7.833219251
4/9/2014,7.523141408
4/10/2014,8.186705743
4/11/2014,8.751169941
4/14/2014,9.251032669
4/15/2014,9.229935434
4/16/2014,9.000335504
4/17/2014,8.877254743
4/21/2014,9.16800186
4/22/2014,9.144202717
4/23/2014,8.932538782
4/24/2014,10.19644186
4/25/2014,
4/28/2014,10.12777266
4/29/2014,9.187862666
4/30/2014,9.722995826
5/1/2014,9.461200464
5/2/2014,8.628581859
5/5/2014,9.357006917
5/6/2014,8.948199078
5/7/2014,8.916390124
5/8/2014,8.62442875
5/9/2014,8.609998795
5/12/2014,8.753169258
5/13/2014,8.323426683
5/14/2014,9.010796188
5/15/2014,9.506323288
5/16/2014,9.249073135
5/19/2014,8.932955634
5/20/2014,9.273620139
5/21/2014,8.965155947
5/22/2014,8.624756099
5/23/2014,
5/27/2014,8.332388424
5/28/2014,9.235470632
5/29/2014,9.001407445
5/30/2014,8.993164899
6/2/2014,8.916674107
6/3/2014,8.680898866
6/4/2014,8.951850099
6/5/2014,8.459592154
6/6/2014,8.117271362
6/9/2014,8.102179228
6/10/2014,8.038166644
6/11/2014,7.931185237
6/12/2014,8.028576327
6/13/2014,8.017894297
6/16/2014,8.147209496
6/17/2014,8.026867763
6/18/2014,7.533772362
6/19/2014,7.740668665
6/20/2014,
6/23/2014,7.368125463
6/24/2014,7.95788319
6/25/2014,7.800115858
6/26/2014,7.377498008
6/27/2014,8.015864178
6/30/2014,7.728131716
7/1/2014,7.758668334
7/2/2014,7.815672072
7/3/2014,7.560497976
7/7/2014,7.934629992
7/8/2014,8.050283752
7/9/2014,7.96640781
7/10/2014,7.879768527
7/11/2014,8.061434921
7/14/2014,8.28891624
7/15/2014,8.036816502
7/16/2014,7.63197904
7/17/2014,8.057505428
7/18/2014,7.98776656
7/21/2014,8.268718962
7/22/2014,9.269277297
7/23/2014,9.224442182
7/24/2014,8.547516342
7/25/2014,
7/28/2014,8.020112837
7/29/2014,9.024277158
7/30/2014,8.699214536
7/31/2014,8.812687678
8/1/2014,8.701575481
8/4/2014,8.680960305
8/5/2014,8.77209066
8/6/2014,9.015219653
8/7/2014,9.419554895
8/8/2014,9.539121929
8/11/2014,9.506613649
8/12/2014,9.303523263
8/13/2014,9.337779996
8/14/2014,9.059745431
8/15/2014,9.403928218
8/18/2014,9.352376709
8/19/2014,9.234318554
8/20/2014,9.253052128
8/21/2014,8.935723126
8/22/2014,
8/25/2014,8.581495836
8/26/2014,8.434376203
8/27/2014,8.733678056
8/28/2014,8.980859564
8/29/2014,9.147450175
9/2/2014,9.740071932
9/3/2014,9.658779197
9/4/2014,9.502723691
9/5/2014,9.07666579
9/8/2014,9.485974209
9/9/2014,9.231781873
9/10/2014,9.314862513
9/11/2014,9.070626053
9/12/2014,9.08244571
9/15/2014,9.936789737
9/16/2014,9.943782601
9/17/2014,8.969155169
9/18/2014,9.161796452
9/19/2014,8.590394303
9/22/2014,8.731759167
9/23/2014,8.02978521
9/24/2014,8.844158796
9/25/2014,9.054878579
9/26/2014,
9/29/2014,9.166764047
9/30/2014,9.510481453
10/1/2014,9.436642536
10/2/2014,9.646743447
10/3/2014,8.899231163
10/6/2014,9.197618729
10/7/2014,10.22328929
10/8/2014,10.15882627
10/9/2014,10.24947889
10/10/2014,10.44902368
10/13/2014,11.41552201
10/14/2014,11.97626871
10/15/2014,15.55593388
10/16/2014,12.35800502
10/17/2014,11.81110976
10/20/2014,11.1707187
10/21/2014,11.36499808
10/22/2014,10.8732227
10/23/2014,11.00360423
10/24/2014,
10/27/2014,10.63634535
10/28/2014,10.61828721
10/29/2014,9.567451315
10/30/2014,10.35894543
10/31/2014,9.926197407
11/3/2014,10.08325324
11/4/2014,10.01368909
11/5/2014,10.05072922
11/6/2014,9.601933283
11/7/2014,9.520856142
11/10/2014,9.31318984
11/11/2014,9.394975663
11/12/2014,9.624273071
11/13/2014,9.673937279
11/14/2014,9.511069146
11/17/2014,9.852127281
11/18/2014,9.313483269
11/19/2014,9.170886677
11/20/2014,8.87960563
11/21/2014,
11/24/2014,8.235337325
11/25/2014,8.788288495
11/26/2014,8.775958781
11/28/2014,9.123327466
12/1/2014,9.397671429
12/2/2014,9.275088725
12/3/2014,8.809645755
12/4/2014,8.953186703
12/5/2014,8.974175533
12/8/2014,9.12499246
12/9/2014,8.649227938
12/10/2014,9.708614713
12/11/2014,10.09427611
12/12/2014,10.79261448
12/15/2014,10.62158488
12/16/2014,11.21891916
12/17/2014,10.22304504
12/18/2014,9.652170995
12/19/2014,9.423027417
12/22/2014,9.533368254
12/23/2014,9.619463559
12/24/2014,9.328710524
12/26/2014,
12/29/2014,9.896385904
12/30/2014,9.864848352
12/31/2014,10.55821757
1/2/2015,10.11256238
1/5/2015,11.18933969
1/6/2015,11.91627306
1/7/2015,12.02890461
1/8/2015,11.60938816
1/9/2015,12.07647573
1/12/2015,12.5910945
1/13/2015,12.50471383
1/14/2015,12.4806973
1/15/2015,12.90696859
1/16/2015,13.75317559
1/20/2015,13.44303764
1/21/2015,12.77568843
1/22/2015,12.38983046
1/23/2015,
1/26/2015,12.63680297
1/27/2015,13.54979106
1/28/2015,13.4631778
1/29/2015,13.39115666
1/30/2015,13.65085202
2/2/2015,14.37867733
2/3/2015,15.42077257
2/4/2015,15.46527027
2/5/2015,15.47512714
2/6/2015,15.30981439
2/9/2015,15.86261795
2/10/2015,15.87851588
2/11/2015,15.36452662
2/12/2015,14.94103524
2/13/2015,14.85686332
2/17/2015,15.72361151
2/18/2015,16.16811916
2/19/2015,16.26623849
2/20/2015,
2/23/2015,16.16231832
2/24/2015,15.22282134
2/25/2015,14.9990178
2/26/2015,14.78234508
2/27/2015,14.91130701
3/2/2015,15.36658531
3/3/2015,11.13045129
3/4/2015,14.51211726
3/5/2015,14.07245858
3/6/2015,13.37532242
3/9/2015,13.75025565
3/10/2015,14.01804838
3/11/2015,14.48799436
3/12/2015,14.34021256
3/13/2015,14.2547049
3/16/2015,14.76883592
3/17/2015,14.57362658
3/18/2015,14.31950675
3/19/2015,14.27316665
3/20/2015,13.96231704
3/23/2015,13.54685923
3/24/2015,13.49958959
3/25/2015,13.86325278
3/26/2015,13.24645408
3/27/2015,
3/30/2015,14.00051649
3/31/2015,14.29696058
4/1/2015,14.4559195
4/2/2015,14.60823216
4/3/2015,13.60064283
4/6/2015,13.61922857
4/7/2015,13.47149356
4/8/2015,13.28496995
4/9/2015,12.79017695
4/10/2015,12.65320965
4/13/2015,12.98870487
4/14/2015,12.38851104
4/15/2015,12.30749985
4/16/2015,12.57284228
4/17/2015,13.37463008
4/20/2015,13.34893767
4/21/2015,12.86993115
4/22/2015,13.3615337
4/23/2015,13.26528908
4/24/2015,
4/27/2015,13.06870303
4/29/2015,13.6334002
4/30/2015,14.10135348
5/1/2015,15.56177749
5/5/2015,16.20466287
5/7/2015,15.27094794
5/8/2015,14.44555451
5/11/2015,15.78997985
5/12/2015,15.99252601
5/13/2015,16.03987351
5/14/2015,15.17194615
5/15/2015,15.46850879
5/18/2015,15.84526936
5/19/2015,15.6868973
5/20/2015,15.94134947
5/21/2015,15.38458601
5/22/2015,
5/26/2015,15.37398842
5/27/2015,14.76306748
5/28/2015,14.91596287
5/29/2015,14.89038485
6/1/2015,15.23629848
6/2/2015,15.44853818
6/3/2015,15.95978001
6/4/2015,15.47227776
6/5/2015,14.99884913
6/8/2015,15.0470474
6/9/2015,15.04951068
6/11/2015,14.84261507
6/12/2015,15.02358869
6/15/2015,15.16447769
6/16/2015,15.19810684
6/17/2015,14.42725064
6/18/2015,14.52633871
6/19/2015,14.95683117
6/22/2015,15.30573599
6/23/2015,15.37496852
6/24/2015,15.40811336
6/25/2015,15.77655856
6/26/2015,
6/29/2015,17.33059445
6/30/2015,17.13510058
7/1/2015,16.35128684
7/2/2015,16.23680675
7/6/2015,16.34023096
7/7/2015,16.45933139
7/8/2015,16.47415661
7/9/2015,16.72689506
7/10/2015,16.47074864
7/13/2015,15.50102672
7/14/2015,15.16021782
7/15/2015,14.75349071
7/16/2015,13.93410631
7/17/2015,13.38530909
7/20/2015,13.54170709
7/21/2015,13.22535575
7/22/2015,13.04432348
7/23/2015,13.10328486
7/24/2015,
7/27/2015,13.20900737
7/28/2015,13.29149445
7/29/2015,12.93013345
7/30/2015,13.24996354
7/31/2015,13.49133352
8/3/2015,13.80346793
8/4/2015,13.66385398
8/5/2015,13.24219915
8/6/2015,13.57180279
8/7/2015,13.22318004
8/10/2015,13.14206736
8/11/2015,13.2987814
8/12/2015,13.76391035
8/13/2015,13.65653503
8/14/2015,13.20379578
8/17/2015,13.5124721
8/18/2015,13.14945682
8/19/2015,13.10723884
8/20/2015,13.80426874
8/21/2015,
8/24/2015,15.54111336
8/25/2015,14.50669926
8/26/2015,16.12250847
8/27/2015,15.98781997
8/28/2015,15.4467726
8/31/2015,15.30703101
9/1/2015,15.89947103
9/2/2015,15.47449335
9/3/2015,14.86201945
9/4/2015,14.6983842
9/8/2015,14.90040751
9/9/2015,14.77806294
9/10/2015,14.43662235
9/11/2015,14.34515598
9/14/2015,14.24643757
9/15/2015,14.67232091
9/16/2015,13.64452463
9/17/2015,13.82817165
9/18/2015,13.91335132
9/21/2015,13.42739305
9/22/2015,13.61342905
9/23/2015,13.52997742
9/24/2015,13.70589507
9/25/2015,
9/28/2015,14.66129357
9/29/2015,14.9186876
9/30/2015,14.02148702
10/1/2015,13.8349332
10/2/2015,13.62202849
10/5/2015,13.715703
10/6/2015,13.90708188
10/7/2015,13.63706148
10/8/2015,13.35493137
10/9/2015,13.1227775
10/12/2015,13.62911376
10/13/2015,13.44946141
10/14/2015,13.4550956
10/15/2015,13.18627241
10/16/2015,13.04409986
10/19/2015,13.25685002
10/20/2015,13.04259766
10/21/2015,12.41759111
10/22/2015,12.54708843
10/23/2015,
10/26/2015,12.54637398
10/27/2015,13.55576175
10/28/2015,13.22810295
10/29/2015,11.81655082
10/30/2015,12.65311617
11/2/2015,12.80239013
11/3/2015,12.72487539
11/4/2015,12.71992825
11/5/2015,12.48033198
11/6/2015,11.95103753
11/9/2015,12.17726445
11/10/2015,12.23586025
11/11/2015,12.07171586
11/12/2015,12.3897923
11/13/2015,11.86732668
11/16/2015,12.19947443
11/17/2015,11.96981416
11/18/2015,11.50786539
11/19/2015,11.37598594
11/20/2015,
11/23/2015,11.84491171
11/24/2015,11.72255404
11/25/2015,11.30955346
11/27/2015,11.36245831
11/30/2015,11.67373749
12/1/2015,12.15556783
12/2/2015,11.98872936
12/3/2015,12.43009451
12/4/2015,11.41382585
12/7/2015,11.9087104
12/8/2015,12.14944102
12/9/2015,12.34420719
12/10/2015,12.34641125
12/11/2015,12.8295414
12/14/2015,14.39292409
12/15/2015,13.89082625
12/16/2015,12.89317563
12/17/2015,11.73747777
12/18/2015,11.22338055
12/21/2015,11.41594598
12/22/2015,11.08477368
12/23/2015,10.85657916
12/24/2015,
12/28/2015,10.66984583
12/29/2015,11.36935279
12/30/2015,11.35649153
12/31/2015,11.57520805
1/4/2016,12.15694097
1/5/2016,12.20003636
1/6/2016,12.29593855
1/7/2016,12.71706194
1/8/2016,12.25770608
1/11/2016,12.45721604
1/12/2016,13.38491178
1/13/2016,13.41495619
1/14/2016,13.00078874
1/15/2016,13.81418142
1/19/2016,14.4673575
1/20/2016,14.78368912
1/21/2016,14.11645044
1/22/2016,
1/25/2016,13.44385021
1/26/2016,13.52253173
1/27/2016,13.07915998
1/28/2016,12.88799533
1/29/2016,13.18073733
2/1/2016,13.27144909
2/2/2016,14.25068736
2/3/2016,14.4423858
2/4/2016,14.3074266
2/5/2016,14.06125777
2/8/2016,16.41697964
2/9/2016,16.37621787
2/10/2016,15.68367947
2/11/2016,17.2743195
2/12/2016,15.42624085
2/16/2016,14.77161388
2/17/2016,14.18181073
2/18/2016,14.27337053
2/19/2016,
2/22/2016,14.32482143
2/23/2016,14.49402995
2/24/2016,14.08049814
2/25/2016,14.07789713
2/26/2016,13.33890148
2/29/2016,13.79590588
3/1/2016,12.72839162
3/2/2016,13.0396303
3/3/2016,12.6412915
3/4/2016,12.24135739
3/7/2016,12.5670795
3/8/2016,13.37448356
3/9/2016,13.15541486
3/10/2016,12.81179435
3/11/2016,12.45035614
3/14/2016,12.30729988
3/15/2016,12.23381674
3/16/2016,11.65340173
3/17/2016,11.72896912
3/18/2016,11.29235564
3/21/2016,12.08077354
3/22/2016,12.07517432
3/23/2016,12.20036191
3/29/2016,12.25563861
3/30/2016,11.98572413
3/31/2016,11.56021444
4/1/2016,11.31835214
4/4/2016,11.57877515
4/5/2016,12.25479068
4/6/2016,11.94906797
4/7/2016,12.29040594
4/8/2016,11.76702122
4/11/2016,11.84324666
4/12/2016,11.94010643
4/13/2016,11.61461783
4/14/2016,11.59504195
4/15/2016,11.249531
4/18/2016,11.2613154
4/19/2016,11.64965173
4/20/2016,11.68703856
4/21/2016,12.296163
4/26/2016,11.58600236
4/27/2016,11.8788709
4/28/2016,11.75508129
4/29/2016,11.97047589
5/2/2016,12.27654231
5/3/2016,12.36421459
5/4/2016,12.25318801
5/5/2016,12.29365014
5/6/2016,11.67550984
5/9/2016,11.91422119
5/10/2016,11.63729766
5/11/2016,11.82330021
5/12/2016,11.77531321
5/13/2016,12.31512907
5/16/2016,12.1701413
5/17/2016,12.02351942
5/18/2016,11.91664443
5/19/2016,12.03524376
5/24/2016,10.70897579
5/25/2016,10.18781314
5/26/2016,10.1898678
5/27/2016,9.973234427
5/31/2016,11.03965069
6/1/2016,10.83545521
6/2/2016,10.80131102
6/3/2016,10.66523904
6/6/2016,10.68902751
6/7/2016,10.62873256
6/8/2016,11.08559344
6/9/2016,11.45666419
6/10/2016,12.32006676
6/13/2016,13.6519614
6/14/2016,13.76671255
6/15/2016,13.50424288
6/16/2016,15.7178379
6/17/2016,14.53429334
6/20/2016,14.00241121
6/21/2016,13.71338907
6/22/2016,14.54543433
6/23/2016,13.38799018
6/28/2016,14.39213382
6/29/2016,12.92036303
6/30/2016,13.03769837
7/1/2016,13.39571785
7/5/2016,14.47657123
7/6/2016,14.1625426
7/7/2016,13.92892684
7/8/2016,12.81719036
7/11/2016,12.94550311
7/12/2016,13.37371391
7/13/2016,13.46240275
7/14/2016,13.87206514
7/15/2016,13.90600188
7/18/2016,13.57530042
7/19/2016,13.23761634
7/20/2016,13.13151209
7/21/2016,13.14881883
7/26/2016,12.80896019
7/27/2016,12.48232587
7/28/2016,12.60374292
7/29/2016,11.74494911
8/1/2016,11.83759693
8/2/2016,12.23144327
8/3/2016,12.11594027
8/4/2016,11.74699052
8/5/2016,11.45541051
8/8/2016,11.40502169
8/9/2016,11.02183467
8/10/2016,10.93122443
8/11/2016,11.27084637
8/12/2016,10.84436621
8/15/2016,11.28502176
8/16/2016,11.36472314
8/17/2016,11.19393411
8/18/2016,11.30570247
8/19/2016,11.27482382
8/22/2016,11.4277611
8/23/2016,11.07903219
8/24/2016,11.03065802
8/25/2016,11.70251425
8/30/2016,11.55544197
8/31/2016,11.61980162
9/1/2016,11.5136311
9/2/2016,11.11611594
9/6/2016,11.05767086
9/7/2016,11.13523323
9/8/2016,11.34570945
9/9/2016,12.40792827
9/12/2016,12.34702939
9/13/2016,12.76100256
9/14/2016,12.59173512
9/15/2016,12.4693982
9/16/2016,12.43452097
9/19/2016,12.88014091
9/20/2016,13.0035644
9/21/2016,11.58461491
9/22/2016,11.12675408
9/27/2016,11.05175843
9/28/2016,11.35810445
9/29/2016,11.7971257
9/30/2016,12.01049254
10/3/2016,11.91149507
10/4/2016,11.70124604
10/5/2016,11.56299036
10/6/2016,12.09941281
10/7/2016,11.68023146
10/10/2016,11.98936649
10/11/2016,11.91632436
10/12/2016,11.77497368
10/13/2016,11.71133772
10/14/2016,11.83030405
10/17/2016,12.04224097
10/18/2016,11.54045529
10/19/2016,11.39622449
10/20/2016,10.87841631
10/25/2016,10.06016031
10/26/2016,10.68513754
10/27/2016,10.99375562
10/28/2016,11.27882516
10/31/2016,12.17138573
11/1/2016,12.01387266
11/2/2016,12.28039886
11/3/2016,12.56973343
11/4/2016,12.9329592
11/7/2016,12.64157259
11/8/2016,11.88944919
11/9/2016,12.78028615
11/10/2016,13.90002912
11/11/2016,14.28313957
11/14/2016,15.57201723
11/15/2016,14.49514881
11/16/2016,13.96731217
11/17/2016,14.73406452
11/18/2016,15.41685169
11/21/2016,15.53000892
11/22/2016,14.13283306
11/23/2016,14.95856614
11/29/2016,13.5062032
11/30/2016,14.50099461
12/1/2016,16.03416164
12/2/2016,15.2792366
12/5/2016,14.65150367
12/6/2016,13.83769907
12/7/2016,13.24713061
12/8/2016,12.88556957
12/9/2016,13.40774566
12/12/2016,13.66911124
12/13/2016,13.48485315
12/14/2016,13.44183279
12/15/2016,12.23061131
12/16/2016,12.49755575
12/19/2016,12.2389147
12/20/2016,12.23798802
12/21/2016,12.31743776
12/22/2016,12.14173954
12/28/2016,11.52249265
12/29/2016,11.83921318
12/30/2016,11.90724749
1/3/2017,12.29410524
1/4/2017,12.37375136
1/5/2017,12.54888372
1/6/2017,11.74809315
1/9/2017,12.3221975
1/10/2017,12.04016463
1/11/2017,11.7703299
1/12/2017,11.5133053
1/13/2017,11.3118428
1/17/2017,12.12763743
1/18/2017,12.35179266
1/19/2017,12.4379072
1/20/2017,12.12664159
1/23/2017,12.27409407
1/24/2017,12.36381723
1/25/2017,12.52360735
1/26/2017,11.49153402
1/31/2017,11.80089288
2/1/2017,11.15371574
2/2/2017,10.96479371
2/3/2017,11.09745515
2/6/2017,11.50661994
2/7/2017,11.28861155
2/8/2017,11.3813704
2/9/2017,11.3744616
2/10/2017,11.23979487
2/13/2017,11.3675432
2/14/2017,10.7260865
2/15/2017,10.53711031
2/16/2017,10.34793185
2/17/2017,10.58890672
2/21/2017,10.81941752
2/22/2017,11.00392426
2/23/2017,11.53409777
2/28/2017,11.37791711
3/1/2017,10.79434131
3/2/2017,10.42611768
3/3/2017,10.16283581
3/6/2017,10.64619782
3/7/2017,10.51831967
3/8/2017,10.72713581
3/9/2017,10.65060127
3/10/2017,10.43653478
3/13/2017,10.81423381
3/14/2017,10.63498761
3/15/2017,9.794977666
3/16/2017,9.873138807
3/17/2017,9.440230146
3/20/2017,9.946777743
3/21/2017,9.57476041
3/22/2017,9.84325032
3/23/2017,9.923136308
3/28/2017,9.785282568
3/29/2017,9.738564535
3/30/2017,9.877582529
3/31/2017,9.791167112
4/3/2017,10.57181052
4/4/2017,10.82567012
4/5/2017,10.72521417
4/6/2017,11.04124753
4/7/2017,10.75867834
4/10/2017,11.07515781
4/11/2017,11.91434347
4/12/2017,11.91367236
4/13/2017,11.66176224
4/17/2017,11.13429542
4/18/2017,11.50408416
4/19/2017,11.5112903
4/20/2017,11.33985543
4/25/2017,9.983743061
4/26/2017,10.05488871
4/27/2017,9.761453176
4/28/2017,9.759250173
5/1/2017,9.966446964
5/2/2017,10.22973628
5/3/2017,9.763646182
5/4/2017,10.01510464
5/5/2017,9.837902145
5/8/2017,9.625289587
5/9/2017,9.282319516
5/10/2017,8.90497597
5/11/2017,8.668722007
5/12/2017,8.82315764
5/15/2017,9.052410287
5/16/2017,8.582187925
5/17/2017,9.865118882
5/18/2017,8.922851351
5/19/2017,8.697492537
5/22/2017,8.747377505
5/23/2017,8.567101762
5/24/2017,8.374281391
5/25/2017,8.453645461
5/31/2017,9.337101667
6/1/2017,8.911687739
6/2/2017,8.974810528
6/5/2017,9.153420033
6/6/2017,9.285256197
6/7/2017,9.338682973
6/8/2017,8.901110527
6/9/2017,8.709703032
6/12/2017,8.875653774
6/13/2017,8.483084056
6/14/2017,8.544788543
6/15/2017,8.450569059
6/16/2017,8.315841995
6/19/2017,8.493345226
6/20/2017,8.588342956
6/21/2017,8.726917355
6/22/2017,8.50231967
6/27/2017,8.966992973
6/28/2017,9.081040857
6/29/2017,9.459921731
6/30/2017,9.942334818
7/3/2017,10.0875264
7/5/2017,9.7768434
7/6/2017,9.614630775
7/7/2017,9.673766585
7/10/2017,9.304913783
7/11/2017,9.338975729
7/12/2017,9.169661178
7/13/2017,9.068798854
7/14/2017,8.433275892
7/17/2017,8.389325771
7/18/2017,8.389479223
7/19/2017,8.087619406
7/20/2017,7.659938197
7/25/2017,8.729085287
7/26/2017,8.162525253
7/27/2017,8.610476139
7/28/2017,8.556306616
7/31/2017,9.190613292
8/1/2017,9.298373858
8/2/2017,8.592922496
8/3/2017,8.486240321
8/4/2017,8.240404478
8/7/2017,8.54698392
8/8/2017,8.363763866
8/9/2017,9.144137869
8/10/2017,9.382319381
8/11/2017,9.342176304
8/14/2017,8.904438801
8/15/2017,8.49657721
8/16/2017,8.506055391
8/17/2017,8.762811459
8/18/2017,8.741241006
8/21/2017,9.013374657
8/22/2017,8.619911413
8/23/2017,8.92329722
8/24/2017,8.739100271
8/29/2017,8.624775875
8/30/2017,8.502060477
8/31/2017,8.480867364
9/1/2017,7.876761967
9/5/2017,9.376686497
9/6/2017,9.272209397
9/7/2017,9.512572423
9/8/2017,9.602553009
9/11/2017,8.775778303
9/12/2017,8.4298969
9/13/2017,8.382044885
9/14/2017,8.61555538
9/15/2017,8.001308867
9/18/2017,8.236033499
9/19/2017,8.291690513
9/20/2017,8.021470573
9/21/2017,7.911927538
9/26/2017,8.088414416
9/27/2017,8.484432444
9/28/2017,8.284266618
9/29/2017,8.32256778
10/2/2017,8.786925423
10/3/2017,8.772795354
10/4/2017,8.653626714
10/5/2017,8.746852984
10/6/2017,8.762593614
10/9/2017,8.823893396
10/10/2017,8.527671216
10/11/2017,8.337062322
10/12/2017,8.570442679
10/13/2017,8.462513109
10/16/2017,8.304199029
10/17/2017,8.203721972
10/18/2017,8.142786464
10/19/2017,8.526457915
10/20/2017,8.695301906
10/23/2017,8.899592839
10/24/2017,9.116676907
10/25/2017,9.505694022
10/26/2017,9.313973866
10/31/2017,8.683807582
11/1/2017,8.427269413
11/2/2017,8.143643382
11/3/2017,7.60668685
11/6/2017,7.998276784
11/7/2017,7.816914036
11/8/2017,7.745620287
11/9/2017,7.833635112
11/10/2017,8.143869775
11/13/2017,8.210869126
11/14/2017,8.206816947
11/15/2017,8.307128112
11/16/2017,8.443865681
11/17/2017,8.522996839
11/20/2017,8.477753905
11/21/2017,8.389628485
11/22/2017,8.04278879
11/28/2017,7.827226674
11/29/2017,8.094802567
11/30/2017,8.448295244
12/1/2017,9.012811717
12/4/2017,8.576434734
12/5/2017,8.542287276
12/6/2017,8.323712114
12/7/2017,8.688350891
12/8/2017,8.352577725
12/11/2017,8.420705109
12/12/2017,8.125511607
12/13/2017,7.661806491
12/14/2017,8.281412664
12/15/2017,8.084285855
12/18/2017,8.235744615
12/19/2017,8.481621738
12/20/2017,8.691305905
12/21/2017,8.894579102
12/27/2017,8.459973846
12/28/2017,8.267556464
12/29/2017,8.666042435
1/2/2018,8.835922571
1/3/2018,8.420730435
1/4/2018,8.23105148
1/5/2018,8.081798457
1/8/2018,7.894695708
1/9/2018,8.480471492
1/10/2018,8.352288504
1/11/2018,8.17115773
1/12/2018,8.058415971
1/16/2018,8.229803628
1/17/2018,8.297931127
1/18/2018,8.820064969
1/19/2018,9.612895906
1/22/2018,9.416212301
1/23/2018,9.053159584
1/24/2018,9.438752838
1/25/2018,8.89960892
1/30/2018,9.994494004
1/31/2018,9.609391544
2/1/2018,10.26518166
2/2/2018,10.42804585
2/5/2018,10.68002093
2/6/2018,11.01349196
2/7/2018,10.86320064
2/8/2018,12.16216799
2/9/2018,12.62121185
2/12/2018,11.48838037
2/13/2018,11.15886696
2/14/2018,11.0686574
2/15/2018,10.02726295
2/16/2018,9.334673362
2/20/2018,9.693322029
2/21/2018,10.12842984
2/22/2018,9.548984999
2/27/2018,9.840832483
2/28/2018,9.568956681
3/1/2018,9.589088674
3/2/2018,9.682832482
3/5/2018,9.645111794
3/6/2018,9.474340949
3/7/2018,9.487495114
3/8/2018,8.898973304
3/9/2018,8.515285391
3/12/2018,8.341190229
3/13/2018,7.746284079
3/14/2018,8.207681252
3/15/2018,8.203667461
3/16/2018,8.602110113
3/19/2018,9.059430999
3/20/2018,8.849209832
3/21/2018,8.053465548
3/22/2018,8.128170007
3/27/2018,8.402909908
3/28/2018,8.537371426
3/29/2018,8.846945438
4/2/2018,9.052193946
4/3/2018,8.641157198
4/4/2018,8.445319135
4/5/2018,8.3409547
4/6/2018,8.370592572
4/9/2018,8.009954625
4/10/2018,8.090781349
4/11/2018,7.618297482
4/12/2018,7.906143475
4/13/2018,7.814947409
4/16/2018,8.112414425
4/17/2018,7.483475718
4/18/2018,7.865192533
4/19/2018,8.30768563
4/24/2018,8.21276486
4/25/2018,8.927231005
4/26/2018,8.557071148
4/27/2018,7.639309093
4/30/2018,8.175694144
5/1/2018,7.971346579
5/2/2018,7.710814352
5/3/2018,7.573771635
5/4/2018,7.377815464
5/7/2018,7.74093517
5/8/2018,8.040475021
5/9/2018,8.135430188
5/10/2018,7.633430824
5/11/2018,7.086725853
5/14/2018,7.511746691
5/15/2018,8.093203436
5/16/2018,8.214355705
5/17/2018,8.642306478
5/18/2018,8.055464903
5/21/2018,8.398671504
5/22/2018,7.462534309
5/23/2018,7.409940904
5/24/2018,7.925704911
5/30/2018,8.879577442
5/31/2018,8.76470152
6/1/2018,8.555447792
6/4/2018,7.884195285
6/5/2018,7.855312146
6/6/2018,8.298054207
6/7/2018,8.858758231
6/8/2018,8.871063816
6/11/2018,8.910137309
6/12/2018,8.750221655
6/13/2018,8.147351104
6/14/2018,7.831937187
6/15/2018,7.942096532
6/18/2018,7.86542375
6/19/2018,7.733181546
6/20/2018,7.377691715
6/21/2018,7.864712013
6/26/2018,6.911510154
6/27/2018,7.56869435
6/28/2018,7.496355226
6/29/2018,7.177587638
7/2/2018,7.092235818
7/3/2018,7.641557628
7/5/2018,7.390046809
7/6/2018,7.273521777
7/9/2018,7.38397318
7/10/2018,7.665862258
7/11/2018,7.825531398
7/12/2018,7.224284813
7/13/2018,7.284082383
7/16/2018,7.295719056
7/17/2018,7.116233247
7/18/2018,7.230219048
7/19/2018,7.376912657
7/20/2018,7.855598651
7/23/2018,8.726741079
7/24/2018,8.040046537
7/25/2018,7.081773154
7/26/2018,7.935455887
7/31/2018,7.410643992
8/1/2018,7.729365196
8/2/2018,7.678019208
8/3/2018,7.467599949
8/6/2018,7.527691177
8/7/2018,7.387531605
8/8/2018,7.355346916
8/9/2018,7.281040456
8/10/2018,7.756137845
8/13/2018,8.017265501
8/14/2018,7.425442055
8/15/2018,8.275657166
8/16/2018,7.741817127
8/17/2018,7.758737912
8/20/2018,7.841372059
8/21/2018,6.845830373
8/22/2018,7.335324623
8/23/2018,7.375390872
8/28/2018,7.272735208
8/29/2018,6.967910938
8/30/2018,7.035427193
8/31/2018,7.092318808
9/4/2018,7.540276936
9/5/2018,7.414886873
9/6/2018,7.497036291
9/7/2018,7.346012661
9/10/2018,7.199120787
9/11/2018,7.147521204
9/12/2018,6.779232987
9/13/2018,6.324926209
9/14/2018,7.162376052
9/17/2018,7.063453919
9/18/2018,7.249823068
9/19/2018,7.875203398
9/20/2018,7.61500745
9/25/2018,7.85629434
9/26/2018,7.111562528
9/27/2018,6.970707664
9/28/2018,6.887895658
10/1/2018,7.252875538
10/2/2018,7.143984125
10/3/2018,8.328637011
10/4/2018,9.344658814
10/5/2018,9.418052799
10/8/2018,9.512639411
10/9/2018,8.981930846
10/10/2018,9.901698993
10/11/2018,9.187664289
10/12/2018,8.591663901
10/15/2018,8.247611932
10/16/2018,8.230738358
10/17/2018,7.844364825
10/18/2018,8.098660259
10/19/2018,8.296226329
10/22/2018,8.569777692
10/23/2018,8.600590265
10/24/2018,9.347592307
10/25/2018,8.763059324
10/30/2018,9.278833575
10/31/2018,8.868923057
11/1/2018,8.947410967
11/2/2018,9.019092955
11/5/2018,9.401738931
11/6/2018,9.368269343
11/7/2018,7.952288495
11/8/2018,8.15611939
11/9/2018,7.675908486
11/12/2018,7.837905697
11/13/2018,8.220276499
11/14/2018,8.331058683
11/15/2018,8.156437238
11/16/2018,8.263054565
11/19/2018,8.406875405
11/20/2018,8.392226323
11/21/2018,8.185341015
11/27/2018,7.662057238
11/28/2018,7.143228843
11/29/2018,7.326790162
11/30/2018,7.412223703
12/3/2018,7.208333262
12/4/2018,8.452457676
12/5/2018,8.576626224
12/6/2018,9.414110819
12/7/2018,9.231804482
12/10/2018,8.909281253
12/11/2018,8.784625342
12/12/2018,8.557618136
12/13/2018,8.120267618
12/14/2018,8.301216062
12/17/2018,8.689749193
12/18/2018,8.642838559
12/19/2018,8.22134895
12/20/2018,9.435027202
12/26/2018,9.058610784
12/27/2018,9.632319255
12/28/2018,9.136279058
12/31/2018,8.988464255
1/2/2019,8.763383108
1/3/2019,9.863212126
1/4/2019,9.27346506
1/7/2019,9.011766394
1/8/2019,8.731365956
1/9/2019,8.243941988
1/10/2019,8.088649105
1/11/2019,7.624091695
1/14/2019,7.920055529
1/15/2019,7.674353839
1/16/2019,7.610411755
1/17/2019,7.553145715
1/18/2019,8.372425331
1/22/2019,7.623151714
1/23/2019,8.212519389
1/24/2019,7.581092046
1/29/2019,7.231252174
1/30/2019,7.037347704
1/31/2019,7.339385091
2/1/2019,7.132371646
2/4/2019,7.159120264
2/5/2019,7.09015632
2/6/2019,7.035155208
2/7/2019,7.108968572
2/8/2019,6.999677727
2/11/2019,7.232353044
2/12/2019,7.178425527
2/13/2019,7.000138046
2/14/2019,7.00046668
2/15/2019,6.83439328
2/19/2019,6.451078956
2/20/2019,6.679357949
2/21/2019,6.756765488
2/26/2019,6.643391648
2/27/2019,7.217851231
2/28/2019,7.250046177
3/1/2019,7.426976372
3/4/2019,7.440822535
3/5/2019,7.213363325
3/6/2019,6.826071101
3/7/2019,6.867364344
3/8/2019,6.662535991
3/11/2019,6.88216231
3/12/2019,6.948809115
3/13/2019,6.873013425
3/14/2019,6.851530357
3/15/2019,6.909200481
3/18/2019,6.922956545
3/19/2019,6.74346593
3/20/2019,6.939834551
3/21/2019,7.092810722
3/26/2019,8.217233815
3/27/2019,8.978135695
3/28/2019,8.14974396
3/29/2019,8.012488892
4/1/2019,7.385352999
4/2/2019,7.723187369
4/3/2019,7.264101923
4/4/2019,7.235077935
4/5/2019,7.055682146
4/8/2019,7.170361213
4/9/2019,7.118565159
4/10/2019,6.76641851
4/11/2019,6.647380182
4/12/2019,6.638835109
4/15/2019,6.707404693
4/16/2019,6.524038321
4/17/2019,6.412845288
4/18/2019,6.853199865
4/22/2019,6.74825715
4/23/2019,7.162290167
4/24/2019,6.629032646
4/25/2019,6.691555596
4/30/2019,6.844255624
5/1/2019,6.75482135
5/2/2019,6.706882789
5/3/2019,6.568829717
5/6/2019,6.879830167
5/7/2019,7.594663411
5/8/2019,7.387410582
5/9/2019,7.558257179
5/10/2019,7.18664637
5/13/2019,7.762399131
5/14/2019,7.432169316
5/15/2019,7.178582889
5/16/2019,7.233133041
5/17/2019,7.087812515
5/20/2019,7.34458949
5/21/2019,7.821466029
5/22/2019,7.256959217
5/23/2019,8.123000191
5/29/2019,8.626630009
5/30/2019,8.429032936
5/31/2019,9.779648885
6/3/2019,9.907462504
6/4/2019,9.228225636
6/5/2019,9.25985273
6/6/2019,9.725065308
6/7/2019,8.51818429
6/10/2019,8.047832116
6/11/2019,8.098850273
6/12/2019,8.266184112
6/13/2019,9.558617009
6/14/2019,9.526729755
6/17/2019,9.654718332
6/18/2019,9.55072297
6/19/2019,8.826468241
6/20/2019,8.774206168
6/25/2019,8.712870871
6/26/2019,8.252796852
6/27/2019,8.099673326
6/28/2019,8.077626032
7/1/2019,7.841192352
7/2/2019,7.82134918
7/3/2019,8.052480117
7/5/2019,8.091703856
7/8/2019,7.876251794
7/9/2019,8.087386477
7/10/2019,7.900459897
7/11/2019,7.977136237
7/12/2019,7.955286243
7/15/2019,8.177847902
7/16/2019,8.22970651
7/17/2019,8.154062367
7/18/2019,7.970502892
7/19/2019,7.890205178
7/22/2019,8.075997767
7/23/2019,8.043809936
7/24/2019,8.33705184
7/25/2019,8.080435227
7/30/2019,7.82925613
7/31/2019,7.923646102
