Trade Date,JGBVIX,BP JGBVIX
7/16/2019,1.66,23.18594342
7/12/2019,1.68,23.45187243
7/11/2019,1.54,21.46907448
7/10/2019,1.56,21.75434475
7/9/2019,1.38,19.22409455
7/8/2019,1.43,19.91482464
7/5/2019,1.47,20.4687868
7/4/2019,1.49,20.7133753
7/3/2019,1.5,20.85200516
7/2/2019,1.48,20.56290317
7/1/2019,1.54,21.38949929
6/28/2019,1.84,25.53907788
6/27/2019,1.76,24.41632266
6/26/2019,1.85,25.64301027
6/25/2019,1.73,23.96336671
6/24/2019,1.91,26.46075622
6/21/2019,1.89,26.17938966
6/20/2019,1.71,23.63971934
6/19/2019,1.81,25.01909532
6/18/2019,1.63,22.5309737
6/17/2019,1.61,22.24146837
6/14/2019,1.58,21.81340862
6/13/2019,1.65,23.57470066
6/12/2019,1.63,23.27247948
6/11/2019,1.63,23.27157053
6/10/2019,1.76,25.12010707
6/7/2019,1.73,24.66907039
6/6/2019,1.73,24.64544197
6/5/2019,1.71,24.36058294
6/4/2019,1.41,20.07416649
6/3/2019,1.45,20.63540554
5/31/2019,1.44,20.49189567
5/30/2019,1.34,19.05063603
5/29/2019,1.43,20.31773884
5/28/2019,1.28,18.17356867
5/27/2019,1.28,18.17034699
5/24/2019,1.25,17.73881025
5/23/2019,1.22,17.29304736
5/22/2019,1.24,17.56545501
5/21/2019,1.25,17.70883172
5/20/2019,1.26,17.85635313
5/17/2019,1.24,17.55331661
5/16/2019,1.28,18.09471083
5/15/2019,1.23,17.38259887
5/14/2019,1.27,17.94110196
5/13/2019,1.35,19.06212628
5/10/2019,1.47,20.75134264
5/9/2019,1.43,20.15861569
5/8/2019,1.43,20.16091563
5/7/2019,1.46,20.57201282
4/26/2019,1.55,21.82460712
4/25/2019,1.47,20.61094004
4/24/2019,1.4,19.62689714
4/23/2019,1.39,19.48073149
4/22/2019,1.37,19.19264524
4/19/2019,1.44,20.16530811
4/18/2019,1.45,20.28023458
4/17/2019,1.57,21.95617839
4/16/2019,1.49,20.84043712
4/15/2019,1.46,20.40177621
4/12/2019,1.34,18.70842323
4/11/2019,1.32,18.41379142
4/10/2019,1.39,19.37925263
4/9/2019,1.37,19.09100512
4/8/2019,1.46,20.34651289
4/5/2019,1.53,21.30773138
4/4/2019,1.42,19.74253534
4/3/2019,1.41,19.60990231
4/2/2019,1.41,19.5925069
4/1/2019,1.47,20.42738393
3/29/2019,1.41,19.58112558
3/28/2019,1.44,19.98099049
3/27/2019,1.37,18.99713301
3/26/2019,1.43,19.82327276
3/25/2019,1.49,20.6393721
3/22/2019,1.39,19.24952108
3/20/2019,1.37,18.95650109
3/19/2019,1.33,18.38638951
3/18/2019,1.33,18.38039285
3/15/2019,1.35,18.64988993
3/14/2019,1.41,19.45833412
3/13/2019,1.4,20.00651248
3/12/2019,1.44,20.57608516
3/11/2019,1.42,20.27873625
3/8/2019,1.46,20.83904904
3/7/2019,1.34,19.11131783
3/6/2019,1.33,18.95993192
3/5/2019,1.44,20.52784516
3/4/2019,1.52,21.64895725
3/1/2019,1.43,20.36242024
2/28/2019,1.52,21.61143325
2/27/2019,1.44,20.46323215
2/26/2019,1.42,20.17227009
2/25/2019,1.45,20.59951774
2/22/2019,1.45,20.58447979
2/21/2019,1.46,20.70541754
2/20/2019,1.44,20.41321379
2/19/2019,1.39,19.68917631
2/18/2019,1.42,20.11268773
2/15/2019,1.4,19.81962856
2/14/2019,1.47,20.79350159
2/13/2019,1.43,20.22117405
2/12/2019,1.43,20.2061304
2/8/2019,1.45,20.48514747
2/7/2019,1.36,19.18066081
2/6/2019,1.36,19.16956103
2/5/2019,1.4,19.73507982
2/4/2019,1.5,21.12918899
2/1/2019,1.5,21.1217239
1/31/2019,1.49,20.95648415
1/30/2019,1.41,19.82305091
1/29/2019,1.4,19.68007863
1/28/2019,1.42,19.95445411
1/25/2019,1.37,19.23738133
1/24/2019,1.42,19.9142543
1/23/2019,1.54,21.60046856
1/22/2019,1.56,21.86416012
1/21/2019,1.57,21.99604225
1/18/2019,1.57,21.98783038
1/17/2019,1.54,21.54142127
1/16/2019,1.59,22.23857429
1/15/2019,1.65,23.05913434
1/11/2019,1.64,22.9181491
1/10/2019,1.65,23.0132423
1/9/2019,1.72,23.99224019
1/8/2019,1.75,24.41619743
1/7/2019,1.98,27.59637163
1/4/2019,2.05,28.54726717
12/28/2018,1.67,23.22647974
12/27/2018,1.9,26.36965366
12/26/2018,1.88,26.08066181
12/25/2018,1.96,27.17813172
12/21/2018,2.02,28.014205
12/20/2018,2.21,30.58871103
12/19/2018,2.18,30.17098017
12/18/2018,1.77,24.47025887
12/17/2018,1.7,23.50990281
12/14/2018,1.63,22.51689522
12/13/2018,1.5,21.60010113
12/12/2018,1.59,22.89521351
12/11/2018,1.66,23.89376097
12/10/2018,1.68,24.17291927
12/7/2018,1.65,23.72460905
12/6/2018,1.69,24.28923113
12/5/2018,1.5,21.52620892
12/4/2018,1.45,20.81865727
12/3/2018,1.43,20.51702094
11/30/2018,1.52,21.80572662
11/29/2018,1.55,22.20850867
11/28/2018,1.45,20.77248792
11/27/2018,1.44,20.61770053
11/26/2018,1.49,21.32560371
11/22/2018,1.45,20.74360756
11/21/2018,1.42,20.27964557
11/20/2018,1.45,20.69801431
11/19/2018,1.43,20.40521914
11/16/2018,1.36,19.40362357
11/15/2018,1.29,18.38826323
11/14/2018,1.34,19.08723699
11/13/2018,1.31,18.65011315
11/12/2018,1.33,18.93063006
11/9/2018,1.29,18.3549725
11/8/2018,1.3,18.47616761
11/7/2018,1.32,18.75370108
11/6/2018,1.34,19.02973921
11/5/2018,1.32,18.73985213
11/2/2018,1.32,18.73607758
11/1/2018,1.3,18.426565
10/31/2018,1.36,19.26911492
10/30/2018,1.42,20.11670263
10/29/2018,1.51,21.37727609
10/26/2018,1.51,21.37248264
10/25/2018,1.31,18.51978909
10/24/2018,1.29,18.225457
10/23/2018,1.34,18.93371417
10/22/2018,1.33,18.78546065
10/19/2018,1.29,18.2114697
10/18/2018,1.29,18.19275551
10/17/2018,1.31,18.46589463
10/16/2018,1.35,19.02064316
10/15/2018,1.33,18.73457244
10/12/2018,1.29,18.1578041
10/11/2018,1.34,18.84957493
10/10/2018,1.35,18.97691336
10/9/2018,1.35,18.9694993
10/5/2018,1.25,17.56089726
10/4/2018,1.36,19.07435153
10/3/2018,1.28,17.94791286
10/2/2018,1.28,17.93230232
10/1/2018,1.37,19.20430902
9/28/2018,1.4,19.60737851
9/27/2018,1.38,19.3226411
9/26/2018,1.43,20.00044522
9/25/2018,1.5,20.97828357
9/21/2018,1.44,20.12898569
9/20/2018,1.27,17.74461737
9/19/2018,1.31,18.27603126
9/18/2018,1.31,18.26751646
9/14/2018,1.25,17.42564978
9/13/2018,1.26,17.5600463
9/12/2018,1.33,19.23793971
9/11/2018,1.38,19.9508165
9/10/2018,1.43,20.67173998
9/7/2018,1.35,19.50593467
9/6/2018,1.41,20.35913354
9/5/2018,1.45,20.90984105
9/4/2018,1.52,21.91905032
9/3/2018,1.54,22.19552938
8/31/2018,1.49,21.46537419
8/30/2018,1.64,23.61789348
8/29/2018,1.51,21.72305797
8/28/2018,1.54,22.14476358
8/27/2018,1.62,23.27190138
8/24/2018,1.52,21.83238164
8/23/2018,1.5,21.5458187
8/22/2018,1.54,22.0989497
8/21/2018,1.49,21.3650504
8/20/2018,1.48,21.21135739
8/17/2018,1.47,21.0579449
8/16/2018,1.53,21.91625994
8/15/2018,1.5,21.46446007
8/14/2018,1.56,22.31990511
8/13/2018,1.5,21.44198778
8/10/2018,1.48,21.13842596
8/9/2018,1.62,23.1459434
8/8/2018,1.63,23.26328854
8/7/2018,1.67,23.82909711
8/6/2018,1.7,24.24252606
8/3/2018,1.7,24.22578538
8/2/2018,1.96,27.93293894
8/1/2018,2.18,31.04635715
7/31/2018,1.72,24.4807771
7/30/2018,2.48,35.25535645
7/27/2018,2.47,35.11000706
7/26/2018,2.85,40.48467046
7/25/2018,1.98,28.08087529
7/24/2018,2.09,29.63093006
7/23/2018,2.19,31.05135917
7/20/2018,1.27,17.99036889
7/19/2018,1.25,17.70495768
7/18/2018,1.24,17.54803926
7/17/2018,1.23,17.39036009
7/13/2018,1.2,16.96252398
7/12/2018,1.2,16.95635072
7/11/2018,1.16,16.36908608
7/10/2018,1.17,16.50485094
7/9/2018,1.13,15.9306355
7/6/2018,1.11,15.64180448
7/5/2018,1.14,16.05983205
7/4/2018,1.14,16.04063444
7/3/2018,1.14,16.03395039
7/2/2018,1.11,15.60651111
6/29/2018,1.13,15.88294649
6/28/2018,1.16,16.29809966
6/27/2018,1.22,17.12166468
6/26/2018,1.24,17.40131237
6/25/2018,1.25,17.52685717
6/22/2018,1.2,16.82348851
6/21/2018,1.24,17.37498112
6/20/2018,1.25,17.50086056
6/19/2018,1.21,16.92985531
6/18/2018,1.24,17.34455669
6/15/2018,1.27,17.75130159
6/14/2018,1.43,19.98801356
6/13/2018,1.52,21.98720678
6/12/2018,1.43,20.67961506
6/11/2018,1.35,19.51470581
6/8/2018,1.33,19.2148296
6/7/2018,1.32,19.06616067
6/6/2018,1.33,19.18477454
6/5/2018,1.36,19.6022931
6/4/2018,1.36,19.60124737
6/1/2018,1.33,19.16435379
5/31/2018,1.28,18.4336612
5/30/2018,1.46,21.00610206
5/29/2018,1.37,19.69128451
5/28/2018,1.36,19.54389449
5/25/2018,1.25,17.95269939
5/24/2018,1.3,18.66749926
5/23/2018,1.31,18.78987812
5/22/2018,1.28,18.35346042
5/21/2018,1.33,19.05874346
5/18/2018,1.31,18.7614084
5/17/2018,1.31,18.76286688
5/16/2018,1.3,18.59268993
5/15/2018,1.34,19.16241539
5/14/2018,1.27,18.15094041
5/11/2018,1.27,18.14231518
5/10/2018,1.22,17.41969236
5/9/2018,1.27,18.12085465
5/8/2018,1.33,18.96104916
5/7/2018,1.3,18.53028697
5/2/2018,1.31,18.66510768
5/1/2018,1.29,18.37239924
4/27/2018,1.28,18.18723145
4/26/2018,1.46,20.74507815
4/25/2018,1.43,20.30312081
4/24/2018,1.41,19.99041614
4/23/2018,1.42,20.13598282
4/20/2018,1.48,20.96831164
4/19/2018,1.26,17.84556417
4/18/2018,1.25,17.67896405
4/17/2018,1.31,18.52144525
4/16/2018,1.32,18.66314848
4/13/2018,1.31,18.51392164
4/12/2018,1.3,18.36259311
4/11/2018,1.27,17.91800617
4/10/2018,1.34,18.89496362
4/9/2018,1.38,19.45278583
4/6/2018,1.35,19.02048062
4/5/2018,1.35,19.02443955
4/4/2018,1.38,19.41953328
4/3/2018,1.44,20.24891342
4/2/2018,1.47,20.67139497
3/29/2018,1.62,22.75218773
3/28/2018,1.65,23.14514039
3/27/2018,1.63,22.86323959
3/26/2018,1.66,23.2781212
3/23/2018,1.57,21.99646142
3/22/2018,1.47,20.58501296
3/20/2018,1.46,20.42953476
3/19/2018,1.5,20.98619057
3/16/2018,1.56,21.79634996
3/15/2018,1.44,20.11768246
3/14/2018,1.48,20.65493407
3/13/2018,1.47,21.26418438
3/12/2018,1.52,21.97494383
3/9/2018,1.45,20.95433533
3/8/2018,1.52,21.95538121
3/7/2018,1.52,21.92431813
3/6/2018,1.58,22.78328183
3/5/2018,1.56,22.47818842
3/2/2018,1.92,27.64420377
3/1/2018,1.36,19.58867989
2/28/2018,1.57,22.5896951
2/27/2018,1.58,22.7205758
2/26/2018,1.57,22.57391509
2/23/2018,1.51,21.69965293
2/22/2018,1.51,21.68880729
2/21/2018,1.51,21.67107344
2/20/2018,1.55,22.23621815
2/19/2018,1.59,22.79391101
2/16/2018,1.6,22.93786033
2/15/2018,1.66,23.77943458
2/14/2018,1.69,24.18598138
2/13/2018,1.62,23.16950916
2/9/2018,1.59,22.74244787
2/8/2018,1.49,21.29106278
2/7/2018,1.48,21.1183106
2/6/2018,1.55,22.11529715
2/5/2018,1.49,21.24663957
2/2/2018,1.49,21.23548622
2/1/2018,1.61,22.95769321
1/31/2018,1.58,22.48828842
1/30/2018,1.75,24.89777288
1/29/2018,1.64,23.3248143
1/26/2018,1.51,21.46551207
1/25/2018,1.55,22.03052627
1/24/2018,1.52,21.57779269
1/23/2018,1.52,21.55734181
1/22/2018,1.69,23.96501863
1/19/2018,1.72,24.38705385
1/18/2018,1.71,24.2380162
1/17/2018,1.9,26.89398897
1/16/2018,1.8,25.46555351
1/15/2018,1.76,24.88979858
1/12/2018,1.52,21.49026009
1/11/2018,1.58,22.32252364
1/10/2018,1.69,23.86158288
1/9/2018,1.75,24.69651197
1/5/2018,1.56,21.99767071
1/4/2018,1.54,21.70921655
12/29/2017,1.48,20.82597105
12/28/2017,1.57,22.08934786
12/27/2017,1.59,22.3240391
12/26/2017,1.48,20.76484532
12/25/2017,1.47,20.61272072
12/22/2017,1.42,19.91007579
12/21/2017,1.58,22.13623334
12/20/2017,1.63,22.81926204
12/19/2017,1.49,20.84903544
12/18/2017,1.42,19.85994536
12/15/2017,1.38,19.288374
12/14/2017,1.47,20.54128993
12/13/2017,1.51,21.92113086
12/12/2017,1.51,21.89656191
12/11/2017,1.62,23.48404604
12/8/2017,1.62,23.48644364
12/7/2017,1.7,24.63502794
12/6/2017,1.68,24.30388512
12/5/2017,1.73,25.01968682
12/4/2017,1.66,24.01050244
12/1/2017,1.69,24.42861932
11/30/2017,1.73,24.99920555
11/29/2017,1.75,25.24853985
11/28/2017,1.78,25.67460175
11/27/2017,1.79,25.80934636
11/24/2017,1.73,24.93450105
11/22/2017,1.66,23.92710143
11/21/2017,1.69,24.31273714
11/20/2017,1.75,25.15793984
11/17/2017,1.73,24.86380799
11/16/2017,1.64,23.57464225
11/15/2017,1.68,24.1145109
11/14/2017,1.64,23.52048254
11/13/2017,1.69,24.24896795
11/10/2017,1.6,22.94274868
11/9/2017,1.63,23.35803996
11/8/2017,1.57,22.47319249
11/7/2017,1.53,21.89600015
11/6/2017,1.46,20.88135366
11/2/2017,1.3,18.58476433
11/1/2017,1.36,19.4440049
10/31/2017,1.4,19.97968233
10/30/2017,1.56,22.260272
10/27/2017,1.53,21.81815
10/26/2017,1.51,21.52639881
10/25/2017,1.53,21.78036579
10/24/2017,1.47,20.93466388
10/23/2017,1.63,23.19484448
10/20/2017,1.73,24.60828271
10/19/2017,1.88,26.72212896
10/18/2017,1.85,26.27331048
10/17/2017,1.84,26.12778254
10/16/2017,1.83,25.97241064
10/13/2017,1.79,25.39056347
10/12/2017,1.81,25.65456153
10/11/2017,1.84,26.05699937
10/10/2017,1.85,26.19512688
10/6/2017,1.9,26.89543061
10/5/2017,1.8,25.46031433
10/4/2017,1.81,25.5623021
10/3/2017,2.03,28.66245471
10/2/2017,1.97,27.80986706
9/29/2017,1.86,26.23659236
9/28/2017,1.98,27.91906875
9/27/2017,1.91,26.91048159
9/26/2017,1.87,26.32495678
9/25/2017,1.83,25.76864238
9/22/2017,1.72,24.19327089
9/21/2017,1.65,23.19617
9/20/2017,1.87,26.25781365
9/19/2017,1.98,27.80897017
9/15/2017,1.84,25.82181579
9/14/2017,1.98,27.78762113
9/13/2017,1.9,26.609299
9/12/2017,1.9,27.55488043
9/11/2017,1.91,27.71464333
9/8/2017,2.06,29.86722396
9/7/2017,1.91,27.66923741
9/6/2017,1.91,27.6455079
9/5/2017,1.89,27.34860569
9/4/2017,1.85,26.73906738
9/1/2017,1.71,24.69951603
8/31/2017,1.8,26.00876333
8/30/2017,1.77,25.54205778
8/29/2017,1.83,26.40267219
8/28/2017,1.73,24.93699945
8/25/2017,1.65,23.77711727
8/24/2017,1.64,23.62494408
8/23/2017,1.59,22.88592031
8/22/2017,1.66,23.88811935
8/21/2017,1.71,24.59071539
8/18/2017,1.55,22.27696945
8/17/2017,1.64,23.58681594
8/16/2017,1.62,23.24637583
8/15/2017,1.64,23.52561021
8/14/2017,1.55,22.23450135
8/10/2017,1.52,21.79484018
8/9/2017,1.43,20.49166202
8/8/2017,1.42,20.32193899
8/7/2017,1.42,20.31822489
8/4/2017,1.37,19.59268253
8/3/2017,1.38,19.7255515
8/2/2017,1.32,18.85323697
8/1/2017,1.41,20.13351647
7/31/2017,1.4,19.97430808
7/28/2017,1.45,20.68371231
7/27/2017,1.44,20.53609502
7/26/2017,1.48,21.07690437
7/25/2017,1.39,19.79728806
7/24/2017,1.38,19.62777938
7/21/2017,1.44,20.48148476
7/20/2017,1.51,21.47206337
7/19/2017,1.61,22.86194733
7/18/2017,1.57,22.28640162
7/14/2017,1.49,21.14509444
7/13/2017,1.53,21.72026694
7/12/2017,1.53,21.672404
7/11/2017,1.61,22.80676853
7/10/2017,1.65,23.35603017
7/7/2017,1.71,24.18245799
7/6/2017,1.72,24.34534339
7/5/2017,1.49,21.07602444
7/4/2017,1.49,21.03804201
7/3/2017,1.55,21.87712669
6/30/2017,1.64,23.1610233
6/29/2017,1.41,19.88466878
6/28/2017,1.51,21.27315568
6/27/2017,1.46,20.55665579
6/26/2017,1.46,20.55090447
6/23/2017,1.36,19.13552793
6/22/2017,1.39,19.56064354
6/21/2017,1.45,20.37087706
6/20/2017,1.49,20.92105693
6/19/2017,1.5,21.06540227
6/16/2017,1.55,21.75032978
6/15/2017,1.65,23.13104376
6/14/2017,1.8,25.21703353
6/13/2017,1.66,24.17706259
6/12/2017,1.64,23.87900582
6/9/2017,1.59,23.14270424
6/8/2017,1.77,25.74095805
6/7/2017,1.46,21.21133465
6/6/2017,1.47,21.34345171
6/5/2017,1.43,20.75613046
6/2/2017,1.41,20.45313456
6/1/2017,1.55,22.47474955
5/31/2017,1.61,23.32582601
5/30/2017,1.68,24.3302434
5/29/2017,1.71,24.7540733
5/26/2017,1.67,24.16745967
5/25/2017,1.8,26.0446132
5/24/2017,1.85,26.72695735
5/23/2017,1.84,26.56670747
5/22/2017,1.92,27.714363
5/19/2017,1.89,27.27216685
5/18/2017,1.85,26.6938658
5/17/2017,1.78,25.64680794
5/16/2017,1.73,24.92642206
5/15/2017,1.79,25.78186551
5/12/2017,1.71,24.59829715
5/11/2017,1.84,26.47010338
5/10/2017,1.81,25.99466557
5/9/2017,1.68,24.13029537
5/8/2017,1.8,25.82679921
5/2/2017,1.64,23.53131194
5/1/2017,1.63,23.3715967
4/28/2017,1.57,22.46392315
4/27/2017,1.68,24.03594495
4/26/2017,1.79,25.55508822
4/25/2017,1.85,26.41665042
4/24/2017,1.8,25.69129999
4/21/2017,1.99,28.40004301
4/20/2017,1.92,27.39805904
4/19/2017,1.93,27.50000805
4/18/2017,1.95,27.75621307
4/17/2017,2.07,29.47104937
4/14/2017,2.02,28.73057281
4/13/2017,1.91,27.16985472
4/12/2017,1.87,26.55357363
4/11/2017,1.79,25.40557882
4/10/2017,1.74,24.70376718
4/7/2017,1.58,22.42821791
4/6/2017,1.57,22.27179149
4/5/2017,1.58,22.38259494
4/4/2017,1.65,23.36739791
4/3/2017,1.69,23.93833288
3/31/2017,1.66,23.49789486
3/30/2017,1.7,24.05637274
3/29/2017,1.81,25.57401154
3/28/2017,1.87,26.40357105
3/27/2017,1.86,26.25683863
3/24/2017,1.76,24.84842619
3/23/2017,1.8,25.40033621
3/22/2017,1.75,24.66700514
3/21/2017,1.85,26.07329561
3/17/2017,1.81,25.49077693
3/16/2017,1.88,26.48411942
3/15/2017,1.95,27.4380802
3/14/2017,1.92,26.98887305
3/13/2017,1.94,28.25783808
3/10/2017,1.91,27.80375188
3/9/2017,1.9,27.65950942
3/8/2017,1.79,26.03107573
3/7/2017,1.75,25.41351222
3/6/2017,1.76,25.55358657
3/3/2017,1.77,25.69028463
3/2/2017,1.94,28.16323423
3/1/2017,2.01,29.1306016
2/28/2017,2.06,29.84000926
2/27/2017,2.17,31.4242379
2/24/2017,2,28.95792053
2/23/2017,2,28.95345623
2/22/2017,1.95,28.19662922
2/21/2017,1.95,28.18158491
2/20/2017,2.03,29.31951847
2/17/2017,2.01,29.02760151
2/16/2017,2.09,30.17190041
2/15/2017,2.07,29.8533416
2/14/2017,2.11,30.41156589
2/13/2017,2.19,31.56481947
2/10/2017,2.05,29.51931882
2/9/2017,2.06,29.63246512
2/8/2017,2.16,31.05204073
2/7/2017,2.35,33.7803843
2/6/2017,2.39,34.33835685
2/3/2017,2.1,30.1784031
2/2/2017,2.4,34.45770425
2/1/2017,2.35,33.69487416
1/31/2017,2.43,34.81759041
1/30/2017,2.27,32.53877496
1/27/2017,2.29,32.78584644
1/26/2017,2.32,33.21618583
1/25/2017,2.22,31.74704788
1/24/2017,2.14,30.5929015
1/23/2017,2.06,29.43366189
1/20/2017,2.09,29.8415255
1/19/2017,2.12,30.26673283
1/18/2017,2.07,29.51511203
1/17/2017,2.03,28.91244321
1/16/2017,2.14,30.49521451
1/13/2017,2.11,30.05273819
1/12/2017,2.14,30.44211919
1/11/2017,2.17,30.85530749
1/10/2017,2.33,33.12459399
1/6/2017,2.26,32.12062255
1/5/2017,2.38,33.79587273
1/4/2017,2.59,36.73096742
12/30/2016,2.41,34.14531565
12/29/2016,2.48,35.09974064
12/28/2016,2.31,32.66215909
12/27/2016,2.1,29.69032675
12/26/2016,2.1,29.67436866
12/22/2016,1.9,26.8438349
12/21/2016,1.94,27.39591984
12/20/2016,2.16,30.42720763
12/19/2016,2.64,37.22854045
12/16/2016,3,42.27386443
12/15/2016,2.7,38.04489772
12/14/2016,2.68,37.68548926
12/13/2016,3.13,45.59444983
12/12/2016,2.84,41.40709913
12/9/2016,2.37,34.48859157
12/8/2016,2.19,31.87800668
12/7/2016,2.33,33.83751058
12/6/2016,2.37,34.42121682
12/5/2016,2.3,33.38294551
12/2/2016,2.3,33.39198044
12/1/2016,2.21,32.05508324
11/30/2016,2.34,33.90313377
11/29/2016,2.6,37.64324288
11/28/2016,2.38,34.43488013
11/25/2016,2.5,36.16853066
11/24/2016,2.54,36.72299016
11/22/2016,2.57,37.12519855
11/21/2016,2.95,42.59422041
11/18/2016,3.13,45.19108279
11/17/2016,2.42,34.89197435
11/16/2016,3.24,46.71898216
11/15/2016,2.83,40.80941522
11/14/2016,2.65,38.14544907
11/11/2016,2.09,30.07164858
11/10/2016,1.91,27.46037276
11/9/2016,1.87,26.87530273
11/8/2016,1.67,23.96636567
11/7/2016,1.82,26.1170611
11/4/2016,1.63,23.37669218
11/2/2016,1.55,22.20602218
11/1/2016,1.54,22.06074742
10/31/2016,1.74,24.89809627
10/28/2016,1.8,25.76250798
10/27/2016,1.72,24.58111256
10/26/2016,1.63,23.27718167
10/25/2016,1.67,23.83590889
10/24/2016,1.68,23.96706278
10/21/2016,1.52,21.68623985
10/20/2016,1.56,22.24625958
10/19/2016,1.56,22.20162969
10/18/2016,1.57,22.3475005
10/17/2016,1.62,23.05547782
10/14/2016,1.61,22.9033009
10/13/2016,1.68,23.89565132
10/12/2016,1.7,24.14121403
10/11/2016,1.82,25.83367102
10/7/2016,1.73,24.55094902
10/6/2016,1.75,24.81825792
10/5/2016,1.8,25.49921012
10/4/2016,1.8,25.47635629
10/3/2016,2.14,30.27188702
9/30/2016,2.02,28.56345912
9/29/2016,2.36,33.3523044
9/28/2016,2.4,33.88028407
9/27/2016,1.96,27.64886528
9/26/2016,1.98,27.92451429
9/23/2016,1.95,27.49389634
9/21/2016,2.48,35.03218419
9/20/2016,3.65,51.34908631
9/16/2016,3.66,51.53169992
9/15/2016,3.86,54.28648484
9/14/2016,4.32,60.67841743
9/13/2016,4.47,62.77963402
9/12/2016,4.59,67.25983488
9/9/2016,4.29,62.815451
9/8/2016,4.12,60.3116778
9/7/2016,3.97,57.98486725
9/6/2016,4.33,63.295682
9/5/2016,4.31,62.98486448
9/2/2016,3.88,56.69781743
9/1/2016,3.6,52.60690962
8/31/2016,3.75,54.68853323
8/30/2016,3.93,57.25609203
8/29/2016,4.02,58.5816956
8/26/2016,3.52,51.26273792
8/25/2016,3.45,50.19869277
8/24/2016,3.61,52.50901361
8/23/2016,3.76,54.61500667
8/22/2016,3.6,52.30287893
8/19/2016,3.37,48.921481
8/18/2016,3.5,50.79396158
8/17/2016,3.38,49.00190191
8/16/2016,3.16,45.76975658
8/15/2016,3.46,50.16248638
8/12/2016,3.11,45.0404469
8/10/2016,3.3,47.76563169
8/9/2016,3.2,46.20901152
8/8/2016,3.74,54.09798594
8/5/2016,3.14,45.31491179
8/4/2016,3.47,50.11926718
8/3/2016,3.48,50.15214628
8/2/2016,3.7,53.38837915
8/1/2016,3.7,53.29899527
7/29/2016,3.31,47.71541554
7/28/2016,3.75,53.90397954
7/27/2016,3.95,56.66928243
7/26/2016,3.51,50.35648287
7/25/2016,3.46,49.6459597
7/22/2016,3.29,47.20538725
7/21/2016,3.33,47.81475313
7/20/2016,3.15,45.15639275
7/19/2016,3.23,46.2660826
7/15/2016,3.18,45.56876239
7/14/2016,2.86,40.95286472
7/13/2016,3.07,43.85704037
7/12/2016,2.99,42.69660466
7/11/2016,3.03,43.27123746
7/8/2016,3.13,44.65498839
7/7/2016,3.11,44.36143193
7/6/2016,3.24,46.17114824
7/5/2016,2.88,41.01606572
7/4/2016,3.06,43.55706202
7/1/2016,3,42.69293905
6/30/2016,3.01,42.83649459
6/29/2016,3.34,47.4464269
6/28/2016,3.35,47.59105116
6/27/2016,3.04,43.18243663
6/24/2016,3.02,42.93886554
6/23/2016,2.98,42.30317983
6/22/2016,2.91,41.25152428
6/21/2016,2.93,41.53970565
6/20/2016,3.15,44.63354294
6/17/2016,2.95,41.81307712
6/16/2016,2.71,38.36422624
6/15/2016,3.29,46.49450506
6/14/2016,3.02,42.68300757
6/13/2016,3.07,44.94451927
6/10/2016,2.82,41.26717145
6/9/2016,2.56,37.46405694
6/8/2016,2.4,35.10478902
6/7/2016,2.21,32.30324879
6/6/2016,2.21,32.29826387
6/3/2016,2.13,31.1242204
6/2/2016,2.2,32.12275642
6/1/2016,2.25,32.82159911
5/31/2016,2.52,36.74893876
5/30/2016,2.24,32.64177298
5/27/2016,2.29,33.34952738
5/26/2016,2.36,34.36751307
5/25/2016,2.33,33.91679659
5/24/2016,2.34,34.01315101
5/23/2016,2.42,35.17693684
5/20/2016,2.48,36.00961265
5/19/2016,2.72,39.5318834
5/18/2016,2.5,36.28776444
5/17/2016,2.42,35.08556084
5/16/2016,2.25,32.63413654
5/13/2016,2.56,37.0795472
5/12/2016,2.48,35.89901275
5/11/2016,2.58,37.29264208
5/10/2016,2.58,37.36738764
5/9/2016,2.71,39.21671769
5/6/2016,2.77,39.98948873
5/2/2016,2.9,41.85216323
4/28/2016,3.24,46.73697338
4/27/2016,3.6,51.97006051
4/26/2016,3.44,49.44929621
4/25/2016,3.56,51.28922587
4/22/2016,3.24,46.54958043
4/21/2016,3.08,44.23247738
4/20/2016,3.08,44.14305947
4/19/2016,2.97,42.513173
4/18/2016,3.13,44.8604808
4/15/2016,3.34,47.8277413
4/14/2016,3.06,43.7917393
4/13/2016,3.05,43.6192797
4/12/2016,3.16,45.17568826
4/11/2016,3.21,45.89817128
4/8/2016,3.15,44.98989677
4/7/2016,3.03,43.31728205
4/6/2016,2.91,41.52962304
4/5/2016,3.16,45.11915678
4/4/2016,3.46,49.30437198
4/1/2016,3.44,48.97369746
3/31/2016,4.2,59.957697
3/30/2016,4,56.89948545
3/29/2016,4.01,57.05817192
3/28/2016,3.99,56.73989461
3/25/2016,4.01,57.0457089
3/24/2016,3.95,56.09655908
3/23/2016,3.8,53.85951937
3/22/2016,3.71,52.60828147
3/18/2016,3.7,52.41622447
3/17/2016,3.5,49.62757553
3/16/2016,3.57,50.5137104
3/15/2016,3.68,52.19395121
3/14/2016,3.9,56.75651764
3/11/2016,3.94,57.37525747
3/10/2016,3.93,57.14577338
3/9/2016,4.22,61.38327872
3/8/2016,3.47,50.39464211
3/7/2016,3.41,49.50982588
3/4/2016,3.53,51.15940227
3/3/2016,3.88,56.33916946
3/2/2016,3.68,53.36477208
3/1/2016,3.54,51.33450943
2/29/2016,3.35,48.49509243
2/26/2016,4.11,59.45484113
2/25/2016,3.91,56.53313054
2/24/2016,3.78,54.61099435
2/23/2016,3.86,55.7682874
2/22/2016,4.1,59.20755269
2/19/2016,4.18,60.30142543
2/18/2016,3.98,57.36942814
2/17/2016,4.38,63.1048956
2/16/2016,4.02,57.89154034
2/15/2016,4.63,66.39327792
2/12/2016,5.73,82.64428244
2/10/2016,5.56,79.56284615
2/9/2016,5.14,73.7197417
2/8/2016,4,57.70202448
2/5/2016,3.73,53.61522067
2/4/2016,3.27,47.00813269
2/3/2016,3.2,45.97728588
2/2/2016,3.2,45.94293398
2/1/2016,3.68,52.9094938
1/29/2016,3.1,44.3789853
1/28/2016,2.36,33.8187494
1/27/2016,2.19,31.34230077
1/26/2016,2.15,30.74922786
1/25/2016,2.14,30.5943644
1/22/2016,2.22,31.73431695
1/21/2016,2.32,33.16302136
1/20/2016,2.25,32.11529365
1/19/2016,2.23,31.8310978
1/18/2016,2.18,31.07920784
1/15/2016,2.14,30.48643314
1/14/2016,2.67,38.06142447
1/13/2016,1.95,27.72981129
1/12/2016,1.88,26.74476767
1/8/2016,1.88,26.73268176
1/7/2016,1.75,24.87584451
1/6/2016,1.73,24.55043527
1/5/2016,1.77,25.04642065
1/4/2016,1.78,25.24787683
12/30/2015,1.96,27.79919477
12/29/2015,1.81,25.6612444
12/28/2015,1.7,24.03515437
12/25/2015,1.66,23.48009125
12/24/2015,1.77,25.03848143
12/22/2015,1.63,23.01229991
12/21/2015,1.83,25.82572808
12/18/2015,1.69,23.81711806
12/17/2015,1.58,22.27014684
12/16/2015,1.82,25.64508622
12/15/2015,1.73,24.35524799
12/14/2015,1.69,24.82710087
12/11/2015,1.69,24.82284942
12/10/2015,1.69,24.8044755
12/9/2015,1.75,25.64982596
12/8/2015,1.78,26.06657245
12/7/2015,1.91,27.9811067
12/4/2015,2.02,29.60545546
12/3/2015,1.91,27.95664382
12/2/2015,1.9,27.77137887
12/1/2015,1.86,27.17928696
11/30/2015,1.88,27.46465171
11/27/2015,1.75,25.55239774
11/26/2015,1.8,26.25481216
11/25/2015,1.88,27.38618984
11/24/2015,2.16,31.48589183
11/20/2015,1.98,28.85957174
11/19/2015,1.63,23.72645263
11/18/2015,1.6,23.25425482
11/17/2015,1.66,24.10996148
11/16/2015,1.78,25.84740402
11/13/2015,1.86,27.00633901
11/12/2015,1.53,22.19219178
11/11/2015,1.88,27.25959584
11/10/2015,1.73,25.06189045
11/9/2015,1.97,28.53488626
11/6/2015,1.88,27.23383333
11/5/2015,1.87,27.07688625
11/4/2015,1.95,28.20256207
11/2/2015,1.73,25.0301694
10/30/2015,1.86,26.8776841
10/29/2015,2.25,32.47113641
10/28/2015,2.24,32.27006546
10/27/2015,2.2,31.67493323
10/26/2015,2.21,31.85474422
10/23/2015,2.01,28.93662984
10/22/2015,2.01,28.93279567
10/21/2015,2.02,29.04027012
10/20/2015,1.96,28.16331934
10/19/2015,2.02,29.04023881
10/16/2015,1.95,28.01510142
10/15/2015,2.02,29.00956122
10/14/2015,1.99,28.52055256
10/13/2015,1.99,28.51535054
10/9/2015,2.12,30.36482443
10/8/2015,2.21,31.66580983
10/7/2015,2.38,34.06790096
10/6/2015,2.5,35.76714633
10/5/2015,2.51,35.83391544
10/2/2015,2.63,37.55955535
10/1/2015,2.74,39.09846993
9/30/2015,2.85,40.64147853
9/29/2015,2.93,41.75535925
9/28/2015,3.02,43.06359533
9/25/2015,2.71,38.59056845
9/24/2015,2.58,36.72868928
9/18/2015,2.51,35.65694899
9/17/2015,2.48,35.26045365
9/16/2015,2.53,35.88780217
9/15/2015,2.82,40.02200084
9/14/2015,2.94,41.70136188
9/11/2015,2.81,39.79910738
9/10/2015,2.82,41.36082594
9/9/2015,2.61,38.28203695
9/8/2015,2.47,36.19491077
9/7/2015,2.49,36.47819206
9/4/2015,2.46,35.98200864
9/3/2015,2.49,36.47775825
9/2/2015,2.48,36.28851476
9/1/2015,2.28,33.31283365
8/31/2015,2.52,36.82032215
8/28/2015,2.57,37.52533568
8/27/2015,2.57,37.52536416
8/26/2015,2.55,37.16193841
8/25/2015,2.64,38.52808369
8/24/2015,2.59,37.7452537
8/21/2015,2.28,33.22209463
8/20/2015,2.21,32.16502212
8/19/2015,2.35,34.17733681
8/18/2015,2.36,34.29893961
8/17/2015,2.29,33.2818187
8/14/2015,2.15,31.2375952
8/13/2015,2.93,42.57271942
8/12/2015,2.88,41.69103544
8/11/2015,2.68,38.82839201
8/10/2015,2.75,39.83980894
8/7/2015,2.73,39.55016398
8/6/2015,2.85,41.30460533
8/5/2015,2.71,39.24094006
8/4/2015,2.34,33.80290323
8/3/2015,2.35,33.96570539
7/31/2015,2.26,32.65321009
7/30/2015,2.35,33.94376557
7/29/2015,2.35,33.90398261
7/28/2015,2.63,37.91140747
7/27/2015,2.55,36.75197027
7/24/2015,2.54,36.5942025
7/23/2015,2.58,37.17435753
7/22/2015,2.67,38.40547202
7/21/2015,2.53,36.36320918
7/17/2015,2.52,36.21792708
7/16/2015,2.67,38.34889312
7/15/2015,2.63,37.74269742
7/14/2015,2.9,41.62841138
7/13/2015,2.86,41.05725449
7/10/2015,2.86,41.01545517
7/9/2015,3.07,43.99033058
7/8/2015,3.03,43.35102987
7/7/2015,3.08,44.04823957
7/6/2015,3.34,47.78372079
7/3/2015,3.52,50.2945912
7/2/2015,3.93,56.24265724
7/1/2015,3.63,51.86302081
6/30/2015,3.61,51.5700433
6/29/2015,3.94,56.19724022
6/26/2015,3.82,54.43202563
6/25/2015,3.44,49.04546706
6/24/2015,3.5,49.80954276
6/23/2015,3.47,49.39032854
6/22/2015,2.93,41.70527317
6/19/2015,2.91,41.38332591
6/18/2015,3.1,44.0455136
6/17/2015,3.3,46.83670924
6/16/2015,3.27,46.39331065
6/15/2015,3.48,49.37885734
6/12/2015,3.65,51.81888349
6/11/2015,3.95,58.41625239
6/10/2015,3.39,49.99892525
6/9/2015,2.87,42.24809815
6/8/2015,3.19,46.95481784
6/5/2015,3.33,48.97789421
6/4/2015,3.68,54.17813344
6/3/2015,3.3,48.50228168
6/2/2015,2.9,42.6077722
6/1/2015,2.96,43.46570526
5/29/2015,2.89,42.36982417
5/28/2015,2.85,41.75697341
5/27/2015,2.61,38.191383
5/26/2015,2.7,39.49548274
5/25/2015,2.8,40.96968206
5/22/2015,2.71,39.6380106
5/21/2015,2.89,42.26275659
5/20/2015,3,43.80641427
5/19/2015,3.1,45.21870884
5/18/2015,3.23,47.10880354
5/15/2015,3.24,47.19905279
5/14/2015,3.57,52.04477589
5/13/2015,3.89,56.65913901
5/12/2015,3.7,53.8918627
5/11/2015,3.27,47.56931591
5/8/2015,3.82,55.5560473
5/7/2015,3.99,58.03588589
5/1/2015,2.79,40.50136867
4/30/2015,2.53,36.74573168
4/28/2015,2.5,36.15189294
4/27/2015,2.53,36.62501008
4/24/2015,2.29,33.07050923
4/23/2015,2.28,32.96703243
4/22/2015,1.98,28.5560162
4/21/2015,1.99,28.71339386
4/20/2015,2.03,29.29717935
4/17/2015,2.19,31.55620543
4/16/2015,2.16,31.14427237
4/15/2015,2.01,28.92077222
4/14/2015,2.29,32.94130997
4/13/2015,2.49,35.81780779
4/10/2015,2.53,36.34355083
4/9/2015,2.67,38.39223277
4/8/2015,2.7,38.79173117
4/7/2015,2.78,39.87933242
4/6/2015,2.62,37.53251475
4/3/2015,2.69,38.59244092
4/2/2015,2.91,41.70246216
4/1/2015,3.14,44.94204164
3/31/2015,3.47,49.69098414
3/30/2015,3.38,48.32571738
3/27/2015,3.44,49.21452231
3/26/2015,2.82,40.30105596
3/25/2015,3.2,45.69012562
3/24/2015,3.12,44.52336755
3/23/2015,3.06,43.60373053
3/20/2015,2.88,41.05569412
3/19/2015,2.98,42.46511136
3/18/2015,2.95,41.93420826
3/17/2015,3.22,45.83026584
3/16/2015,3.26,46.38594702
3/13/2015,3.13,44.52123056
3/12/2015,2.92,41.51226769
3/11/2015,2.97,43.89509727
3/10/2015,3.36,49.65673094
3/9/2015,3.04,44.91661362
3/6/2015,2.66,39.25200323
3/5/2015,2.81,41.45502995
3/4/2015,3,44.19530536
3/3/2015,2.98,43.92428455
3/2/2015,2.83,41.66544518
2/27/2015,3.07,45.1463042
2/26/2015,3.09,45.44984633
2/25/2015,2.48,36.41177824
2/24/2015,2.57,37.74056498
2/23/2015,2.89,42.41474017
2/20/2015,3.09,45.33362776
2/19/2015,3.07,44.99938849
2/18/2015,3.32,48.68991609
2/17/2015,3.42,50.01066757
2/16/2015,3.69,54.07592326
2/13/2015,3.66,53.58159339
2/12/2015,3.61,52.80648426
2/10/2015,3.59,52.45969229
2/9/2015,3.27,47.7700564
2/6/2015,3.32,48.38934801
2/5/2015,3.57,52.07837489
2/4/2015,3.96,57.69040105
2/3/2015,3.88,56.53009152
2/2/2015,3.2,46.56562295
1/30/2015,3.47,50.45620348
1/29/2015,3.57,51.90276925
1/28/2015,3.6,52.28378677
1/27/2015,3.42,49.64954835
1/26/2015,3.83,55.55878054
1/23/2015,3.42,49.51924527
1/22/2015,2.97,43.0944628
1/21/2015,2.72,39.38159793
1/20/2015,2.9,41.96508028
1/19/2015,2.88,41.65706606
1/16/2015,2.44,35.26729882
1/15/2015,2.32,33.54282668
1/14/2015,2.34,33.76995259
1/13/2015,2.15,31.01795256
1/9/2015,1.98,28.54439923
1/8/2015,2.08,29.9741217
1/7/2015,2.29,32.99103418
1/6/2015,2.07,29.79196892
1/5/2015,2.22,31.93643528
12/30/2014,2.32,33.36580815
12/29/2014,2.19,31.47582609
12/26/2014,2.07,29.7181187
12/25/2014,1.92,27.52291254
12/24/2014,1.95,27.92335981
12/22/2014,1.93,27.61754804
12/19/2014,2.03,29.05561163
12/18/2014,2.02,28.90611013
12/17/2014,2.23,31.85855336
12/16/2014,2.05,29.26936336
12/15/2014,2.04,29.11451298
12/12/2014,2.14,30.52238392
12/11/2014,2.23,33.09242073
12/10/2014,2.3,34.08914515
12/9/2014,2.16,31.98714787
12/8/2014,2.31,34.21561633
12/5/2014,2.14,31.66949705
12/4/2014,2.2,32.55328537
12/3/2014,2.09,30.88238741
12/2/2014,2.16,31.91492801
12/1/2014,2.23,32.93865173
11/28/2014,2.23,32.92529838
11/27/2014,2.18,32.16475241
11/26/2014,2.26,33.31888205
11/25/2014,2.31,34.04204659
11/21/2014,2.43,35.77683789
11/20/2014,2.65,39.02428118
11/19/2014,2.47,36.33486314
11/18/2014,2.67,39.27825893
11/17/2014,2.72,39.98547525
11/14/2014,2.55,37.44078157
11/13/2014,2.56,37.55755994
11/12/2014,3.13,45.93559667
11/11/2014,2.51,36.80403183
11/10/2014,2.19,32.06837505
11/7/2014,2.33,34.14172618
11/6/2014,2.47,36.15099775
11/5/2014,2.81,41.12994975
11/4/2014,2.58,37.70453289
10/31/2014,2.39,34.8831118
10/30/2014,1.99,29.05796167
10/29/2014,1.98,28.87643742
10/28/2014,1.84,26.80478299
10/27/2014,1.81,26.38139652
10/24/2014,1.76,25.62516341
10/23/2014,1.87,27.21540027
10/22/2014,2,29.08165201
10/21/2014,2.05,29.79951373
10/20/2014,2.22,32.27395464
10/17/2014,1.93,28.03334652
10/16/2014,2,29.02870214
10/15/2014,1.78,25.81488858
10/14/2014,1.82,26.3776283
10/10/2014,1.79,25.94746552
10/9/2014,1.73,25.03841595
10/8/2014,1.71,24.71352423
10/7/2014,1.75,25.28373938
10/6/2014,1.8,26.00888419
10/3/2014,1.79,25.85215539
10/2/2014,1.91,27.58014368
10/1/2014,1.86,26.83573311
9/30/2014,1.94,27.98652779
9/29/2014,1.99,28.6756181
9/26/2014,2,28.82051647
9/25/2014,1.97,28.37038879
9/24/2014,1.99,28.61816115
9/22/2014,2.1,30.17721901
9/19/2014,2.31,33.20837226
9/18/2014,2.52,36.19818236
9/17/2014,2.21,31.70715076
9/16/2014,2.35,33.71250073
9/12/2014,2.28,32.68272288
9/11/2014,2.35,33.68167552
9/10/2014,1.96,29.08595582
9/9/2014,1.72,25.50496331
9/8/2014,1.69,25.04185586
9/5/2014,1.8,26.6603201
9/4/2014,1.75,25.91501119
9/3/2014,1.79,26.48133073
9/2/2014,1.81,26.76870226
9/1/2014,1.8,26.5985759
8/29/2014,1.71,25.2677497
8/28/2014,1.59,23.47197532
8/27/2014,1.67,24.61750659
8/26/2014,1.6,23.58380494
8/25/2014,1.54,22.6987092
8/22/2014,1.58,23.25917751
8/21/2014,1.81,26.65993897
8/20/2014,1.52,22.36057851
8/19/2014,1.52,22.35037789
8/18/2014,1.52,22.33239689
8/15/2014,1.48,21.73632093
8/14/2014,1.46,21.43989659
8/13/2014,1.61,23.61075604
8/12/2014,1.7,24.91482789
8/11/2014,1.77,25.94113951
8/8/2014,1.81,26.49117864
8/7/2014,1.77,25.91964633
8/6/2014,1.61,23.55902604
8/5/2014,1.47,21.48827815
8/4/2014,1.71,24.99389195
8/1/2014,1.75,25.57002258
7/31/2014,1.64,23.95369272
7/30/2014,1.69,24.64789655
7/29/2014,1.64,23.90260941
7/28/2014,1.65,24.05492869
7/25/2014,1.53,22.29572951
7/24/2014,1.53,22.26945406
7/23/2014,1.57,22.82977254
7/22/2014,1.73,25.15201884
7/18/2014,1.61,23.41180662
7/17/2014,1.6,23.23332599
7/16/2014,1.69,24.51683359
7/15/2014,1.68,24.35867266
7/14/2014,1.69,24.4937414
7/11/2014,1.66,24.04638195
7/10/2014,1.66,24.02758748
7/9/2014,1.68,24.30037572
7/8/2014,1.68,24.28615185
7/7/2014,1.72,24.86458961
7/4/2014,1.76,25.44235801
7/3/2014,1.84,26.58319738
7/2/2014,1.8,25.97454647
7/1/2014,1.8,25.95543892
6/30/2014,1.93,27.84024486
6/27/2014,1.78,25.66014775
6/26/2014,1.77,25.48379491
6/25/2014,1.73,24.88542353
6/24/2014,1.8,25.89086365
6/23/2014,1.88,27.03706803
6/20/2014,1.8,25.87786645
6/19/2014,1.89,27.15276026
6/18/2014,1.94,27.84813491
6/17/2014,1.91,27.4081297
6/16/2014,1.96,28.1110884
6/13/2014,1.98,28.38619247
6/12/2014,1.83,26.23010166
6/11/2014,1.85,27.55172609
6/10/2014,1.84,27.38927806
6/9/2014,1.84,27.3753364
6/6/2014,1.8,26.77879309
6/5/2014,1.92,28.54488761
6/4/2014,1.89,28.06509039
6/3/2014,2.02,29.98239735
6/2/2014,2.06,30.56191112
5/30/2014,2,29.66059222
5/29/2014,2.06,30.54194698
5/28/2014,1.9,28.13369429
5/27/2014,2.02,29.90582085
5/26/2014,2.04,30.16986575
5/23/2014,1.99,29.43599354
5/22/2014,2.02,29.86627462
5/21/2014,1.99,29.3877999
5/20/2014,1.92,28.34611618
5/19/2014,2,29.51983429
5/16/2014,2.06,30.37052766
5/15/2014,2.14,31.54650927
5/14/2014,2.06,30.3357581
5/13/2014,1.97,29.00023855
5/12/2014,2.05,30.17778287
5/9/2014,2.01,29.56003752
5/8/2014,1.97,28.96706795
5/7/2014,2.01,29.50880772
5/2/2014,1.93,28.3300219
5/1/2014,2,29.33704942
4/30/2014,2.24,32.80995303
4/28/2014,2.25,32.93199528
4/25/2014,2.32,33.95058236
4/24/2014,2.44,35.67757546
4/23/2014,2.2,32.13387294
4/22/2014,2.18,31.81920198
4/21/2014,2.13,31.07786436
4/18/2014,2.13,31.05751972
4/17/2014,2.05,29.88958951
4/16/2014,2.09,30.43262363
4/15/2014,2.17,31.59111248
4/14/2014,2.25,32.74318505
4/11/2014,2.3,33.4513513
4/10/2014,2.23,32.41788327
4/9/2014,2.25,32.6800303
4/8/2014,2.34,33.96426287
4/7/2014,2.4,34.83421005
4/4/2014,2.67,38.74864696
4/3/2014,2.71,39.29301832
4/2/2014,2.46,35.64108196
4/1/2014,2.46,35.60598047
3/31/2014,2.86,41.40141298
3/28/2014,2.76,39.92184591
3/27/2014,2.91,42.06913801
3/26/2014,2.84,41.02604626
3/25/2014,2.64,38.12147215
3/24/2014,2.5,36.08647394
3/20/2014,2.17,31.29083514
3/19/2014,2.25,32.42792383
3/18/2014,2.33,33.53911729
3/17/2014,2.36,33.96445911
3/14/2014,2.24,32.22218237
3/13/2014,2.38,34.23140954
3/12/2014,2.02,29.01402075
3/11/2014,2.05,30.6284139
3/10/2014,2.06,30.76653298
3/7/2014,2.09,31.200158
3/6/2014,1.92,28.66462074
3/5/2014,2.07,30.86459032
3/4/2014,1.99,29.65827602
3/3/2014,2.02,30.08240201
2/28/2014,1.98,29.47226437
2/27/2014,2.37,35.25524601
2/26/2014,2.37,35.24248967
2/25/2014,2.35,34.9167941
2/24/2014,2.32,34.44515864
2/21/2014,2.25,33.39913838
2/20/2014,2.24,33.22518139
2/19/2014,2.22,32.89605442
2/18/2014,2.31,34.22022381
2/17/2014,2.2,32.59147883
2/14/2014,2.15,31.83683435
2/13/2014,2.17,32.11609012
2/12/2014,2.53,37.38590621
2/10/2014,2.49,36.78071428
2/7/2014,2.58,38.10872568
2/6/2014,2.57,37.93958067
2/5/2014,2.43,35.80544527
2/4/2014,2.58,38.01897807
2/3/2014,2.58,38.00271797
1/31/2014,2.43,35.75513092
1/30/2014,2.57,37.82073397
1/29/2014,2.58,37.91451671
1/28/2014,2.54,37.33518662
1/27/2014,2.52,37.02054192
1/24/2014,2.41,35.37840942
1/23/2014,2.37,34.77352066
1/22/2014,2.34,34.29894022
1/21/2014,2.5,36.64497724
1/20/2014,2.31,33.84607201
1/17/2014,2.41,35.28599885
1/16/2014,2.53,37.02734147
1/15/2014,2.64,38.60552286
1/14/2014,2.54,37.12573007
1/10/2014,2.6,37.99122552
1/9/2014,2.64,38.56468246
1/8/2014,2.73,39.81251329
1/7/2014,2.51,36.58048935
1/6/2014,2.83,38.28953286
12/30/2013,3.12,42.21011304
12/27/2013,2.56,34.55051543
12/26/2013,2.69,36.25921636
12/25/2013,2.41,32.45275974
12/24/2013,2.53,34.05179033
12/20/2013,2.86,38.45480832
12/19/2013,2.81,37.78810352
12/18/2013,2.85,38.2711836
12/17/2013,2.81,37.72885233
12/16/2013,3.04,40.7897762
12/13/2013,2.96,39.74744238
12/12/2013,2.57,34.46957312
12/11/2013,2.83,42.13899404
12/10/2013,2.76,41.12384179
12/9/2013,2.72,40.51448901
12/6/2013,2.88,42.86931579
12/5/2013,2.6,38.66811319
12/4/2013,2.48,36.85427831
12/3/2013,2.58,38.31276227
12/2/2013,2.33,34.60379119
11/29/2013,2.34,34.7070026
11/28/2013,2.37,35.14563219
11/27/2013,2.37,35.10614812
11/26/2013,2.39,35.37705774
11/25/2013,2.72,40.27213609
11/22/2013,2.67,39.49546802
11/21/2013,3.03,44.83132786
11/20/2013,2.91,42.99358802
11/19/2013,2.87,42.37123158
11/18/2013,3.03,44.72868328
11/15/2013,3.06,45.22069701
11/14/2013,2.78,41.00142986
11/13/2013,2.85,41.98561317
11/12/2013,2.85,41.97062948
11/11/2013,2.72,40.03742488
11/8/2013,2.67,39.26598649
11/7/2013,2.65,38.95565749
11/6/2013,2.73,40.11238826
11/5/2013,2.76,40.51903274
11/1/2013,2.62,38.45397081
10/31/2013,2.65,38.87008168
10/30/2013,2.52,36.86859024
10/29/2013,2.51,36.73314344
10/28/2013,2.67,39.09427484
10/25/2013,2.46,35.9918535
10/24/2013,2.48,36.27192726
10/23/2013,2.2,32.13449566
10/22/2013,2.25,32.85186862
10/21/2013,2.28,33.28604166
10/18/2013,2.29,33.38534693
10/17/2013,2.41,35.11998855
10/16/2013,2.47,35.975271
10/15/2013,2.54,37.03754252
10/11/2013,2.35,34.2121097
10/10/2013,2.44,35.50681149
10/9/2013,2.53,36.75887291
10/8/2013,2.59,37.62375191
10/7/2013,2.58,37.4461291
10/4/2013,2.48,35.99294324
10/3/2013,2.33,33.79730144
10/2/2013,2.37,34.32404403
10/1/2013,2.55,34.53403063
9/30/2013,2.68,36.40084556
9/27/2013,2.59,35.03341472
9/26/2013,2.84,38.41947485
9/25/2013,2.8,37.83015723
9/24/2013,2.77,37.39608202
9/20/2013,2.72,36.7393274
9/19/2013,2.79,37.63030575
9/18/2013,2.88,38.81683294
9/17/2013,2.93,39.51736005
9/13/2013,2.91,39.18342443
9/12/2013,3.01,40.52526685
9/11/2013,3.05,41.02996129
9/10/2013,3.08,45.60594401
9/9/2013,3.21,47.47845271
9/6/2013,3.59,53.09305392
9/5/2013,3.48,51.47778915
9/4/2013,3.36,49.67040779
9/3/2013,3.18,46.97748814
9/2/2013,3.11,45.9165897
8/30/2013,3.11,45.8833241
8/29/2013,3.18,
8/28/2013,3.12,45.9848375
8/27/2013,3.09,45.46216716
8/26/2013,3.44,50.65487105
8/23/2013,3.95,58.15505934
8/22/2013,3.74,55.00488021
8/21/2013,3.76,55.27423135
8/20/2013,3.79,
8/19/2013,3.85,
8/16/2013,3.5,51.33516926
8/15/2013,3.36,49.2631848
8/14/2013,3.44,50.44029919
8/13/2013,3.26,47.73133112
8/12/2013,3.32,48.59464683
8/9/2013,3.21,46.96949694
8/8/2013,3.13,
8/7/2013,3.17,
8/6/2013,3.23,
8/5/2013,3.3,
8/2/2013,3.61,52.75302487
8/1/2013,3.22,
7/31/2013,3.44,50.18191108
7/30/2013,3.1,45.158968
7/29/2013,3.28,47.77411359
7/26/2013,3.08,44.800777
7/25/2013,3.54,51.55368364
7/24/2013,3.29,47.84138376
7/23/2013,3.28,47.61829997
7/22/2013,3.38,49.04795879
7/19/2013,3.66,53.15215561
7/18/2013,3.52,51.06953301
7/17/2013,3.69,53.52836013
7/16/2013,3.74,54.19791188
7/12/2013,3.39,49.07248898
7/11/2013,3.41,49.39224294
7/10/2013,3.85,55.73293007
7/9/2013,4.09,59.10003836
7/8/2013,4.41,63.73601299
7/5/2013,4.17,60.20523907
7/4/2013,4.27,61.59375213
7/3/2013,4.57,65.90348275
7/2/2013,4.73,68.16747296
7/1/2013,4.57,62.04629779
6/28/2013,4.67,63.35276815
6/27/2013,4.78,64.716586
6/26/2013,4.85,
6/25/2013,4.85,65.55127638
6/24/2013,5.01,67.74676526
6/21/2013,5.27,71.2698203
6/20/2013,5.04,68.21987495
6/19/2013,4.83,65.22420415
6/18/2013,5.21,70.33772375
6/17/2013,5.27,71.09415683
6/14/2013,5.34,71.94224953
6/13/2013,5.7,76.80447704
6/12/2013,5.58,75.25200844
6/11/2013,5.49,82.3144671
6/10/2013,5.51,82.38980679
6/7/2013,6.07,90.79010244
6/6/2013,5.53,82.59006644
6/5/2013,5.73,85.6739728
6/4/2013,5.73,85.71529251
6/3/2013,5.61,83.70622067
5/31/2013,5.41,80.64133103
5/30/2013,5.67,84.659676
5/29/2013,6.41,95.56652564
5/28/2013,6.22,92.61820226
5/27/2013,6.01,89.40765175
5/24/2013,5.55,82.56241617
5/23/2013,6.4,95.21138974
5/22/2013,5.93,88.21548099
5/21/2013,5.98,88.88117338
5/20/2013,5.38,79.83045789
5/17/2013,5.05,74.73466735
5/16/2013,5.34,79.02882232
5/15/2013,5.97,88.41719187
5/14/2013,5.57,82.50890682
5/13/2013,4.65,68.65513982
5/10/2013,4.32,63.90743589
5/9/2013,2.81,41.47873699
5/8/2013,2.99,44.11301655
5/7/2013,3.04,44.81169003
5/2/2013,2.7,39.75622841
5/1/2013,3.1,45.6653682
4/30/2013,3.54,52.13262538
4/26/2013,3.61,53.03181575
4/25/2013,3.76,55.18772452
4/24/2013,3.98,58.43564895
4/23/2013,3.64,53.34813759
4/22/2013,4.03,59.04592097
4/19/2013,4.13,60.49278082
4/18/2013,4.58,67.06930627
4/17/2013,5.19,75.98670375
4/16/2013,5.65,82.5961436
4/15/2013,6.55,95.74888015
4/12/2013,6.12,89.49620068
4/11/2013,5.27,76.9615246
4/10/2013,5,72.9681084
4/9/2013,4.87,70.93984032
4/8/2013,5.44,79.27842209
4/5/2013,5.75,83.92048342
4/4/2013,2.33,33.88489304
4/3/2013,2.8,40.71783491
4/2/2013,2.85,38.73809766
4/1/2013,2.87,38.99551674
3/29/2013,3.33,45.2100773
3/28/2013,3.1,42.0393386
3/27/2013,2.9,39.29355988
3/26/2013,2.78,37.64022896
3/25/2013,2.57,34.81828297
3/22/2013,2.39,32.34389597
3/21/2013,2.2,29.75249021
3/19/2013,2.25,30.44057123
3/18/2013,2.22,29.99866244
3/15/2013,2.1,28.36748265
3/14/2013,2.42,32.68096282
3/13/2013,2.53,34.15385201
3/12/2013,2.63,35.45755415
3/11/2013,2.68,40.17144875
3/8/2013,2.7,40.45186465
3/7/2013,2.92,43.75208511
3/6/2013,2.94,44.01841317
3/5/2013,2.76,41.30709173
3/4/2013,2.49,37.22205697
3/1/2013,2.49,37.22468086
2/28/2013,2.41,35.99958966
2/27/2013,2.54,37.92991233
2/26/2013,2.45,36.54632496
2/25/2013,2.5,37.27927118
2/22/2013,2.37,35.34187392
2/21/2013,2.45,36.50613609
2/20/2013,2.39,35.6015579
2/19/2013,2.29,34.07561578
2/18/2013,2.36,35.10793009
2/15/2013,2.54,37.76671562
2/14/2013,2.7,40.14300753
2/13/2013,2.56,38.02744318
2/12/2013,2.59,38.4301808
2/8/2013,2.52,37.37898154
2/7/2013,2.61,38.67949511
2/6/2013,2.67,39.56323091
2/5/2013,2.64,39.06287522
2/4/2013,2.92,43.23154117
2/1/2013,2.69,39.77718829
1/31/2013,2.51,37.08168052
1/30/2013,2.53,37.37474705
1/29/2013,2.64,38.96585467
1/28/2013,2.48,36.5789384
1/25/2013,2.17,31.97142117
1/24/2013,2.2,32.40727717
1/23/2013,2.37,34.90559003
1/22/2013,2.51,36.92535518
1/21/2013,2.78,40.87563577
1/18/2013,2.76,40.56451041
1/17/2013,2.62,38.48539776
1/16/2013,2.46,36.12611525
1/15/2013,2.48,36.37424391
1/11/2013,2.44,35.77105463
1/10/2013,2.5,36.65466467
1/9/2013,2.6,38.11709493
1/8/2013,2.56,34.42638623
1/7/2013,2.73,36.7032872
1/4/2013,2.7,36.28770252
12/28/2012,2.48,33.29312502
12/27/2012,2.58,34.64849949
12/26/2012,2.7,36.21163495
12/25/2012,2.64,35.3154225
12/21/2012,2.4,32.07652078
12/20/2012,2.2,29.3985005
12/19/2012,2.52,33.67597972
12/18/2012,2.44,32.5481129
12/17/2012,2.4,31.98006545
12/14/2012,2.45,32.66406331
12/13/2012,2.4,31.9703146
12/12/2012,1.97,26.22052327
12/11/2012,2.15,28.60072484
12/10/2012,1.95,25.91466677
12/7/2012,2.19,29.10883397
12/6/2012,2.13,28.2962832
12/5/2012,2.06,27.35513183
12/4/2012,2.1,27.86584168
12/3/2012,2.11,27.98118227
11/30/2012,1.88,24.93038549
11/29/2012,1.9,25.18251278
11/28/2012,1.91,25.30391456
11/27/2012,2,26.47148766
11/26/2012,2.12,28.04926424
11/22/2012,2.09,27.64528932
11/21/2012,1.94,25.64632887
11/20/2012,2.07,27.36268355
11/19/2012,2.33,30.7550424
11/16/2012,2.52,33.24863584
11/15/2012,2.34,30.85253183
11/14/2012,2.44,32.16478729
11/13/2012,2.31,30.4221857
11/12/2012,2.23,29.35546373
11/9/2012,2.23,29.34405568
11/8/2012,2.03,26.70695047
11/7/2012,2.06,27.09381938
11/6/2012,2.16,28.3787183
11/5/2012,2.11,27.71158676
11/2/2012,2.02,26.52862062
11/1/2012,2.04,26.78041604
10/31/2012,2.03,26.63360461
10/30/2012,2.11,27.64746155
10/29/2012,2.2,28.82806811
10/26/2012,2.08,27.23400931
10/25/2012,2.18,28.54705611
10/24/2012,2.04,26.69917597
10/23/2012,2.15,28.10677732
10/22/2012,2.05,26.79198499
10/19/2012,1.99,25.99172334
10/18/2012,2.11,27.56272659
10/17/2012,1.88,24.54180014
10/16/2012,1.92,25.03606268
10/15/2012,1.95,25.42442572
10/12/2012,1.99,25.93145777
10/11/2012,1.93,25.14176952
10/10/2012,1.97,25.65429897
10/9/2012,2.01,26.15232167
10/5/2012,1.94,25.2239504
10/4/2012,1.98,25.74381717
10/3/2012,1.96,25.46902122
10/2/2012,1.85,25.06218039
10/1/2012,1.83,24.78981928
9/28/2012,1.93,26.13602432
9/27/2012,2.09,28.29480518
9/26/2012,2.09,28.28155524
9/25/2012,2.18,29.47098004
9/24/2012,2.21,29.86168492
9/21/2012,2.26,30.52328928
9/20/2012,2.26,30.51978152
9/19/2012,2.46,33.20507069
9/18/2012,2.51,33.85696257
9/14/2012,2.21,29.78005215
9/13/2012,2.46,33.15950123
9/12/2012,2.34,31.51887017
9/11/2012,2.24,30.12400208
9/10/2012,2.27,34.04960698
9/7/2012,2.43,36.44148872
9/6/2012,2.4,35.96868254
9/5/2012,2.33,34.90668278
9/4/2012,2.35,35.17919352
9/3/2012,2.38,35.58699407
8/31/2012,2.48,37.08007298
8/30/2012,2.41,36.01753841
8/29/2012,2.19,32.71909102
8/28/2012,2.28,34.02669089
8/27/2012,2.28,34.00396825
8/24/2012,2.22,33.10620433
8/23/2012,2.37,35.33767212
8/22/2012,2.35,35.02258937
8/21/2012,2.56,38.09217101
8/20/2012,2.63,39.13099791
8/17/2012,2.58,38.35953946
8/16/2012,2.77,41.19941849
8/15/2012,2.43,36.09789206
8/14/2012,2.39,35.45421609
8/13/2012,2.63,39.00308518
8/10/2012,2.67,39.58650351
8/9/2012,2.68,39.71367887
8/8/2012,2.74,40.58761068
8/7/2012,2.67,39.50761274
8/6/2012,2.33,34.44173811
8/3/2012,2.18,32.20867804
8/2/2012,2.36,34.86125495
8/1/2012,2.42,35.73047036
7/31/2012,2.55,37.61996501
7/30/2012,2.46,36.27907757
7/27/2012,2.47,36.39929261
7/26/2012,2.49,36.68139575
7/25/2012,2.36,34.73934081
7/24/2012,2.38,34.99125166
7/23/2012,2.39,35.13458175
7/20/2012,2.35,34.53275197
7/19/2012,2.28,33.49565289
7/18/2012,2.28,33.47009059
7/17/2012,2.31,33.87522522
7/13/2012,1.99,29.18121257
7/12/2012,1.9,26.03572392
7/11/2012,1.96,26.84910572
7/10/2012,2.02,27.64418937
7/9/2012,1.98,27.08976119
7/6/2012,2.02,27.62271298
7/5/2012,2.02,27.60377188
7/4/2012,2.01,27.4763765
7/3/2012,2.03,27.70891046
7/2/2012,2.24,30.56783212
6/29/2012,2.33,31.78675514
6/28/2012,2.29,31.23226034
6/27/2012,2.16,29.43709825
6/26/2012,2.23,30.36255979
6/25/2012,2.39,32.53281231
6/22/2012,2.41,32.78528157
6/21/2012,2.35,31.9577331
6/20/2012,2.43,33.04219332
6/19/2012,2.37,32.17496743
6/18/2012,2.38,32.31023313
6/15/2012,2.64,35.82951469
6/14/2012,2.73,37.04607448
6/13/2012,2.78,37.70752476
6/12/2012,2.6,35.2247614
6/11/2012,2.8,42.15996045
6/8/2012,2.74,41.2287379
6/7/2012,3.04,45.73567566
6/6/2012,3.14,47.21066029
6/5/2012,3.41,51.24593055
6/4/2012,3.02,45.34054301
6/1/2012,2.86,42.90931189
5/31/2012,2.81,42.14653387
5/30/2012,2.48,37.19414027
5/29/2012,2.48,37.14477426
5/28/2012,2.63,39.38983401
5/25/2012,2.79,41.76206837
5/24/2012,2.67,39.95390476
5/23/2012,2.78,41.57640571
5/22/2012,2.88,43.01889836
5/21/2012,3.14,46.89727268
5/18/2012,3.01,44.92653249
5/17/2012,2.94,43.86991915
5/16/2012,2.73,40.71859083
5/15/2012,2.55,37.99738595
5/14/2012,2.4,35.73916735
5/11/2012,2.42,36.02267913
5/10/2012,2.54,37.79861348
5/9/2012,2.32,34.50846612
5/8/2012,2.42,35.95395501
5/7/2012,2.39,35.493651
5/2/2012,2.37,35.18403906
5/1/2012,2.11,31.30722122
4/27/2012,2.12,31.44407638
4/26/2012,2.69,39.82636468
4/25/2012,2.79,41.28907112
4/24/2012,2.9,42.85743987
4/23/2012,2.7,39.87641198
4/20/2012,2.54,37.50420575
4/19/2012,2.69,39.70186527
4/18/2012,2.6,38.35990416
4/17/2012,2.36,34.77659504
4/16/2012,2.42,35.65064163
4/13/2012,2.54,37.40494369
4/12/2012,2.5,36.79996956
4/11/2012,2.48,36.48974829
4/10/2012,2.62,38.50986544
4/9/2012,2.8,41.14045173
4/6/2012,2.79,40.98453048
4/5/2012,2.62,38.48472268
4/4/2012,2.72,39.93446933
4/3/2012,2.9,42.53110413
4/2/2012,2.83,41.48250315
3/30/2012,2.77,40.58134832
3/29/2012,3.01,44.07196136
3/28/2012,2.9,42.45161717
3/27/2012,3.04,44.45310665
3/26/2012,3.13,45.75284024
3/23/2012,2.99,43.69045721
3/22/2012,3.09,45.13482614
3/21/2012,3.23,47.16436749
3/19/2012,3.41,49.73538905
3/16/2012,3.72,54.24796302
3/15/2012,4.08,59.46761784
3/14/2012,2.89,42.06981647
3/13/2012,2.17,31.54028976
3/12/2012,2.14,31.09082876
3/9/2012,2.16,32.55060883
3/8/2012,2.13,32.0846167
3/7/2012,1.95,29.35775364
3/6/2012,2.11,31.73336576
3/5/2012,2.17,32.62443804
3/2/2012,2.24,33.66452597
3/1/2012,2.04,30.63940593
2/29/2012,2.19,32.88028302
2/28/2012,2.15,32.24295145
2/27/2012,2.11,31.6324053
2/24/2012,2.08,31.16865462
2/23/2012,2.46,36.84902939
2/22/2012,2.48,37.1322762
2/21/2012,2.42,36.18839014
2/20/2012,2.48,37.06846712
2/17/2012,2.33,34.81025695
2/16/2012,2.28,34.04582055
2/15/2012,2.25,33.58725083
2/14/2012,2.23,33.25305501
2/13/2012,2.29,34.13890026
2/10/2012,2.28,33.97716252
2/9/2012,2.49,37.0911364
2/8/2012,2.47,36.7750003
2/7/2012,2.4,35.69008973
2/6/2012,2.4,35.67192879
2/3/2012,2.16,32.08764801
2/2/2012,2.11,31.3268621
2/1/2012,2.16,32.06009815
1/31/2012,2.28,33.80474879
1/30/2012,2.32,34.38030684
1/27/2012,2.31,34.21769965
1/26/2012,2.33,34.50166795
1/25/2012,2.65,39.23531441
1/24/2012,2.74,40.52123352
1/23/2012,2.7,39.90934446
1/20/2012,2.63,38.85840804
1/19/2012,2.4,35.43815081
1/18/2012,2.53,37.34039503
1/17/2012,2.58,38.03244826
1/16/2012,2.5,36.83605353
1/13/2012,2.3,33.87816671
1/12/2012,2.41,35.48037554
1/11/2012,2.44,35.91030996
1/10/2012,2.6,38.22434561
1/6/2012,2.42,35.56363157
1/5/2012,2.49,36.57646975
1/4/2012,2.61,38.324086
12/30/2011,2.41,35.33323484
12/29/2011,2.57,37.6607295
12/28/2011,2.88,42.18826035
12/27/2011,2.55,37.28309605
12/26/2011,2.44,35.65963973
12/22/2011,2.47,
12/21/2011,2.45,
12/20/2011,2.53,
12/19/2011,2.71,39.49580232
12/16/2011,2.78,40.49580536
12/15/2011,2.67,38.87442797
12/14/2011,2.72,39.59022834
12/13/2011,2.69,39.11039333
12/12/2011,2.81,40.84909755
12/9/2011,2.88,43.2681715
12/8/2011,2.94,44.16119211
12/7/2011,2.86,42.94505052
12/6/2011,2.76,41.39502677
12/5/2011,3.13,46.92229161
12/2/2011,3.27,49.00724374
12/1/2011,3.59,53.78240642
11/30/2011,4.04,60.51308121
11/29/2011,3.77,56.40128112
11/28/2011,3.76,56.22118315
11/25/2011,3.74,55.88063252
11/24/2011,2.91,43.44109882
11/22/2011,2.72,40.58717337
11/21/2011,2.89,43.06981115
11/18/2011,2.96,44.09145476
11/17/2011,2.71,40.33476581
11/16/2011,2.49,37.04558298
11/15/2011,2.42,35.96841449
11/14/2011,2.59,38.48143874
11/11/2011,2.56,38.01576607
11/10/2011,2.52,37.4063317
11/9/2011,2.49,36.94733171
11/8/2011,2.61,38.68282142
11/7/2011,2.71,40.15376261
11/4/2011,2.66,39.39636807
11/2/2011,2.73,40.41694546
11/1/2011,2.66,39.36859189
10/31/2011,2.77,40.96215153
10/28/2011,2.78,41.07608792
10/27/2011,2.62,38.68208366
10/26/2011,2.66,39.24790577
10/25/2011,2.68,39.51280218
10/24/2011,2.66,39.20420808
10/21/2011,2.63,38.73905873
10/20/2011,2.79,41.08072242
10/19/2011,2.9,42.68568914
10/18/2011,2.95,43.37431383
10/17/2011,3,44.08897282
10/14/2011,2.85,41.87056797
10/13/2011,3,44.0518569
10/12/2011,2.68,39.32700499
10/11/2011,2.7,39.57752756
10/7/2011,2.64,38.67592372
10/6/2011,2.7,39.5352669
10/5/2011,2.74,40.10097102
10/4/2011,2.85,41.65963451
10/3/2011,2.87,41.9425618
9/30/2011,2.96,43.24214211
9/29/2011,2.87,41.89772221
9/28/2011,2.99,43.63374268
9/27/2011,3.05,44.46150641
9/26/2011,3.15,
9/22/2011,3.05,44.41602239
9/21/2011,3.06,44.53995649
9/20/2011,3.03,44.08147738
9/16/2011,2.96,43.00673676
9/15/2011,2.96,42.98294228
9/14/2011,3.06,44.41337447
9/13/2011,2.89,41.88999447
9/12/2011,2.98,43.17652899
9/9/2011,2.89,41.85819189
9/8/2011,2.96,44.58574439
9/7/2011,3.1,46.67506595
9/6/2011,3.16,47.51325694
9/5/2011,3,45.09800902
9/2/2011,2.91,43.74619533
9/1/2011,3,45.07968056
8/31/2011,2.86,42.9468116
8/30/2011,2.9,43.49775476
8/29/2011,3.11,46.6244763
8/26/2011,3.34,50.06595162
8/25/2011,3.28,49.13846166
8/24/2011,3.38,50.60410029
8/23/2011,3.32,49.65292435
8/22/2011,3.22,48.13027878
8/19/2011,3.18,47.51243251
8/18/2011,3.17,47.34333776
8/17/2011,3.21,47.93310929
8/16/2011,3.27,48.78023895
8/15/2011,3.22,48.01445927
8/12/2011,3.24,48.29195604
8/11/2011,3.4,50.65773679
8/10/2011,3.31,49.29446312
8/9/2011,3.46,51.47492001
8/8/2011,3.17,47.12589541
8/5/2011,2.94,43.69437168
8/4/2011,2.83,42.04191778
8/3/2011,2.95,43.80648465
8/2/2011,2.98,44.21017896
8/1/2011,3.01,44.64397436
7/29/2011,3.2,47.44106711
7/28/2011,3.25,48.15759622
7/27/2011,3.33,49.32957366
7/26/2011,3.3,48.83679017
7/25/2011,3.3,48.81517383
7/22/2011,3.31,48.94608948
7/21/2011,3.39,50.1043107
7/20/2011,3.48,51.40542111
7/19/2011,3.41,50.31477107
7/15/2011,3.33,49.11328864
7/14/2011,3.55,52.33085645
7/13/2011,3.43,50.55194662
7/12/2011,3.34,49.15750069
7/11/2011,3.13,46.0602334
7/8/2011,3.18,46.79365692
7/7/2011,3.17,46.62357492
7/6/2011,3.21,47.19339026
7/5/2011,3.03,44.49200871
7/4/2011,3.13,45.9381424
7/1/2011,3.1,45.47460339
6/30/2011,3.5,51.32806962
6/29/2011,3.61,52.90643059
6/28/2011,3.41,49.89944048
6/27/2011,3.36,49.14860755
6/24/2011,3.11,45.48322807
6/23/2011,3.16,46.20770489
6/22/2011,3.27,47.79849336
6/21/2011,3.36,49.06275723
6/20/2011,3.21,46.84373094
6/17/2011,3.28,47.84104611
6/16/2011,3.25,47.38234799
6/15/2011,3.24,47.24709852
6/14/2011,3.27,47.61351557
6/13/2011,3.05,44.40332794
6/10/2011,3.02,43.93959426
6/9/2011,3.1,47.0643217
6/8/2011,3.18,48.41885357
6/7/2011,3.27,49.73084483
6/6/2011,3.27,49.70973857
6/3/2011,3.12,47.25318718
6/2/2011,3.29,49.96045663
6/1/2011,3.4,51.63211954
5/31/2011,3.87,58.69791785
5/30/2011,3.13,47.29232299
5/27/2011,3.01,45.60528623
5/26/2011,3.03,45.89506174
5/25/2011,3.05,46.01983705
5/24/2011,2.96,44.75473245
5/23/2011,3.14,47.46093499
5/20/2011,3.01,45.47613098
5/19/2011,2.9,43.79964235
5/18/2011,3.01,45.4362852
5/17/2011,3.24,48.8523773
5/16/2011,3.31,49.88824447
5/13/2011,3.18,47.89982138
5/12/2011,3.25,48.93217713
5/11/2011,3.39,51.02541216
5/10/2011,3.52,52.91795169
5/9/2011,3.48,52.30166452
5/6/2011,3.39,50.92211226
5/2/2011,3.07,46.10717206
4/28/2011,2.8,42.02842809
4/27/2011,3.14,47.0885879
4/26/2011,2.94,44.02182114
4/25/2011,2.89,43.21689028
4/22/2011,3.02,45.13675501
4/21/2011,3.05,45.57186851
4/20/2011,3.15,47.04594305
4/19/2011,3.27,48.78121838
4/18/2011,3.48,51.90398539
4/15/2011,3.45,51.44077887
4/14/2011,3.56,53.05977581
4/13/2011,3.78,56.33058825
4/12/2011,3.94,58.65242758
4/11/2011,3.96,58.91909858
4/8/2011,3.97,59.04633248
4/7/2011,3.9,57.97653061
4/6/2011,3.85,57.19613996
4/5/2011,3.77,55.93233818
4/4/2011,4.12,61.10269403
4/1/2011,4.25,63.00376844
3/31/2011,4.19,62.06041472
3/30/2011,4.24,62.77400087
3/29/2011,4.26,62.99208157
3/28/2011,4.3,63.56567752
3/25/2011,4.15,61.316729
3/24/2011,4.27,63.04736993
3/23/2011,4.35,64.2143579
3/22/2011,4.95,73.01446728
3/18/2011,4.99,73.54796355
3/17/2011,5.71,84.11583053
3/16/2011,6.05,89.0976205
3/15/2011,6.56,96.42384666
3/14/2011,5.52,81.11772588
3/11/2011,3.55,52.17758855
3/10/2011,3.71,56.43099573
3/9/2011,3.8,57.77750349
3/8/2011,3.8,57.6982331
3/7/2011,3.81,57.82059818
3/4/2011,3.89,59.03076402
3/3/2011,3.86,58.52961236
3/2/2011,3.85,58.35035363
3/1/2011,3.89,58.90565791
2/28/2011,4.24,64.16547799
2/25/2011,4.06,61.41179475
2/24/2011,3.9,58.95352081
2/23/2011,3.78,57.11682443
2/22/2011,3.59,54.20013789
2/21/2011,3.66,55.25246209
2/18/2011,3.59,54.17663771
2/17/2011,3.88,
2/16/2011,3.94,59.4153235
2/15/2011,3.8,57.22258732
2/14/2011,4.04,60.81222482
2/10/2011,3.89,58.52574753
2/9/2011,4.18,62.87622495
2/8/2011,4.04,60.73693165
2/7/2011,3.94,59.13184241
2/4/2011,3.88,58.19915514
2/3/2011,3.57,53.50846987
2/2/2011,3.57,53.47065922
2/1/2011,3.85,57.6009976
1/31/2011,3.91,58.46315644
1/28/2011,3.74,55.89837044
1/27/2011,3.66,54.6830319
1/26/2011,3.8,56.76033121
1/25/2011,4.01,59.83532879
1/24/2011,4.12,61.44119799
1/21/2011,4.03,60.06597517
1/20/2011,4.01,59.74442244
1/19/2011,4.22,62.87133608
1/18/2011,3.93,58.45778176
1/17/2011,3.9,57.97609434
1/14/2011,3.88,57.65370371
1/13/2011,3.95,58.66073711
1/12/2011,4.05,60.11377895
1/11/2011,4.2,62.27807935
1/7/2011,4.49,66.5677537
1/6/2011,4.6,68.16849693
1/5/2011,4.31,63.80000632
1/4/2011,4.32,63.85975998
12/30/2010,4.02,59.3792024
12/29/2010,4.2,62.0395165
12/28/2010,4.49,66.28389627
12/27/2010,4.44,65.44339294
12/24/2010,4.59,67.63484185
12/22/2010,4.54,66.85452612
12/21/2010,4.48,65.95278453
12/20/2010,4.58,67.33673761
12/17/2010,4.54,66.69820435
12/16/2010,5.04,74.06723944
12/15/2010,5,73.44165182
12/14/2010,4.87,71.4375551
12/13/2010,5.24,76.84911417
12/10/2010,4.24,62.12288622
12/9/2010,4.78,72.18391418
12/8/2010,4.85,73.20273949
12/7/2010,3.88,58.43954286
12/6/2010,3.92,59.01308791
12/3/2010,3.95,59.46785866
12/2/2010,4.07,61.23589971
12/1/2010,3.99,59.99145873
11/30/2010,4.11,61.74754459
11/29/2010,4.2,63.07573282
11/26/2010,4.39,65.91738227
11/25/2010,4.05,60.7532332
11/24/2010,3.86,57.87309628
11/22/2010,4.11,61.55154122
11/19/2010,4,59.85788355
11/18/2010,3.76,56.25065414
11/17/2010,3.53,52.74216356
11/16/2010,3.76,56.10345687
11/15/2010,3.43,51.17251772
11/12/2010,3.14,46.80346467
11/11/2010,3.25,48.42321712
11/10/2010,3.38,50.3430712
11/9/2010,3.24,48.19570412
11/8/2010,3.18,47.27510405
11/5/2010,3.12,46.35558501
11/4/2010,3.07,45.58624727
11/2/2010,3.45,51.21277136
11/1/2010,3.51,52.04745179
10/29/2010,3.41,50.53546712
10/28/2010,3.29,48.70668487
10/27/2010,3.41,50.47240717
10/26/2010,3.24,47.89537829
10/25/2010,3.47,51.27324477
10/22/2010,3.38,49.91894465
10/21/2010,3.31,48.85759222
10/20/2010,3.35,49.42388586
10/19/2010,3.23,47.60334381
10/18/2010,3.07,45.22082863
10/15/2010,3.03,44.61270364
10/14/2010,3.05,44.88240262
10/13/2010,2.96,
10/12/2010,2.95,43.33891862
10/8/2010,3.1,45.52910187
10/7/2010,3.12,45.80403444
10/6/2010,3.11,45.62529791
10/5/2010,3.17,46.45743205
10/4/2010,3.36,49.22615923
10/1/2010,3.36,49.21129996
9/30/2010,3.21,46.9914724
9/29/2010,3.6,52.68194048
9/28/2010,3.59,52.48814272
9/27/2010,3.36,49.11353539
9/24/2010,3.38,49.38858104
9/22/2010,3.31,48.34475242
9/21/2010,3.32,48.48535889
9/17/2010,3.39,49.4586118
9/16/2010,3.46,50.43220543
9/15/2010,3.54,51.57944591
9/14/2010,3.8,55.31753743
9/13/2010,3.99,58.06238533
9/10/2010,3.92,57.02702699
9/9/2010,3.67,55.68214353
9/8/2010,3.65,55.36371627
9/7/2010,4.06,61.51530081
9/6/2010,4.35,65.90320073
9/3/2010,4.25,64.32435626
9/2/2010,4.02,60.80010021
9/1/2010,3.83,57.88416662
8/31/2010,3.56,53.72361447
8/30/2010,3.62,54.62953395
8/27/2010,3.33,50.23080497
8/26/2010,3,45.21789645
8/25/2010,2.97,44.74206036
8/24/2010,2.95,44.39403689
8/23/2010,2.96,44.52921523
8/20/2010,3.05,45.86345553
8/19/2010,3.03,45.54316371
8/18/2010,2.87,43.11888234
8/17/2010,2.94,44.12778464
8/16/2010,2.88,43.20592699
8/13/2010,2.82,42.2973977
8/12/2010,2.85,42.73836228
8/11/2010,2.75,41.22409145
8/10/2010,2.81,42.07976647
8/9/2010,2.74,41.00985068
8/6/2010,2.75,41.15189966
8/5/2010,2.76,41.27659994
8/4/2010,2.68,40.05627702
8/3/2010,2.65,39.56951525
8/2/2010,2.79,41.64213803
7/30/2010,2.84,42.37627758
7/29/2010,2.73,40.72018989
7/28/2010,2.88,42.9424392
7/27/2010,2.88,42.88404529
7/26/2010,2.77,41.23427106
7/23/2010,3.11,46.27865922
7/22/2010,3.1,46.10278669
7/21/2010,3.08,45.78914675
7/20/2010,3.08,45.74666063
7/16/2010,2.93,43.49525538
7/15/2010,2.96,43.9178814
7/14/2010,2.85,42.28317186
7/13/2010,2.89,42.80797406
7/12/2010,2.98,44.12520102
7/9/2010,3.05,45.15183056
7/8/2010,3.09,45.70742389
7/7/2010,3.04,44.95175765
7/6/2010,3.06,45.1961634
7/5/2010,3.03,44.73098094
7/2/2010,3.21,47.37333482
7/1/2010,3.1,45.71293567
6/30/2010,2.88,42.46175799
6/29/2010,2.75,40.5018813
6/28/2010,2.71,
6/25/2010,2.67,39.3054368
6/24/2010,2.64,38.84889503
6/23/2010,2.49,36.62827074
6/22/2010,2.58,37.91677366
6/21/2010,2.69,39.52704774
6/18/2010,2.68,39.36045728
6/17/2010,2.78,40.81337196
6/16/2010,2.83,41.53531129
6/15/2010,2.96,43.38776089
6/14/2010,3.03,44.39781278
6/11/2010,3.13,45.84941931
6/10/2010,3.15,48.14000688
6/9/2010,3.17,48.42033421
6/8/2010,3.21,48.9805572
6/7/2010,3.21,48.9582618
6/4/2010,3.15,48.03778322
6/3/2010,3.21,48.9367617
6/2/2010,3.23,49.21809117
6/1/2010,3.19,48.55410263
5/31/2010,3.37,51.27969907
5/28/2010,3.5,53.2322789
5/27/2010,3.34,50.76918689
5/26/2010,3.42,51.95302066
5/25/2010,3.36,50.98588591
5/24/2010,3.14,47.64485934
5/21/2010,3.27,49.58614788
5/20/2010,3.15,47.74634524
5/19/2010,3.08,46.67779637
5/18/2010,3,45.41892209
5/17/2010,3.01,45.54429039
5/14/2010,2.93,44.32597202
5/13/2010,3.02,45.66853537
5/12/2010,3.16,47.75893597
5/11/2010,3.3,49.81842451
5/10/2010,3.43,51.76656811
5/7/2010,3.45,52.03833432
5/6/2010,3.03,45.67890558
4/30/2010,2.87,43.24625199
4/28/2010,2.91,43.79500318
4/27/2010,2.64,39.72290286
4/26/2010,2.6,39.04273589
4/23/2010,2.64,39.60289949
4/22/2010,2.68,40.18707707
4/21/2010,2.66,39.87710026
4/20/2010,2.67,39.97699823
4/19/2010,2.83,42.35064552
4/16/2010,2.78,41.60169958
4/15/2010,2.81,42.03617538
4/14/2010,2.87,42.91419528
4/13/2010,2.91,43.46934817
4/12/2010,3.06,45.70392423
4/9/2010,2.99,44.63330095
4/8/2010,3.09,46.10174128
4/7/2010,3.11,46.39149983
4/6/2010,3.07,45.73985975
4/5/2010,3.04,45.26440611
4/2/2010,3.04,45.23609817
4/1/2010,2.99,44.47766447
3/31/2010,3.29,48.93306476
3/30/2010,2.96,43.97687247
3/29/2010,3.54,52.57507237
3/26/2010,3.5,51.952781
3/25/2010,3.19,47.31426794
3/24/2010,3.04,45.05828736
3/23/2010,3.1,45.89869949
3/19/2010,3.17,46.92281833
3/18/2010,3.2,47.3452608
3/17/2010,2.94,43.47530176
3/16/2010,3.16,46.65334
3/15/2010,3.21,47.37086872
3/12/2010,3.11,45.88195244
3/11/2010,2.89,43.95399025
3/10/2010,2.78,42.25471153
3/9/2010,2.74,41.60183657
3/8/2010,2.85,43.25534009
3/5/2010,2.84,43.08547225
3/4/2010,2.88,43.67266739
3/3/2010,2.65,40.17655356
3/2/2010,2.83,42.85354931
3/1/2010,2.87,43.44105516
2/26/2010,3,45.38632853
2/25/2010,3.05,46.12344796
2/24/2010,2.88,43.53905932
2/23/2010,2.95,44.5558004
2/22/2010,3.12,47.11128964
2/19/2010,3.04,45.87181656
2/18/2010,3.07,46.29974148
2/17/2010,3.14,47.33414122
2/16/2010,3.07,46.22227888
2/15/2010,3.15,47.4073771
2/12/2010,3.2,48.15240679
2/10/2010,3.21,48.27393816
2/9/2010,3.22,48.40492738
2/8/2010,3.34,50.16465089
2/5/2010,3.46,51.92993708
2/4/2010,3.3,49.508441
2/3/2010,3.11,46.6277632
2/2/2010,3.13,46.87438659
2/1/2010,2.96,44.30090782
1/29/2010,3.05,45.6258583
1/28/2010,3.21,47.99323796
1/27/2010,3.36,50.21307012
1/26/2010,3.47,51.80684725
1/25/2010,3.4,50.75476823
1/22/2010,3.38,50.42354933
1/21/2010,3.39,50.56082063
1/20/2010,3.35,49.93155928
1/19/2010,3.42,50.91714407
1/18/2010,3.36,50.00080343
1/15/2010,3.4,50.58523241
1/14/2010,3.54,52.64711401
1/13/2010,3.63,53.95547418
1/12/2010,3.79,56.28386623
1/8/2010,3.74,55.51580874
1/7/2010,3.63,53.84740811
1/6/2010,3.63,53.81680475
1/5/2010,3.64,53.88182477
1/4/2010,3.75,55.48074196
12/30/2009,3.74,55.28768109
12/29/2009,3.58,52.9080216
12/28/2009,3.62,53.48066676
12/25/2009,3.22,47.47203942
12/24/2009,3.45,50.83900816
12/22/2009,3.45,50.80354959
12/21/2009,3.62,53.23390743
12/18/2009,3.43,50.42904149
12/17/2009,3.17,46.57409227
12/16/2009,3.24,47.58507933
12/15/2009,3.24,47.53705671
12/14/2009,3.43,50.31417255
12/11/2009,3.48,51.02123327
12/10/2009,3.39,51.52780589
12/9/2009,3.75,56.96774495
12/8/2009,3.37,51.14781251
12/7/2009,3.39,51.4372832
12/4/2009,3.55,53.84071752
12/3/2009,3.56,53.96330048
12/2/2009,3.61,54.69289976
12/1/2009,4.15,62.78794394
11/30/2009,3.68,55.68343337
11/27/2009,3.68,55.65536027
11/26/2009,3.71,56.09954672
11/25/2009,3.67,55.47675976
11/24/2009,3.74,56.46115308
11/20/2009,3.73,56.29672271
11/19/2009,3.78,57.02067263
11/18/2009,3.82,57.59635254
11/17/2009,3.87,58.27233091
11/16/2009,3.96,59.61468774
11/13/2009,3.81,57.33883735
11/12/2009,3.75,56.424631
11/11/2009,3.75,56.43264408
11/10/2009,3.83,57.58353301
11/9/2009,3.82,57.41781216
11/6/2009,3.72,55.88278881
11/5/2009,3.8,57.05139908
11/4/2009,3.8,57.01461276
11/2/2009,3.63,54.38594111
10/30/2009,3.63,54.37772493
10/29/2009,3.92,58.68970423
10/28/2009,4.24,63.4451029
10/27/2009,4.06,60.67725956
10/26/2009,3.9,58.25555444
10/23/2009,3.8,56.72348444
10/22/2009,3.82,56.98464418
10/21/2009,3.64,54.26864885
10/20/2009,3.62,53.91079087
10/19/2009,3.48,51.79888155
10/16/2009,3.34,49.68831293
10/15/2009,3.24,48.17585131
10/14/2009,3.26,48.44622015
10/13/2009,3.24,48.096845
10/9/2009,3.06,45.40724845
10/8/2009,3.18,47.1546554
10/7/2009,3.16,46.83667394
10/6/2009,3.29,48.67796456
10/5/2009,3.44,50.87951637
10/2/2009,3.68,54.40434914
10/1/2009,3.64,53.79884577
9/30/2009,3.83,56.59029481
9/29/2009,3.8,56.0769088
9/28/2009,3.75,55.3189412
9/25/2009,3.96,58.40641049
9/24/2009,3.96,58.38549609
9/18/2009,3.97,58.51526842
9/17/2009,4.17,61.3932665
9/16/2009,4.04,59.44176263
9/15/2009,4.23,62.08903566
9/14/2009,4.18,61.32192063
9/11/2009,4.06,59.54037865
9/10/2009,4.12,62.85799152
9/9/2009,4.11,62.68471983
9/8/2009,4.05,61.70709192
9/7/2009,4.05,61.70209662
9/4/2009,3.94,59.98245257
9/3/2009,3.99,60.69405408
9/2/2009,3.9,59.30446711
9/1/2009,3.87,58.78939315
8/31/2009,4.15,63.01785906
8/28/2009,3.99,60.56824186
8/27/2009,4.43,67.21441064
8/26/2009,4.86,73.7206527
8/25/2009,5.05,76.50486435
8/24/2009,5.05,76.48275535
8/21/2009,4.7,71.13038777
8/20/2009,5.04,76.26680391
8/19/2009,4.96,75.01903045
8/18/2009,4.88,73.73656385
8/17/2009,4.55,68.73394086
8/14/2009,4.47,67.52555486
8/13/2009,4.4,66.46489087
8/12/2009,4.33,65.37974226
8/11/2009,4.11,62.00610159
8/10/2009,4.27,64.38566422
8/7/2009,3.83,57.71027021
8/6/2009,3.81,57.37868817
8/5/2009,3.76,56.60033987
8/4/2009,3.82,57.4394121
8/3/2009,3.89,58.46534782
7/31/2009,3.97,59.6225181
7/30/2009,3.79,56.87485554
7/29/2009,3.8,57.00302511
7/28/2009,4.01,60.09451565
7/27/2009,5.27,78.94012704
7/24/2009,4.43,66.33098083
7/23/2009,4.4,65.85151895
7/22/2009,4.76,71.22591802
7/21/2009,4.94,73.82746098
7/17/2009,4.16,62.12301972
7/16/2009,4.34,64.77072701
7/15/2009,4.34,64.74552249
7/14/2009,4.3,64.06313648
7/13/2009,4.29,63.86652525
7/10/2009,4.2,62.50858537
7/9/2009,4.3,63.96869104
7/8/2009,4.34,64.52979896
7/7/2009,4.1,60.90761203
7/6/2009,4.03,59.84317125
7/3/2009,3.93,58.33870002
7/2/2009,3.93,58.33172511
7/1/2009,3.97,58.89481459
6/30/2009,4.1,60.7619224
6/29/2009,3.94,58.37238125
6/26/2009,4.84,71.68874881
6/25/2009,4.75,70.32294814
6/24/2009,5.12,75.77017429
6/23/2009,4.68,69.19643759
6/22/2009,4.76,70.37234331
6/19/2009,4.65,68.72225188
6/18/2009,4.54,67.07346819
6/17/2009,4.81,71.04399573
6/16/2009,4.79,70.66919713
6/15/2009,4.35,64.18175934
6/12/2009,3.96,58.40876811
6/11/2009,3.94,60.67465778
6/10/2009,3.91,60.18404222
6/9/2009,3.89,59.79491992
6/8/2009,4.08,62.69395859
6/5/2009,3.9,59.88589478
6/4/2009,3.93,60.30410138
6/3/2009,4.23,64.92077515
6/2/2009,4.08,62.54566798
6/1/2009,4.09,62.66287584
5/29/2009,4.25,65.09295628
5/28/2009,4.17,63.82946338
5/27/2009,3.84,58.75482631
5/26/2009,3.68,56.22459987
5/25/2009,4.36,66.58716496
5/22/2009,4.31,65.78800072
5/21/2009,4.46,68.03019243
5/20/2009,4.44,67.68532516
5/19/2009,4.21,64.10289761
5/18/2009,4.35,66.19895261
5/15/2009,3.89,59.19314538
5/14/2009,4.05,61.60213946
5/13/2009,4.11,62.50839591
5/12/2009,4,60.75225059
5/11/2009,4.33,65.74347298
5/8/2009,4.08,61.91440249
5/7/2009,4.09,62.00887227
5/1/2009,3.64,55.1443093
4/30/2009,3.99,60.3986319
4/28/2009,3.84,58.0859085
4/27/2009,4.51,68.10188696
4/24/2009,4.25,64.11680425
4/23/2009,4.34,65.41328312
4/22/2009,4.31,64.93780887
4/21/2009,4.25,63.96788965
4/20/2009,4.53,68.17811491
4/17/2009,4.43,66.63814265
4/16/2009,4.49,67.51073735
4/15/2009,4.55,68.3700323
4/14/2009,4.6,69.06494136
4/13/2009,4.69,70.38088108
4/10/2009,4.62,69.30932802
4/9/2009,4.94,74.08429033
4/8/2009,4.61,69.08498931
4/7/2009,4.66,69.73978473
4/6/2009,4.76,71.2079809
4/3/2009,4.65,69.51679543
4/2/2009,4.59,68.35718588
4/1/2009,4.35,64.92802783
3/31/2009,4.46,66.49347159
3/30/2009,4.79,71.37942285
3/27/2009,5.41,80.59037227
3/26/2009,5.35,79.6336027
3/25/2009,5.44,80.90572552
3/24/2009,5.59,83.01285558
3/23/2009,5.48,81.34418128
3/19/2009,4.92,72.98391057
3/18/2009,4.78,70.92089401
3/17/2009,4.67,69.26890393
3/16/2009,4.66,69.00567055
3/13/2009,4.45,65.88100441
3/12/2009,4.22,62.43369056
3/11/2009,4.42,67.92704226
3/10/2009,4.39,67.38045364
3/9/2009,4.54,69.65430025
3/6/2009,4.62,70.8582453
3/5/2009,4.78,73.27866009
3/4/2009,4.8,73.52560445
3/3/2009,4.73,72.35609542
3/2/2009,4.69,71.71332341
2/27/2009,4.57,69.83172226
2/26/2009,4.94,75.42971876
2/25/2009,6.08,92.84831734
2/24/2009,5.91,90.1028673
2/23/2009,5.37,81.84027331
2/20/2009,4.75,72.36205936
2/19/2009,5.32,81.00431954
2/18/2009,5.8,88.26730648
2/17/2009,5.51,83.77496793
2/16/2009,5.22,79.35871018
2/13/2009,5.09,77.33073012
2/12/2009,4.95,75.16556686
2/10/2009,4.91,74.57792112
2/9/2009,5.11,77.5199639
2/6/2009,5.05,76.5821238
2/5/2009,4.83,73.17940971
2/4/2009,4.88,73.91786137
2/3/2009,4.88,73.80380882
2/2/2009,5.17,78.13895196
1/30/2009,5.37,81.13833453
1/29/2009,5.55,83.80344277
1/28/2009,5.53,83.46476799
1/27/2009,5.77,86.98023302
1/26/2009,5.96,89.76747754
1/23/2009,5.73,86.25737625
1/22/2009,6.12,92.08844362
1/21/2009,5.82,87.54166354
1/20/2009,5.96,89.52506819
1/19/2009,5.87,88.16247582
1/16/2009,5.53,83.01010911
1/15/2009,5.45,81.73575191
1/14/2009,5.2,77.9881394
1/13/2009,5.48,82.08256475
1/9/2009,4.93,73.8573306
1/8/2009,5.17,77.43010265
1/7/2009,4.92,73.62708182
1/6/2009,5.02,75.02651534
1/5/2009,5.21,77.78353655
12/30/2008,4.98,74.28326952
12/26/2008,4.18,62.32751401
12/25/2008,4.94,73.4792392
12/24/2008,5.43,80.73141047
12/22/2008,5.73,85.09357177
12/19/2008,6.24,92.62696458
12/18/2008,6.23,92.46701025
12/17/2008,5.95,88.23310269
12/16/2008,5.79,85.79332527
12/15/2008,5.52,81.75114955
12/12/2008,5.77,85.3997206
12/11/2008,6.36,96.5020461
12/10/2008,6.32,95.88298401
12/9/2008,5.89,89.22861144
12/8/2008,5.97,90.37647461
12/5/2008,5.78,87.48795155
12/4/2008,5.42,81.97132686
12/3/2008,5.74,86.77113533
12/2/2008,5.28,79.71909301
12/1/2008,5.23,78.94765146
11/28/2008,9.39,141.6809759
11/27/2008,9.33,140.7170364
11/26/2008,9.33,140.6673565
11/25/2008,8.62,129.840393
11/21/2008,6.85,103.1052992
11/20/2008,7.85,118.1133346
11/19/2008,7.09,106.6695396
11/18/2008,7.24,108.7725586
11/17/2008,7.45,111.8887907
11/14/2008,7.06,106.0009097
11/13/2008,7.1,106.5607089
11/12/2008,6.76,101.4351743
11/11/2008,6.75,101.1608642
11/10/2008,6.42,96.24340231
11/7/2008,6.67,99.93781249
11/6/2008,6.65,99.5395597
11/5/2008,6.78,101.4937012
11/4/2008,7.5,112.0988393
10/31/2008,8.1,120.997047
10/30/2008,8.29,123.7900112
10/29/2008,8.19,122.2382349
10/28/2008,10.03,149.5526148
10/27/2008,10.09,150.2850089
10/24/2008,8.48,126.2956294
10/23/2008,7.75,115.4321391
10/22/2008,8.37,124.6521195
10/21/2008,8.07,120.1351155
10/20/2008,9.3,138.3811298
10/17/2008,8.89,131.7969588
10/16/2008,10.11,149.7954088
10/15/2008,10.37,153.593202
10/14/2008,10.31,152.4961394
10/10/2008,9.46,139.7368384
10/9/2008,8.61,127.026839
10/8/2008,8.52,125.5514851
10/7/2008,7.49,110.6332552
10/6/2008,7.25,107.0105116
10/3/2008,7.35,108.5308745
10/2/2008,7.4,109.2600769
10/1/2008,7.53,111.1471294
9/30/2008,7.11,104.8015743
9/29/2008,8.5,125.2915242
9/26/2008,7.94,116.9790595
9/25/2008,8.41,123.8098857
9/24/2008,7.84,115.4091659
9/22/2008,7.94,116.7504134
9/19/2008,7.41,108.9088625
9/18/2008,8.33,122.2662302
9/17/2008,7.41,107.1366693
9/16/2008,8.32,120.2227182
9/12/2008,5.59,81.66053638
9/11/2008,5.5,80.30924247
9/10/2008,5.68,86.04670158
9/9/2008,5.57,84.26898498
9/8/2008,5.7,86.16521978
9/5/2008,5.75,86.79280847
9/4/2008,5.42,81.84466337
9/3/2008,4.73,71.35243308
9/2/2008,4.75,71.57907368
9/1/2008,4.94,74.44111887
8/29/2008,5.25,79.0364836
8/28/2008,5.34,80.3650843
8/27/2008,5.2,78.2303105
8/26/2008,4.98,74.81670897
8/25/2008,6.27,94.18819061
8/22/2008,5,75.09955081
8/21/2008,5.17,77.59477582
8/20/2008,5.06,75.92694952
8/19/2008,5.19,77.78214272
8/18/2008,5.36,80.29957
8/15/2008,5.09,76.23384087
8/14/2008,5.03,75.28870603
8/13/2008,5.13,76.75714049
8/12/2008,5.11,76.37530145
8/11/2008,5.29,79.03727414
8/8/2008,4.87,72.73262076
8/7/2008,4.75,70.93695912
8/6/2008,4.83,72.09480504
8/5/2008,4.84,72.19396604
8/4/2008,4.97,74.08223953
8/1/2008,4.83,71.98195057
7/31/2008,5.13,76.43595195
7/30/2008,5.46,81.31750441
7/29/2008,5.63,83.76696607
7/28/2008,5.6,83.31497556
7/25/2008,5.51,81.93467236
7/24/2008,6.14,91.32308531
7/23/2008,6.29,93.4875485
7/22/2008,6.18,91.73168374
7/18/2008,4.84,71.76161644
7/17/2008,5.14,76.18909795
7/16/2008,5.43,80.44684391
7/15/2008,5.72,84.61633439
7/14/2008,5.75,85.04946974
7/11/2008,5.79,85.6136925
7/10/2008,5.71,84.37554933
7/9/2008,5.77,85.25938231
7/8/2008,5.92,87.38284529
7/7/2008,5.71,84.32214915
7/4/2008,5.48,80.85593257
7/3/2008,5.58,82.32272189
7/2/2008,6.18,91.13493112
7/1/2008,5.55,81.76335141
6/30/2008,5.57,81.97687789
6/27/2008,5.63,82.84065019
6/26/2008,5.61,82.52916964
6/25/2008,6.08,89.43730218
6/24/2008,6.16,90.53372989
6/23/2008,6.65,97.70234827
6/20/2008,6.47,95.05448568
6/19/2008,6.55,96.20907889
6/18/2008,6.97,102.3133186
6/17/2008,7.42,108.8265009
6/16/2008,7.66,112.3603469
6/13/2008,7.52,110.2722762
6/12/2008,7.3,106.9376886
6/11/2008,7.52,113.5204283
6/10/2008,7.7,116.0572444
6/9/2008,6.98,105.0626114
6/6/2008,6.65,100.1057644
6/5/2008,6.42,96.53890054
6/4/2008,6.5,97.73530482
6/3/2008,6.7,100.5735868
6/2/2008,7.18,107.8531604
5/30/2008,6.92,103.8690491
5/29/2008,6.69,100.3960012
5/28/2008,6.8,101.9609212
5/27/2008,6.72,100.6675119
5/26/2008,6.6,98.81578681
5/23/2008,6.49,97.13554546
5/22/2008,6.49,97.01119606
5/21/2008,6.33,94.55248592
5/20/2008,6.9,102.9696861
5/19/2008,6.9,102.9564259
5/16/2008,6.91,103.1065419
5/15/2008,6.53,97.36066463
5/14/2008,6.76,100.7624348
5/13/2008,5.92,88.05448736
5/12/2008,5.8,86.22469106
5/9/2008,5.66,84.09122951
5/8/2008,5.62,83.49996543
5/7/2008,5.86,87.05228095
5/2/2008,6.13,90.93689716
5/1/2008,5.49,81.36617478
4/30/2008,5.27,78.08733142
4/28/2008,5.39,79.75184867
4/25/2008,5.83,86.2193789
4/24/2008,4.93,72.78964386
4/23/2008,4.75,70.03759155
4/22/2008,5.33,78.51445725
4/21/2008,5.02,73.89958904
4/18/2008,5.08,74.71709357
4/17/2008,4.92,72.31908388
4/16/2008,4.85,71.22649926
4/15/2008,5.04,73.92678432
4/14/2008,4.99,73.15236132
4/11/2008,4.73,69.34592778
4/10/2008,4.78,70.00601927
4/9/2008,4.59,67.20649733
4/8/2008,4.66,68.15283843
4/7/2008,4.48,65.5174286
4/4/2008,4.85,70.88520042
4/3/2008,4.84,70.71270412
4/2/2008,4.86,70.98105531
4/1/2008,4.77,69.5719871
3/31/2008,4.75,69.22086238
3/28/2008,4.58,66.71179324
3/27/2008,4.86,70.75270864
3/26/2008,5.02,73.06487406
3/25/2008,5.06,73.5627567
3/24/2008,5.27,76.57923709
3/21/2008,6.31,91.64045339
3/19/2008,6.29,91.27662383
3/18/2008,6.1,88.50337894
3/17/2008,5.7,82.56785311
3/14/2008,4.7,68.09674801
3/13/2008,4.82,69.80816581
3/12/2008,4.44,64.3064961
3/11/2008,4.8,72.524893
3/10/2008,4.48,67.66169903
3/7/2008,4.85,73.24081524
3/6/2008,4.75,71.71099243
3/5/2008,4.62,69.72854144
3/4/2008,4.45,67.09922873
3/3/2008,4.59,69.16476387
2/29/2008,4.48,67.49266027
2/28/2008,4.23,63.73507046
2/27/2008,4.14,62.37688462
2/26/2008,4.17,62.7590728
2/25/2008,4.36,65.59117252
2/22/2008,4.17,62.69458605
2/21/2008,4.38,65.83862512
2/20/2008,4.16,62.46680604
2/19/2008,4.46,66.91848516
2/18/2008,4.53,67.93181789
2/15/2008,4.42,66.25851749
2/14/2008,4.53,67.87758452
2/13/2008,4.39,65.72926658
2/12/2008,4.43,66.23708942
2/8/2008,4.51,67.41786428
2/7/2008,4.36,65.14444581
2/6/2008,4.4,65.70581495
2/5/2008,4.3,64.15191799
2/4/2008,4.27,63.67385561
2/1/2008,4.09,60.94056459
1/31/2008,4.2,62.54957966
1/30/2008,4.46,66.39429602
1/29/2008,4.79,71.24397254
1/28/2008,4.47,66.43329842
1/25/2008,4.28,63.61377589
1/24/2008,4.14,61.4600509
1/23/2008,4,59.34020845
1/22/2008,3.99,59.11310656
1/21/2008,3.95,58.51246531
1/18/2008,3.95,58.51123826
1/17/2008,3.88,57.44112558
1/16/2008,4.04,59.78265742
1/15/2008,4.07,60.1704987
