Date,Last
6/18/12,99.62
6/19/12,99.57
6/20/12,97.31
6/21/12,95.35
6/22/12,95.49
6/25/12,95.19
6/26/12,95.08
6/27/12,94.45
6/28/12,93.51
6/29/12,94.12
7/2/12,93.79
7/3/12,93.66
7/5/12,94.11
7/6/12,92.94
7/9/12,91.53
7/10/12,91.16
7/11/12,90.71
7/12/12,90.73
7/13/12,90.31
7/16/12,90.35
7/17/12,90.97
7/18/12,90.11
7/19/12,90.19
7/20/12,89.96
7/23/12,90.14
7/24/12,90.07
7/25/12,90.08
7/26/12,90.05
7/27/12,91.54
7/30/12,92.29
7/31/12,90.91
8/1/12,92.11
8/2/12,92.36
8/3/12,93.02
8/6/12,93.32
8/7/12,93.23
8/8/12,94.23
8/9/12,95.82
8/10/12,93.4
8/13/12,93.11
8/14/12,94.38
8/15/12,96.87
8/16/12,97.7
8/17/12,97.05
8/20/12,96.17
8/21/12,96.13
8/22/12,94.9
8/23/12,93.85
8/24/12,92.83
8/27/12,93.5
8/28/12,94.02
8/29/12,94.82
8/30/12,94.78
8/31/12,94.35
9/4/12,93.4
9/5/12,93.22
9/6/12,93.42
9/7/12,93.7
9/10/12,93.68
9/11/12,93.73
9/12/12,95.47
9/13/12,94.63
9/14/12,94.31
9/17/12,93.46
9/18/12,92.53
9/19/12,91.98
9/20/12,90.28
9/21/12,90.35
9/24/12,89.15
9/25/12,89.08
9/26/12,88.71
9/27/12,88.3
9/28/12,87.64
10/1/12,88.16
10/2/12,87.86
10/3/12,89.53
10/4/12,88.12
10/5/12,88.68
10/8/12,87.17
10/9/12,87.19
10/10/12,86.65
10/11/12,85.81
10/12/12,85.66
10/15/12,85.59
10/16/12,87.74
10/17/12,88.5
10/18/12,89.69
10/19/12,89.33
10/22/12,88.51
10/23/12,88.47
10/24/12,88.39
10/25/12,89.09
10/26/12,87.9
10/31/12,88.01
11/1/12,87.91
11/2/12,88.21
11/5/12,87.68
11/6/12,87.05
11/7/12,85.89
11/8/12,83.57
11/9/12,84.01
11/12/12,83.97
11/13/12,83.94
11/14/12,84.45
11/15/12,84.47
11/16/12,84.25
11/19/12,84.41
11/20/12,84.65
11/21/12,85.19
11/23/12,85.53
11/26/12,84.62
11/27/12,84.07
11/28/12,83.51
11/29/12,83.97
11/30/12,83.49
12/3/12,83.54
12/4/12,82.34
12/5/12,82.38
12/6/12,81.87
12/7/12,81.84
12/10/12,81.76
12/11/12,81.51
12/12/12,81.83
12/13/12,82.54
12/14/12,82.77
12/17/12,84.02
12/18/12,85.98
12/19/12,85.14
12/20/12,84.27
12/21/12,84.1
12/24/12,82.4
12/26/12,82.39
12/27/12,82.27
12/28/12,82.26
12/31/12,82.48
1/2/13,83.55
1/3/13,83.03
1/4/13,82.95
1/7/13,82.51
1/8/13,82.41
1/9/13,82.06
1/10/13,82.67
1/11/13,82.41
1/14/13,83.46
1/15/13,80.61
1/16/13,80.72
1/17/13,81.69
1/18/13,81.9
1/22/13,82.32
1/23/13,82.35
1/24/13,82.68
1/25/13,83.76
1/28/13,84.81
1/29/13,84.3
1/30/13,84.73
1/31/13,84.41
2/1/13,84.94
2/4/13,85.74
2/5/13,85.95
2/6/13,86.15
2/7/13,84.9
2/8/13,84.94
2/11/13,84.45
2/12/13,84.52
2/13/13,85.1
2/14/13,84.88
2/15/13,84.45
2/19/13,83.23
2/20/13,83.13
2/21/13,82.99
2/22/13,83.14
2/25/13,83.26
2/26/13,85.31
2/27/13,85.3
2/28/13,85.3
3/1/13,83.08
3/4/13,82.83
3/5/13,82.97
3/6/13,83.07
3/7/13,83.84
3/8/13,84.27
3/11/13,84.11
3/12/13,84.07
3/13/13,84.33
3/14/13,84.57
3/15/13,84.22
3/18/13,84.23
3/19/13,84.22
3/20/13,85.64
3/21/13,85.29
3/22/13,85.14
3/25/13,84.83
3/26/13,84.35
3/27/13,84.16
3/28/13,84.06
4/1/13,83.88
4/2/13,83.92
4/3/13,83.28
4/4/13,80.74
4/5/13,80.01
4/8/13,80.15
4/9/13,79.76
4/10/13,80.23
4/11/13,79.59
4/12/13,79.34
4/15/13,77.58
4/16/13,78.04
4/17/13,77.71
4/18/13,77.64
4/19/13,77.67
4/22/13,77.62
4/23/13,77.41
4/24/13,77.32
4/25/13,77.29
4/26/13,76.86
4/29/13,76.88
4/30/13,77.07
5/1/13,76.84
5/2/13,76.9
5/3/13,77.57
5/6/13,77.81
5/7/13,77.85
5/8/13,77.6
5/9/13,78.02
5/10/13,78.16
5/13/13,79.34
5/14/13,79.96
5/15/13,81.23
5/16/13,80.8
5/17/13,81.7
5/20/13,81.47
5/21/13,81.47
5/22/13,82.19
5/23/13,82.68
5/24/13,82.59
5/28/13,85.27
5/29/13,85.99
5/30/13,91.34
5/31/13,92.02
6/3/13,93.52
6/4/13,94.09
6/5/13,93.52
6/6/13,92.89
6/7/13,93.47
6/10/13,94.14
6/11/13,94.49
6/12/13,96.23
6/13/13,95.29
6/14/13,94.07
6/17/13,94.4
6/18/13,93.51
6/19/13,95.28
6/20/13,101.75
6/21/13,102.46
6/24/13,109.8
6/25/13,109.58
6/26/13,109.01
6/27/13,103.71
6/28/13,104.34
7/1/13,104.9
7/2/13,104.74
7/3/13,105.37
7/5/13,107.48
7/8/13,107.16
7/9/13,106.41
7/10/13,106.46
7/11/13,105.83
7/12/13,105.61
7/15/13,105.6
7/16/13,104.21
7/17/13,103.02
7/18/13,102.2
7/19/13,102.11
7/22/13,101.48
7/23/13,100.11
7/24/13,100.82
7/25/13,100.59
7/26/13,100.63
7/29/13,102.12
7/30/13,101.96
7/31/13,102.02
8/1/13,103.74
8/2/13,101.42
8/5/13,101.84
8/6/13,101.9
8/7/13,101.13
8/8/13,100.75
8/9/13,100.26
8/12/13,100.4
8/13/13,101.5
8/14/13,101.79
8/15/13,104.11
8/16/13,104.62
8/19/13,106.36
8/20/13,106.4
8/21/13,107.11
8/22/13,108.86
8/23/13,108.18
8/26/13,107.79
8/27/13,105.51
8/28/13,106.85
8/29/13,107.14
8/30/13,108.1
9/3/13,109.77
9/4/13,111.09
9/5/13,112.3
9/6/13,111.39
9/9/13,111.28
9/10/13,112.03
9/11/13,111.19
9/12/13,110.75
9/13/13,110.29
9/16/13,106.44
9/17/13,106.44
9/18/13,103.66
9/19/13,100.3
9/20/13,99.67
9/23/13,98.8
9/24/13,98.15
9/25/13,98.27
9/26/13,99.42
9/27/13,99.04
9/30/13,99.19
10/1/13,101.01
10/2/13,100.52
10/3/13,99.49
10/4/13,99.06
10/7/13,99.01
10/8/13,99.26
10/9/13,99.25
10/10/13,99.14
10/11/13,98.5
10/14/13,98.28
10/15/13,99.23
10/16/13,98.5
10/17/13,96.82
10/18/13,96.1
10/21/13,95.89
10/22/13,94.49
10/23/13,92.13
10/24/13,92.61
10/25/13,91.87
10/28/13,92.02
10/29/13,91.68
10/30/13,90.13
10/31/13,90.62
11/1/13,91.93
11/4/13,94.64
11/5/13,95.22
11/6/13,94.65
11/7/13,94.69
11/8/13,96.29
11/11/13,96.29
11/12/13,97.79
11/13/13,97.26
11/14/13,96.15
11/15/13,94.01
11/18/13,92.09
11/19/13,92.44
11/20/13,93.06
11/21/13,94.87
11/22/13,94.51
11/25/13,94.73
11/26/13,94.95
11/27/13,95.19
11/29/13,95.32
12/2/13,97.59
12/3/13,97.83
12/4/13,99.64
12/5/13,99.31
12/6/13,98.74
12/9/13,98.44
12/10/13,97.87
12/11/13,97.95
12/12/13,97.39
12/13/13,97.05
12/16/13,96.99
12/17/13,96.42
12/18/13,96.18
12/19/13,96.41
12/20/13,96.26
12/23/13,96.5
12/24/13,96.41
12/26/13,96.51
12/27/13,95.91
12/30/13,95.78
12/31/13,96.25
1/2/14,95.53
1/3/14,95.18
1/6/14,94.79
1/7/14,94.51
1/8/14,92.37
1/9/14,92.3
1/10/14,90.67
1/13/14,88.75
1/14/14,89.21
1/15/14,88.99
1/16/14,88.74
1/17/14,88.64
1/21/14,88.53
1/22/14,88.68
1/23/14,88.19
1/24/14,87.95
1/27/14,87.64
1/28/14,88.04
1/29/14,87.72
1/30/14,88.31
1/31/14,88.56
2/3/14,88.47
2/4/14,91.09
2/5/14,91.48
2/6/14,91.75
2/7/14,90.91
2/10/14,90.83
2/11/14,89.24
2/12/14,89.23
2/13/14,88.77
2/14/14,87.9
2/18/14,87.65
2/19/14,87.91
2/20/14,87.9
2/21/14,87.22
2/24/14,87.31
2/25/14,86.67
2/26/14,84.63
2/27/14,84.78
2/28/14,84.92
3/3/14,84.97
3/4/14,86.79
3/5/14,86.5
3/6/14,86.58
3/7/14,86.68
3/10/14,85.88
3/11/14,85.49
3/12/14,85.38
3/13/14,85.35
3/14/14,85.59
3/17/14,85.43
3/18/14,85.33
3/19/14,85.92
3/20/14,85.62
3/21/14,84.85
3/24/14,84.83
3/25/14,84.46
3/26/14,84.22
3/27/14,83.91
3/28/14,84.13
3/31/14,83.8
4/1/14,83.88
4/2/14,82.76
4/3/14,82.46
4/4/14,81.73
4/7/14,79.6
4/8/14,78.74
4/9/14,77.95
4/10/14,77.48
4/11/14,77.49
4/14/14,77.83
4/15/14,78.28
4/16/14,78.33
4/17/14,78.82
4/21/14,78.67
4/22/14,78.67
4/23/14,78.42
4/24/14,78.37
4/25/14,78.09
4/28/14,78.38
4/29/14,79.64
4/30/14,79.61
5/1/14,79.73
5/2/14,79.06
5/5/14,79.52
5/6/14,79.47
5/7/14,79.47
5/8/14,79.67
5/9/14,79.46
5/12/14,79.54
5/13/14,79.45
5/14/14,79.51
5/15/14,80.11
5/19/14,80.87
5/20/14,80.93
5/21/14,80.96
5/22/14,81.19
5/23/14,80.58
5/27/14,80.54
5/28/14,80.68
5/29/14,80.96
5/30/14,81.2
6/2/14,82.04
6/3/14,83.62
6/4/14,83.74
6/5/14,83.44
6/6/14,82.95
6/9/14,82.95
6/10/14,81.27
6/11/14,80.65
6/12/14,80.05
6/13/14,79.79
6/16/14,79.56
6/17/14,79.74
6/18/14,78.75
6/19/14,78.24
6/20/14,77.93
6/23/14,78.1
6/24/14,77.99
6/25/14,77.58
6/26/14,76.88
6/27/14,76.31
6/30/14,76.27
7/1/14,77.01
7/2/14,77.66
7/3/14,77.76
7/7/14,77.76
7/8/14,77.02
7/9/14,76.93
7/10/14,76.86
7/11/14,76.83
7/14/14,77.02
7/15/14,76.82
7/16/14,76.71
7/17/14,76.58
7/18/14,76.97
7/21/14,78.87
7/22/14,77.38
7/23/14,77.29
7/24/14,77.43
7/25/14,77.64
7/28/14,77.74
7/29/14,78.01
7/30/14,79.91
7/31/14,79.77
8/1/14,79.37
8/4/14,79.42
8/5/14,79.56
8/6/14,80.08
8/7/14,80.31
8/8/14,80.91
8/11/14,80.92
8/12/14,81.29
8/13/14,81.56
8/14/14,82.06
8/15/14,82.42
8/18/14,82.8
8/19/14,83.03
8/20/14,82.92
8/21/14,82.44
8/22/14,81.79
8/25/14,81.69
8/26/14,80.95
8/27/14,81.45
8/28/14,81.8
8/29/14,80.77
9/2/14,81.81
9/3/14,81.64
9/4/14,81.75
9/5/14,81.46
9/8/14,81.72
9/9/14,81.98
9/10/14,82.12
9/11/14,81.81
9/12/14,82.38
9/15/14,82.41
9/16/14,82.75
9/17/14,82.81
9/18/14,82.54
9/19/14,82.37
9/22/14,82.02
9/23/14,81.72
9/24/14,82.27
9/25/14,82.02
9/26/14,82.86
9/29/14,82.39
9/30/14,82.65
10/1/14,82.95
10/2/14,82.76
10/3/14,82.56
10/6/14,82.37
10/7/14,82.22
10/8/14,81.99
10/9/14,82.63
10/10/14,82.59
10/14/14,83.5
10/15/14,89.95
10/16/14,89.01
10/17/14,88.67
10/20/14,87.82
10/21/14,86.98
10/22/14,86.73
10/23/14,88.16
10/24/14,87.93
10/27/14,87.52
10/28/14,86.74
10/29/14,85.82
10/30/14,84.14
10/31/14,83.61
11/3/14,83.53
11/4/14,83.72
11/5/14,83.8
11/6/14,84.17
11/7/14,83.38
11/10/14,83.52
11/12/14,82.81
11/13/14,82.65
11/14/14,82.72
11/17/14,83.08
11/18/14,82.82
11/19/14,82.97
11/20/14,82.97
11/21/14,82.56
11/24/14,81.79
11/25/14,81.83
11/26/14,81.92
11/28/14,81.91
12/1/14,82.87
12/2/14,83.24
12/3/14,82.93
12/4/14,82.67
12/5/14,82.63
12/8/14,82.76
12/9/14,82.94
12/10/14,83.08
12/11/14,84.38
12/12/14,85.01
12/15/14,86.26
12/16/14,86.97
12/17/14,86.61
12/18/14,86.41
12/19/14,86.09
12/22/14,86.08
12/23/14,85.5
12/24/14,85.5
12/26/14,85.51
12/29/14,85.48
12/30/14,84.78
12/31/14,84.79
1/2/15,83.85
1/5/15,84.22
1/6/15,85.55
1/7/15,85.91
1/8/15,86.29
1/9/15,85.96
1/12/15,87.81
1/13/15,89.01
1/14/15,89.58
1/15/15,91.46
1/16/15,91.83
1/20/15,92.52
1/21/15,91.15
1/22/15,89.15
1/23/15,89.32
1/26/15,88.33
1/27/15,86.61
1/28/15,86.27
1/29/15,86.16
1/30/15,86.3
2/2/15,86.3
2/3/15,88.65
2/4/15,88.4
2/5/15,88.67
2/6/15,88.23
2/9/15,89.65
2/10/15,89.34
2/11/15,88.91
2/12/15,88.43
2/13/15,87.69
2/17/15,88.47
2/18/15,88.69
2/19/15,91.06
2/20/15,91.22
2/23/15,91.19
2/24/15,90.77
2/25/15,90.5
2/26/15,90.39
2/27/15,90.31
3/2/15,90.54
3/3/15,90.64
3/4/15,90.33
3/5/15,90.03
3/6/15,89.78
3/9/15,89.68
3/10/15,89.56
3/11/15,89.79
3/12/15,90.34
3/13/15,91.01
3/16/15,90.82
3/17/15,91.12
3/18/15,91.15
3/19/15,92.09
3/20/15,91.75
3/23/15,93.12
3/24/15,92.82
3/25/15,93.2
3/26/15,93.01
3/27/15,92.15
3/30/15,91.93
3/31/15,91.63
4/1/15,91.71
4/2/15,91.82
4/6/15,91.32
4/7/15,91.08
4/8/15,90.94
4/9/15,88.67
4/10/15,88.33
4/13/15,88.07
4/14/15,88.19
4/15/15,87.93
4/16/15,87.93
4/17/15,87.95
4/20/15,88.03
4/21/15,87.93
4/22/15,88.24
4/23/15,87.96
4/24/15,87.84
4/27/15,88.12
4/28/15,88.67
4/29/15,89.14
4/30/15,89.31
5/1/15,89.62
5/4/15,89.8
5/5/15,89.86
5/6/15,90.29
5/7/15,90.3
5/8/15,89.93
5/11/15,90.7
5/12/15,90.97
5/13/15,90.77
5/14/15,90.35
5/15/15,88.17
5/18/15,88.51
5/19/15,88.91
5/20/15,88.84
5/21/15,88.39
5/22/15,88.58
5/26/15,88.55
5/27/15,90.15
5/28/15,89.93
5/29/15,89.67
6/1/15,90.26
6/2/15,90.82
6/3/15,91.41
6/4/15,91.23
6/5/15,91.32
6/8/15,91.26
6/9/15,91.16
6/10/15,91.35
6/11/15,90.1
6/12/15,89.08
6/15/15,89.16
6/16/15,89.02
6/17/15,88.99
6/18/15,89.03
6/19/15,89.14
6/22/15,89.41
6/23/15,90.14
6/24/15,90.18
6/25/15,89.76
6/26/15,89.45
6/29/15,90.05
6/30/15,90.46
7/1/15,90.03
7/2/15,89.7
7/6/15,90.12
7/7/15,90.29
7/8/15,90.38
7/9/15,90.65
7/10/15,90.47
7/13/15,90.09
7/14/15,88.89
7/15/15,88.28
7/16/15,87.5
7/17/15,86.76
7/20/15,86.04
7/21/15,86.03
7/22/15,86.22
7/23/15,86.52
7/24/15,86.66
7/27/15,86.67
7/28/15,86.9
7/29/15,87.32
7/30/15,87.48
7/31/15,87.91
8/3/15,87.84
8/4/15,88.96
8/5/15,89.19
8/6/15,88.49
8/7/15,87.86
8/10/15,88.14
8/11/15,87.93
8/12/15,88.18
8/13/15,88.66
8/14/15,88.63
8/17/15,88.1
8/18/15,88.11
8/19/15,87.81
8/20/15,88.17
8/21/15,88.49
8/24/15,89.07
8/25/15,89.61
8/26/15,89.8
8/27/15,90.59
8/28/15,90.51
8/31/15,90.58
9/1/15,90.51
9/2/15,90.79
9/3/15,90.5
9/4/15,90.17
9/8/15,90.35
9/9/15,90.32
9/10/15,90.03
9/11/15,89.36
9/14/15,88.97
9/15/15,88.83
9/16/15,89.18
9/17/15,88.5
9/18/15,86.42
9/21/15,86.03
9/22/15,86.32
9/23/15,87.26
9/24/15,87.89
9/25/15,87.51
9/28/15,87.56
9/29/15,88.37
9/30/15,88.22
10/1/15,88.05
10/2/15,87.97
10/5/15,88.09
10/6/15,87.6
10/7/15,87.53
10/8/15,86.9
10/9/15,86.89
10/12/15,86.88
10/13/15,86.8
10/14/15,86.51
10/15/15,86.58
10/16/15,86.61
10/19/15,86.38
10/20/15,86.52
10/21/15,86.53
10/22/15,86.41
10/23/15,86.53
10/26/15,86.52
10/27/15,86.4
10/28/15,86.8
10/29/15,86.97
10/30/15,86.63
11/2/15,86.84
11/3/15,86.76
11/4/15,86.78
11/5/15,86.51
11/6/15,86.38
11/9/15,86.05
11/10/15,86.17
11/11/15,86.26
11/12/15,86.01
11/13/15,86.17
11/16/15,86.32
11/17/15,86.29
11/18/15,86.29
11/19/15,86.02
11/23/15,86.05
11/24/15,86.4
11/25/15,86.57
11/27/15,86.56
11/30/15,86.52
12/1/15,86.13
12/2/15,86.1
12/3/15,86.16
12/4/15,85.86
12/7/15,85.93
12/8/15,85.93
12/9/15,85.93
12/10/15,85.67
12/11/15,85.76
12/14/15,86.57
12/15/15,86.71
12/16/15,85.51
12/17/15,84.97
12/18/15,84.87
12/21/15,84.71
12/22/15,84.59
12/30/15,81.79
12/31/15,81.78
1/4/16,81.9
1/5/16,81.79
1/6/16,81.84
1/7/16,81.74
1/8/16,81.68
1/11/16,81.68
1/12/16,81.79
1/14/16,81.99
1/15/16,83.3
1/19/16,83.28
1/20/16,83.58
1/21/16,83.56
1/22/16,82.99
1/25/16,82.91
1/26/16,82.79
1/27/16,82.7
1/28/16,82.89
1/29/16,82.86
2/1/16,83.05
2/2/16,83.14
2/3/16,83.43
2/4/16,83.54
2/5/16,83.6
2/8/16,84.48
2/9/16,85.19
2/10/16,85.04
2/11/16,87.02
2/12/16,86.39
2/16/16,85.66
2/17/16,84.43
2/18/16,84.18
2/19/16,85.14
2/22/16,84.86
2/23/16,89.2
2/24/16,89.47
2/25/16,89.73
2/26/16,89.46
2/29/16,89.9
3/1/16,89.55
3/2/16,89.4
3/3/16,88.94
3/4/16,88.36
3/7/16,88.33
3/8/16,88.75
3/9/16,88.31
3/10/16,88.43
3/11/16,87.99
3/14/16,87.83
3/15/16,87.84
3/16/16,86.91
3/17/16,86.64
3/18/16,86.62
3/21/16,86.83
3/22/16,85.61
3/23/16,85.58
3/24/16,85.83
3/28/16,85.92
3/29/16,85.39
3/30/16,85.17
3/31/16,85.19
4/1/16,84.99
4/4/16,84.52
4/5/16,85.05
4/6/16,84.7
4/7/16,85.01
4/8/16,85.11
4/11/16,85.1
4/12/16,85.18
4/13/16,85.07
4/14/16,85.09
4/15/16,85.02
4/18/16,85.02
4/19/16,85.41
4/20/16,85.38
4/21/16,85.38
4/22/16,85.31
4/25/16,85.32
4/26/16,85.2
4/27/16,84.73
4/28/16,84.85
4/29/16,84.86
5/2/16,84.98
5/4/16,84.82
5/5/16,84.95
5/6/16,84.75
5/9/16,84.81
5/10/16,84.86
5/11/16,84.79
5/12/16,84.92
5/13/16,84.83
5/16/16,85.26
5/17/16,85.3
5/18/16,85.54
5/19/16,85.55
5/20/16,85.59
5/23/16,85.3
5/24/16,85.32
5/25/16,84.76
5/26/16,84.73
5/27/16,84.4
5/31/16,84.46
6/1/16,84.75
6/2/16,84.62
6/3/16,84.26
6/6/16,84.3
6/7/16,84.08
6/8/16,84.07
6/9/16,84.42
6/10/16,84.58
6/13/16,85.04
6/14/16,85
6/15/16,84.65
6/16/16,85.54
6/17/16,85.22
6/20/16,84.84
6/21/16,84.68
6/22/16,84.71
6/23/16,84.1
6/24/16,84.25
6/27/16,84.29
6/28/16,83.96
6/29/16,83.66
6/30/16,83.47
7/1/16,83.17
7/5/16,83.56
7/6/16,83.2
7/7/16,83.24
7/8/16,82.78
7/11/16,82.68
7/12/16,83.1
7/13/16,82.71
7/14/16,83.32
7/15/16,83.72
7/18/16,83.96
7/19/16,83.48
7/20/16,83.48
7/21/16,83.73
7/22/16,83.68
7/25/16,83.51
7/26/16,83.3
7/27/16,83.23
7/28/16,83.24
7/29/16,82.75
8/1/16,83.04
8/2/16,83.3
8/3/16,83.05
8/4/16,82.81
8/5/16,83.09
8/8/16,82.98
8/9/16,82.7
8/10/16,82.38
8/11/16,82.4
8/12/16,82.33
8/15/16,82.94
8/16/16,82.98
8/17/16,82.9
8/18/16,82.75
8/19/16,82.88
8/22/16,82.41
8/23/16,82.17
8/24/16,81.95
8/25/16,82.38
8/26/16,82.44
8/29/16,82.26
8/30/16,81.94
8/31/16,81.95
9/1/16,81.84
9/2/16,81.64
9/6/16,81.39
9/7/16,80.75
9/8/16,81.06
9/9/16,81.67
9/12/16,81.8
9/13/16,82.45
9/14/16,82.33
9/15/16,82.28
9/16/16,82.26
9/19/16,82.44
9/20/16,82.41
9/21/16,81.3
9/22/16,81.07
9/23/16,80.77
9/26/16,80.58
9/27/16,80.66
9/28/16,80.64
9/29/16,80.74
9/30/16,80.96
10/3/16,81.16
10/4/16,81.29
10/5/16,81.43
10/6/16,81.31
10/7/16,81.16
10/10/16,81.15
10/11/16,81.29
10/12/16,81.07
10/13/16,81.01
10/14/16,81.05
10/17/16,81.03
10/18/16,81.13
10/19/16,80.93
10/20/16,80.67
10/21/16,80.29
10/24/16,80.29
10/25/16,80.37
10/26/16,80.71
10/27/16,80.9
10/28/16,81.34
10/31/16,81.87
11/1/16,82.17
11/2/16,82.34
11/3/16,82.46
11/4/16,82.38
11/7/16,82.54
11/8/16,81.61
11/10/16,85.66
11/11/16,86.11
11/14/16,88.23
11/15/16,86.57
11/16/16,87.2
11/17/16,86.64
11/18/16,87.9
11/21/16,88.25
11/22/16,87.51
11/23/16,87.83
11/25/16,87.91
11/28/16,87.73
11/29/16,87.73
11/30/16,87.91
12/1/16,89.33
12/2/16,88.9
12/5/16,89.56
12/6/16,89.02
12/7/16,88.43
12/8/16,88.54
12/9/16,89.13
12/12/16,89.66
12/13/16,89.64
12/14/16,89.38
12/15/16,89.99
12/16/16,89.85
12/19/16,89.86
12/20/16,89.4
12/21/16,89.44
12/22/16,89.12
12/23/16,88.7
12/27/16,88.7
12/28/16,89.3
12/29/16,89.09
12/30/16,88.92
1/3/17,88.81
1/4/17,88.68
1/5/17,88.31
1/6/17,87.96
1/9/17,89.05
1/10/17,87.43
1/11/17,86.26
1/12/17,87
1/13/17,87.11
1/17/17,87.28
1/18/17,87.95
1/19/17,89.21
1/20/17,88.66
1/23/17,88.41
1/24/17,88.57
1/25/17,88.91
1/26/17,88.7
1/27/17,88.6
1/30/17,87.31
1/31/17,87.3
2/1/17,87.41
2/2/17,87.24
2/3/17,86.63
2/6/17,86.9
2/7/17,86.9
2/8/17,87.13
2/9/17,87.37
2/10/17,87.41
2/13/17,87.26
2/14/17,87.31
2/15/17,87.14
2/16/17,87.14
2/17/17,87.14
2/21/17,88.32
2/22/17,88.2
2/23/17,88.05
2/24/17,87.88
2/27/17,87.93
2/28/17,87.85
3/1/17,87.84
3/2/17,87.9
3/3/17,88.66
3/6/17,87.97
3/7/17,87.81
3/8/17,87.75
3/9/17,87.98
3/10/17,87.58
3/13/17,87.58
3/14/17,87.11
3/15/17,86.32
3/16/17,84.99
3/17/17,84.75
3/20/17,84.77
3/21/17,84.53
3/22/17,84.94
3/23/17,85.37
3/24/17,85.33
3/27/17,85.41
3/28/17,84.88
3/29/17,84.68
3/30/17,84.36
3/31/17,84.39
4/3/17,84.38
4/4/17,84.39
4/5/17,84.24
4/6/17,84.31
4/7/17,84.1
4/10/17,84.15
4/11/17,84.34
4/12/17,84.98
4/13/17,84.97
4/17/17,84.96
4/18/17,84.98
4/19/17,85.16
4/20/17,85.39
4/21/17,85.38
4/24/17,84.65
4/25/17,84.69
4/26/17,84.5
4/27/17,83.9
4/28/17,83.68
5/1/17,83.87
5/2/17,83.53
5/3/17,83.62
5/4/17,83.51
5/5/17,82.87
5/8/17,82.41
5/9/17,82.19
5/10/17,82.18
5/11/17,82.1
5/12/17,82.02
5/15/17,82.01
5/16/17,82
5/17/17,82.97
5/18/17,82.7
5/19/17,82.36
5/22/17,82.14
5/23/17,82.23
5/24/17,81.97
5/25/17,81.53
5/26/17,81.27
5/30/17,81.34
5/31/17,81.47
6/1/17,81.54
6/2/17,74.92
6/5/17,74.83
6/6/17,75.13
6/7/17,74.86
6/8/17,74.91
6/9/17,74.48
6/12/17,74.68
6/13/17,74.44
6/14/17,74.28
6/15/17,74.87
6/16/17,74.93
6/19/17,74.89
6/20/17,75.08
6/21/17,75.47
6/22/17,75.43
6/23/17,75.61
6/26/17,75.32
6/27/17,75.41
6/28/17,75.68
6/29/17,75.89
6/30/17,75.84
7/3/17,75.87
7/5/17,75.87
7/6/17,76.21
7/7/17,76.77
7/10/17,76.67
7/11/17,76.71
7/12/17,76.35
7/13/17,76.03
7/14/17,75.48
7/17/17,74.32
7/18/17,73.94
7/19/17,73.43
7/20/17,73.28
7/21/17,73.39
7/24/17,73.51
7/25/17,74.12
7/26/17,73.66
7/27/17,73.68
7/28/17,73.65
7/31/17,73.66
8/1/17,73.48
8/2/17,73.82
8/3/17,73.71
8/4/17,73.62
8/7/17,73.61
8/8/17,73.69
8/9/17,74.15
8/10/17,74.57
8/11/17,75.09
8/14/17,75.13
8/15/17,74.29
8/16/17,74.51
8/17/17,74.39
8/18/17,73.96
8/21/17,73.93
8/22/17,73.96
8/23/17,74.12
8/24/17,74.56
8/25/17,74.16
8/28/17,74.05
8/29/17,74.13
8/30/17,74.28
8/31/17,74.57
9/1/17,74.32
9/5/17,74.65
9/6/17,74.71
9/7/17,74.86
9/8/17,74.61
9/11/17,74.07
9/12/17,74.14
9/13/17,73.94
9/14/17,73.84
9/15/17,73.85
9/18/17,73.81
9/19/17,73.69
9/20/17,73.24
9/21/17,72.88
9/22/17,72.88
9/25/17,72.96
9/26/17,72.86
9/27/17,73.26
9/28/17,71.64
9/29/17,71.57
10/2/17,71.8
10/3/17,71.87
10/4/17,71.93
10/5/17,72.13
10/6/17,71.84
10/9/17,72.02
10/10/17,72.09
10/11/17,71.86
10/12/17,71.61
10/13/17,71.33
10/16/17,71.19
10/17/17,70.75
10/18/17,70.84
10/19/17,71.08
10/20/17,71.54
10/23/17,71.53
10/24/17,72.14
10/25/17,73.06
10/26/17,73.13
10/27/17,73.01
10/30/17,72.8
10/31/17,72.76
11/1/17,72.48
11/2/17,73.09
11/3/17,72.28
11/6/17,72.02
11/7/17,71.96
11/8/17,71.63
11/9/17,71.96
11/10/17,71.99
11/13/17,72.27
11/14/17,71.95
11/15/17,71.85
11/16/17,71.66
11/17/17,71.59
11/20/17,69.36
11/21/17,68.93
11/22/17,68.53
11/24/17,68.54
11/27/17,68.33
11/28/17,68.21
11/29/17,68.25
11/30/17,67.08
12/1/17,67.46
12/4/17,67.18
12/5/17,66.77
12/6/17,66.6
12/7/17,66.3
12/8/17,66.05
12/11/17,65.94
12/12/17,65.79
12/13/17,65.39
12/14/17,64.8
12/15/17,64.84
12/18/17,64.94
12/19/17,65.2
12/20/17,65.59
12/21/17,65.59
12/22/17,65.77
12/26/17,65.77
12/27/17,65.6
12/28/17,65.61
12/29/17,65.38
1/2/18,65.71
1/3/18,65.73
1/4/18,65.66
1/5/18,65.47
1/8/18,65.41
1/9/18,65.72
1/10/18,66.39
1/11/18,65.8
1/12/18,65.67
1/16/18,65.55
1/17/18,65.36
1/18/18,64.17
1/19/18,64.91
1/22/18,65.58
1/23/18,65.85
1/24/18,66.32
1/25/18,66.14
1/26/18,67.34
1/29/18,68.78
1/30/18,68.85
1/31/18,68.64
2/1/18,69.52
2/2/18,70.2
2/5/18,69.91
2/6/18,71.1
2/7/18,70.36
2/8/18,78.46
2/9/18,78.46
2/12/18,78.46
2/13/18,78.26
2/14/18,78.19
2/15/18,77.82
2/16/18,76.31
2/20/18,75.83
2/21/18,74.96
2/22/18,73.92
2/23/18,73.92
2/26/18,74.47
2/27/18,74.9
2/28/18,74.74
3/1/18,74.84
3/2/18,75.37
3/5/18,75.62
3/6/18,77.07
3/7/18,77.33
3/8/18,76.86
3/9/18,76.31
3/12/18,76.28
3/13/18,73.77
3/14/18,73.88
3/15/18,73.89
3/16/18,74.4
3/19/18,74.34
3/20/18,74.36
3/21/18,74.01
3/22/18,73.76
3/23/18,73.49
3/26/18,73.62
3/27/18,73.85
3/28/18,74.3
3/29/18,74.29
4/3/18,74.02
4/4/18,73.66
4/5/18,73.49
4/6/18,72.95
4/9/18,72.79
4/10/18,72.34
4/11/18,72.16
4/12/18,72.36
4/13/18,72.02
4/16/18,71.75
4/17/18,71.23
4/18/18,71.25
4/19/18,71.82
4/20/18,72.27
4/23/18,72.61
4/24/18,72.71
4/25/18,72.42
4/26/18,72.05
4/27/18,71.56
4/30/18,71.2
5/1/18,71.53
5/2/18,70.92
5/3/18,70.82
5/4/18,70.62
5/7/18,70.62
5/8/18,71.08
5/9/18,71.37
5/10/18,71.12
5/11/18,70.62
5/14/18,70.64
5/15/18,71.85
5/16/18,71.95
5/17/18,72.19
5/18/18,71.87
5/21/18,72.04
5/22/18,72.11
5/23/18,71.74
5/24/18,71.65
5/25/18,71.63
5/29/18,72.9
5/30/18,73.18
5/31/18,73.47
6/1/18,72.77
6/4/18,72.44
6/5/18,72.31
6/6/18,72.72
6/7/18,73.01
6/8/18,73.15
6/11/18,73.46
6/12/18,72.89
6/13/18,72.13
6/14/18,72.44
6/15/18,72.25
6/18/18,72.26
6/19/18,72.49
6/20/18,72.34
6/21/18,72.68
6/22/18,72.03
6/25/18,72.71
6/26/18,72.34
6/27/18,72.71
6/28/18,72.9
6/29/18,72.83
7/2/18,72.97
7/3/18,72.62
7/5/18,72.77
7/6/18,72.57
7/9/18,72.66
7/10/18,72.68
7/11/18,72.69
7/12/18,71.06
7/13/18,70.76
7/16/18,70.91
7/17/18,70.63
7/18/18,70.28
7/19/18,70.18
7/20/18,70.36
7/23/18,71.54
7/24/18,71.33
7/25/18,71.18
7/26/18,71.21
7/27/18,71.1
7/30/18,71.32
7/31/18,70.79
8/1/18,71.27
8/2/18,71.26
8/3/18,70.89
8/6/18,70.99
8/7/18,70.98
8/8/18,70.97
8/9/18,70.89
8/10/18,71.21
8/13/18,71.37
8/14/18,71.27
8/15/18,71.4
8/16/18,71.28
8/17/18,71.18
8/20/18,71.21
8/21/18,71.16
8/22/18,71.05
8/23/18,70.91
8/24/18,70.69
8/27/18,70.54
8/28/18,70.81
8/29/18,70.26
8/30/18,70.18
8/31/18,70.2
9/4/18,70.38
9/5/18,70.28
9/6/18,70.19
9/7/18,70.3
9/10/18,70.19
9/11/18,70.13
9/12/18,69.72
9/13/18,69.64
9/14/18,69.79
9/17/18,69.8
9/18/18,69.85
9/19/18,70.01
9/20/18,70.18
9/21/18,69.99
9/24/18,70.35
9/25/18,70.5
9/26/18,69.9
9/27/18,69.83
9/28/18,69.4
10/1/18,69.47
10/2/18,69.38
10/3/18,70.45
10/4/18,71.15
10/5/18,70.82
10/8/18,70.81
10/9/18,70.96
10/10/18,71.44
10/11/18,71.18
10/12/18,71.51
10/15/18,71.2
10/16/18,70.9
10/17/18,70.57
10/18/18,70.54
10/19/18,70.49
10/22/18,70.43
10/23/18,71.12
10/24/18,71.24
10/25/18,71.32
10/26/18,71.75
10/29/18,71.74
10/30/18,72.17
10/31/18,71.97
11/1/18,71.87
11/2/18,72.09
11/5/18,71.93
11/6/18,71.78
11/7/18,70.6
11/8/18,70.71
11/9/18,70.65
11/12/18,70.64
11/13/18,70.8
11/14/18,71.01
11/15/18,71.26
11/16/18,71.26
11/19/18,71.79
11/20/18,73.63
11/21/18,73.21
11/23/18,73.16
11/26/18,72.75
11/27/18,72.27
11/28/18,71.54
11/29/18,71.43
11/30/18,71.14
12/3/18,70.77
12/4/18,71.31
12/6/18,72.59
12/7/18,72.12
12/10/18,72.59
12/11/18,72.29
12/12/18,72.11
12/13/18,71.42
12/14/18,71.25
12/17/18,71.4
12/18/18,71.87
12/19/18,71.46
12/20/18,71.61
12/21/18,72.33
12/24/18,72.99
12/26/18,74.45
12/27/18,74.84
12/28/18,74.58
12/31/18,74.55
1/2/19,73.62
1/3/19,74.12
1/4/19,74.32
1/7/19,72.59
1/8/19,72.23
1/9/19,71.35
1/10/19,70.93
1/11/19,70.61
1/14/19,70.8
1/15/19,70.26
1/16/19,69.77
1/17/19,69.88
1/18/19,69.67
1/22/19,69.83
1/23/19,69.61
1/24/19,69.66
1/25/19,69.19
1/28/19,68.99
1/29/19,68.55
1/30/19,68.15
1/31/19,67.06
2/1/19,66.91
2/4/19,67.05
2/5/19,66.79
2/6/19,65.63
2/7/19,65.69
2/8/19,66.04
2/11/19,66.35
2/12/19,66.11
2/13/19,66.12
2/14/19,65.66
2/15/19,65.06
2/19/19,65.56
2/20/19,65.1
2/21/19,65.15
2/22/19,65.17
2/25/19,65.22
2/26/19,65.01
2/27/19,65.24
2/28/19,65.29
3/1/19,65.91
3/4/19,65.98
3/5/19,65.65
3/6/19,65.24
3/7/19,65.05
3/8/19,65.02
3/11/19,64.62
3/12/19,63.73
3/13/19,63.87
3/14/19,63.21
3/15/19,62.52
3/18/19,62.45
3/19/19,61.28