Trade Date,TYVIX,BP TYVIX
6/17/19,5.36,90.4604981
6/14/19,5.41,91.1382921
6/13/19,5.28,88.91273535
6/12/19,4.69,78.90071261
6/11/19,4.49,75.57468864
6/10/19,4.42,73.32658241
6/7/19,4.64,77.96893439
6/6/19,5.08,85.27624359
6/5/19,5.28,88.65361
6/4/19,5.21,87.47504677
6/3/19,5.72,95.80041276
5/31/19,5.61,93.93364712
5/30/19,4.66,76.9097148
5/29/19,4.69,77.57525276
5/28/19,4.77,79.8364205
5/24/19,4.22,69.61410871
5/23/19,4.41,72.81027109
5/22/19,4.08,67.18662473
5/21/19,4.08,67.22304325
5/20/19,4.18,68.83918377
5/17/19,4.1,67.45698982
5/16/19,4,65.68405198
5/15/19,4.11,68.43364534
5/14/19,4.15,68.10767142
5/13/19,4.37,72.72563671
5/10/19,4.03,67.15431016
5/9/19,4.31,70.6053704
5/8/19,4.18,68.51022369
5/7/19,4.35,71.2844747
5/6/19,3.99,65.21178676
5/3/19,3.59,58.7607425
5/2/19,3.72,60.80170137
5/1/19,3.83,62.56578395
4/30/19,3.96,65.5599825
4/29/19,4.07,66.42738678
4/26/19,3.64,59.38091413
4/25/19,3.81,62.09755556
4/24/19,3.9,64.41770559
4/23/19,3.91,64.57944239
4/22/19,3.56,57.98247203
4/18/19,3.56,57.96496689
4/17/19,3.68,59.82071371
4/16/19,3.62,58.79489423
4/15/19,3.5,56.83548859
4/12/19,3.45,55.99432278
4/11/19,3.42,55.37240673
4/10/19,3.59,58.0710919
4/9/19,3.68,60.38470343
4/8/19,3.64,58.89540472
4/5/19,3.62,58.51003964
4/4/19,3.78,61.05490551
4/3/19,3.77,60.88991838
4/2/19,3.97,64.01991226
4/1/19,3.91,63.07031459
3/29/19,4.39,70.67429373
3/28/19,4.42,72.10852655
3/27/19,4.78,77.84756123
3/26/19,4.54,74.03387572
3/25/19,5.24,84.05634255
3/22/19,4.29,69.80140005
3/21/19,3.55,57.77070898
3/20/19,3.42,58.58255214
3/19/19,3.45,59.14029812
3/18/19,3.55,60.82525445
3/15/19,3.76,64.36012819
3/14/19,3.76,63.41223822
3/13/19,3.75,64.18387771
3/12/19,3.76,63.33348252
3/11/19,3.69,62.15738817
3/8/19,3.62,61.81623452
3/7/19,3.71,62.40312029
3/6/19,3.64,62.07141403
3/5/19,3.72,63.3917349
3/4/19,3.86,64.85560052
3/1/19,3.88,65.18439451
2/28/19,3.86,64.75629834
2/27/19,3.89,65.16409357
2/26/19,3.69,61.79466911
2/25/19,3.58,59.89035917
2/22/19,3.55,59.39883445
2/21/19,3.61,61.21654102
2/20/19,3.47,58.73158035
2/19/19,3.64,60.73059902
2/15/19,3.42,57.0702936
2/14/19,3.62,60.29691046
2/13/19,3.6,59.95361789
2/12/19,3.72,62.79832443
2/11/19,3.68,61.18554154
2/8/19,3.64,60.52642818
2/7/19,3.66,60.80840346
2/6/19,3.6,60.56856911
2/5/19,3.64,60.40221772
2/4/19,3.73,61.88540219
2/1/19,3.66,60.66300613
1/31/19,3.83,63.36797494
1/30/19,3.79,62.65529003
1/29/19,3.92,64.84730005
1/28/19,3.87,64.92113953
1/25/19,3.8,62.89297754
1/24/19,4.07,67.2164165
1/23/19,4.1,67.60916437
1/22/19,4.25,70.17213082
1/18/19,3.84,63.36824288
1/17/19,4.02,66.19078425
1/16/19,3.92,65.33904076
1/15/19,3.97,65.29394714
1/14/19,4.05,66.5192084
1/11/19,4.02,66.94861804
1/10/19,4.16,68.30965863
1/9/19,4.29,70.28171041
1/8/19,4.42,73.50621526
1/7/19,4.48,73.45436415
1/4/19,4.63,75.85213299
1/3/19,5.04,82.27574677
1/2/19,4.39,72.50115254
12/31/18,4.58,74.80843134
12/28/18,4.55,74.20054565
12/27/18,4.57,75.66825589
12/26/18,4.41,71.9898877
12/24/18,4.91,81.05405683
12/21/18,4.89,79.65223591
12/20/18,4.31,70.17628223
12/19/18,3.83,64.55127412
12/18/18,4.11,69.28867591
12/17/18,4.04,68.14746063
12/14/18,3.66,61.71247281
12/13/18,3.81,63.110141
12/12/18,4.01,66.42894823
12/11/18,4.29,72.16477934
12/10/18,4.38,73.66170588
12/7/18,4.35,73.07529516
12/6/18,4.23,71.09147538
12/4/18,3.99,65.81782383
12/3/18,3.76,61.96433106
11/30/18,3.88,64.96375436
11/29/18,3.85,63.42481354
11/28/18,3.83,63.13387593
11/27/18,3.89,64.06898679
11/26/18,3.94,64.78317473
11/23/18,4.01,65.90295824
11/21/18,4.32,70.99480389
11/20/18,4.29,70.4997059
11/19/18,4.37,71.7387256
11/16/18,4.21,68.99611059
11/15/18,4.07,66.66356991
11/14/18,4.17,68.33073288
11/13/18,4.08,67.92264986
11/9/18,3.82,62.51913283
11/8/18,4.01,65.58371926
11/7/18,4.01,66.74537703
11/6/18,4.66,76.18360932
11/5/18,4.43,72.32966812
11/2/18,4.58,74.72704652
11/1/18,4.34,70.64020889
10/31/18,4.41,71.74133702
10/30/18,4.64,76.84153285
10/29/18,4.67,75.946087
10/26/18,4.69,77.49473422
10/25/18,4.28,69.39728377
10/24/18,4.69,76.00021116
10/23/18,4.16,67.52443113
10/22/18,3.93,64.86217657
10/19/18,3.74,60.64343366
10/18/18,3.78,61.2442571
10/17/18,3.67,59.51760821
10/16/18,3.71,60.06937267
10/15/18,3.89,62.88659161
10/12/18,3.93,63.6292761
10/11/18,4.16,67.23685338
10/10/18,4.42,71.04793283
10/9/18,4.1,66.15897054
10/5/18,4.21,67.94274764
10/4/18,4.14,67.7375397
10/3/18,3.87,62.37166149
10/2/18,3.46,56.57139718
10/1/18,3.47,55.75380132
9/28/18,3.34,54.54806498
9/27/18,3.33,54.27498803
9/26/18,3.45,55.2387441
9/25/18,3.71,59.44922012
9/24/18,3.62,58.99016547
9/21/18,3.41,55.48997782
9/20/18,3.5,56.84984071
9/19/18,3.54,59.05482327
9/18/18,3.37,56.26367101
9/17/18,3.27,54.46241492
9/14/18,3.16,52.67709814
9/13/18,3.33,55.42650536
9/12/18,3.42,56.87265198
9/11/18,3.52,58.51465152
9/10/18,3.6,59.77084788
9/7/18,3.58,59.42436013
9/6/18,3.72,61.61617914
9/5/18,3.72,61.62737466
9/4/18,3.81,63.07337429
8/31/18,3.65,60.41967763
8/30/18,3.74,61.76204447
8/29/18,3.58,59.13113508
8/28/18,3.69,60.90217809
8/27/18,3.58,59.03678751
8/24/18,3.51,57.79841299
8/23/18,3.72,61.26972544
8/22/18,3.8,62.5101765
8/21/18,3.73,61.27907903
8/20/18,3.97,65.24331208
8/17/18,3.87,63.56345695
8/16/18,3.88,63.67115617
8/15/18,3.99,65.50936685
8/14/18,3.86,63.33728867
8/13/18,4.15,68.06413944
8/10/18,3.94,64.64356602
8/9/18,3.58,58.58589455
8/8/18,3.63,59.40422648
8/7/18,3.65,59.72787333
8/6/18,3.68,60.17863331
8/3/18,3.69,60.31043787
8/2/18,3.78,61.74291856
8/1/18,3.79,61.89459154
7/31/18,3.65,59.55902618
7/30/18,3.97,64.75572177
7/27/18,3.74,60.92874226
7/26/18,3.91,63.66471392
7/25/18,3.92,63.96030757
7/24/18,3.94,64.07518325
7/23/18,4.09,66.44686842
7/20/18,3.76,61.05118685
7/19/18,3.65,59.15895571
7/18/18,3.62,58.67250786
7/17/18,3.65,59.1341399
7/16/18,3.76,60.89107725
7/13/18,3.63,58.7305116
7/12/18,3.69,59.62308941
7/11/18,3.86,62.40400507
7/10/18,3.79,61.12381626
7/9/18,3.77,60.85342788
7/6/18,3.71,59.82900314
7/5/18,3.87,62.306497
7/3/18,3.87,62.29026608
7/2/18,3.79,61.01634306
6/29/18,3.72,59.8825207
6/28/18,3.92,62.92619109
6/27/18,3.98,63.89167423
6/26/18,3.79,60.84233329
6/25/18,4.01,64.38890896
6/22/18,3.76,60.31474064
6/21/18,4.01,64.25852955
6/20/18,3.79,63.0281531
6/19/18,3.95,65.61055149
6/18/18,3.74,62.06394974
6/15/18,3.66,60.741918
6/14/18,3.95,65.44695471
6/13/18,4.07,67.40387818
6/12/18,4.34,71.88652958
6/11/18,4.43,73.32158251
6/8/18,4.38,72.53084284
6/7/18,4.31,71.16679017
6/6/18,4.22,69.70848109
6/5/18,4.08,67.37812785
6/4/18,4.08,67.35698705
6/1/18,4.08,67.31891906
5/31/18,4.54,74.88393914
5/30/18,4.8,79.01644284
5/29/18,5.08,83.52778813
5/25/18,3.81,62.66775964
5/24/18,3.74,61.446351
5/23/18,3.96,65.01693238
5/22/18,3.87,63.5586812
5/21/18,4.1,67.29751454
5/18/18,3.82,62.66569953
5/17/18,4.05,66.42131385
5/16/18,4.08,66.89661225
5/15/18,3.87,63.36221462
5/14/18,3.58,58.60505711
5/11/18,3.44,56.250087
5/10/18,3.61,58.91970567
5/9/18,3.85,62.8450932
5/8/18,3.85,62.83435989
5/7/18,3.68,59.99286439
5/4/18,3.58,58.34794191
5/3/18,3.72,60.5178722
5/2/18,3.77,61.32985014
5/1/18,3.98,64.68023163
4/30/18,3.93,63.93042777
4/27/18,3.81,61.90586728
4/26/18,4.06,65.86051325
4/25/18,4.31,69.94942348
4/24/18,3.99,64.77763908
4/23/18,3.87,62.73241284
4/20/18,3.76,60.93021056
4/19/18,3.72,60.13655012
4/18/18,3.66,59.13793164
4/17/18,3.46,55.90423831
4/16/18,3.64,58.73394721
4/13/18,3.53,56.92663125
4/12/18,3.72,59.92969318
4/11/18,3.72,59.83282748
4/10/18,3.78,60.82333054
4/9/18,3.82,61.41098082
4/6/18,3.85,61.86805067
4/5/18,3.88,62.31219979
4/4/18,3.93,63.13706948
4/3/18,4.02,64.43388968
4/2/18,4.33,69.39090149
3/29/18,4.17,66.79204512
3/28/18,4.14,66.25233952
3/27/18,4.04,64.54442209
3/26/18,3.94,63.02788864
3/23/18,4.12,65.79544369
3/22/18,4,63.81445188
3/21/18,3.87,61.68259018
3/20/18,4.4,71.77765617
3/19/18,4.38,72.17572965
3/16/18,4.1,66.72324291
3/15/18,4.13,67.87555106
3/14/18,4.2,68.98518089
3/13/18,4.04,66.29189662
3/12/18,4.2,68.93798801
3/9/18,4.3,70.54478564
3/8/18,4.51,73.84713064
3/7/18,4.78,78.28082163
3/6/18,4.72,77.30489249
3/5/18,4.89,80.03021932
3/2/18,4.92,80.48444648
3/1/18,4.82,78.71570842
2/28/18,4.83,78.81105719
2/27/18,4.86,79.26324053
2/26/18,4.84,78.97263331
2/23/18,4.88,79.54236084
2/22/18,4.78,77.87995209
2/21/18,4.83,78.70945546
2/20/18,4.77,77.60125141
2/16/18,4.56,74.15273901
2/15/18,4.8,78.02534075
2/14/18,5.33,86.43636872
2/13/18,5.43,87.96095665
2/12/18,5.35,86.71982678
2/9/18,5.78,93.76845406
2/8/18,6.07,97.98940017
2/7/18,5.15,83.19887704
2/6/18,5.13,83.07876285
2/5/18,5.08,81.51259409
2/2/18,4.48,72.30626989
2/1/18,4.49,72.46840866
1/31/18,4.37,70.32333415
1/30/18,4.51,72.58262541
1/29/18,4.39,70.60868207
1/26/18,4.4,70.73747016
1/25/18,3.99,64.03447683
1/24/18,4.18,67.0498284
1/23/18,4.03,64.58419372
1/22/18,4.14,66.32557039
1/19/18,4.27,68.50202244
1/18/18,3.96,63.42110474
1/17/18,3.69,59.06199891
1/16/18,3.66,58.46114905
1/12/18,3.63,57.96951817
1/11/18,3.68,58.70378719
1/10/18,3.68,58.66334786
1/9/18,3.78,60.23375653
1/8/18,3.52,56.01164824
1/5/18,3.44,54.72652139
1/4/18,3.6,57.1862666
1/3/18,3.55,56.34282917
1/2/18,3.73,59.18732005
12/29/17,3.52,55.81357994
12/28/17,3.49,55.26387021
12/27/17,3.42,54.10818956
12/26/17,3.55,56.19027802
12/22/17,3.61,57.08285013
12/20/17,3.52,55.55374631
12/19/17,3.43,56.48423073
12/18/17,3.32,54.62159068
12/15/17,3.21,52.76982323
12/14/17,3.5,57.48613528
12/13/17,3.44,56.41372906
12/12/17,3.72,61.04253214
12/11/17,3.65,59.86721061
12/8/17,3.59,58.82198102
12/7/17,3.78,61.84328307
12/6/17,3.79,62.03573512
12/5/17,3.93,64.25589933
12/4/17,4.06,66.34728201
12/1/17,4.03,65.84824719
11/30/17,3.86,62.97485755
11/29/17,3.62,59.09475645
11/28/17,3.6,58.61800252
11/27/17,3.6,58.64878931
11/24/17,3.4,55.36313124
11/22/17,3.59,58.35877056
11/21/17,3.79,61.56104324
11/20/17,3.83,62.2066556
11/17/17,3.81,61.82439886
11/16/17,3.88,62.93849657
11/15/17,3.93,63.65010209
11/14/17,3.86,62.50805604
11/13/17,3.9,63.17382595
11/10/17,3.84,62.13741657
11/9/17,3.69,59.66173098
11/8/17,3.66,59.15316817
11/7/17,3.67,59.26089393
11/6/17,3.71,59.83813576
11/3/17,3.55,57.21087652
11/2/17,3.73,60.08189028
11/1/17,3.95,63.6046811
10/31/17,4.09,65.86450161
10/30/17,4.12,66.28922959
10/27/17,4.03,64.75145211
10/26/17,4.47,71.87925551
10/25/17,4.53,72.69904028
10/24/17,4.52,72.6325737
10/23/17,4.41,70.71241065
10/20/17,4.39,70.42142683
10/19/17,4.13,66.06568657
10/18/17,4.18,66.93628897
10/17/17,4.04,64.61529676
10/16/17,3.93,62.80330469
10/13/17,3.93,62.74672775
10/12/17,4.21,67.17646356
10/11/17,4.2,67.02493673
10/10/17,4.34,69.28666072
10/6/17,4.35,69.30336525
10/5/17,4.3,68.42338667
10/4/17,4.23,67.24070903
10/3/17,4.21,66.89764301
10/2/17,4.33,68.83274248
9/29/17,4.24,67.38684759
9/28/17,4.08,64.70820393
9/27/17,4.15,65.80481387
9/26/17,4.1,64.99346028
9/25/17,4.32,68.3914619
9/22/17,4.11,65.00425303
9/21/17,3.92,61.98856945
9/20/17,4.08,67.29908842
9/19/17,4.05,66.81118981
9/18/17,4.01,66.10210876
9/15/17,3.78,62.27142777
9/14/17,4.12,67.71698799
9/13/17,4.17,68.53280002
9/12/17,4.19,68.8189241
9/11/17,4.27,70.11945413
9/8/17,4.62,75.72828932
9/7/17,4.6,75.2443751
9/6/17,4.52,74.01145879
9/5/17,4.54,74.27795637
9/1/17,3.93,64.37122713
8/31/17,4.14,67.61578367
8/30/17,4.19,68.38902235
8/29/17,4.19,68.36081784
8/28/17,3.92,63.9657488
8/25/17,4.01,65.41183078
8/24/17,4.25,69.252034
8/23/17,4.29,69.85047329
8/22/17,4.15,67.56381425
8/21/17,4.39,71.42592081
8/18/17,4.19,68.14830539
8/17/17,4.22,68.49435037
8/16/17,4.03,65.44088504
8/15/17,4.08,66.28705361
8/14/17,4.19,67.99709662
8/11/17,4.43,71.84808248
8/10/17,4.56,73.78599422
8/9/17,4.26,69.02814497
8/8/17,4,64.69509415
8/7/17,3.83,61.9678103
8/4/17,3.74,60.46215501
8/3/17,3.86,62.31657611
8/2/17,3.88,62.68845377
8/1/17,4.05,65.38739834
7/31/17,4,64.58181843
7/28/17,3.85,62.10589387
7/27/17,3.89,62.70191007
7/26/17,3.81,61.37655282
7/25/17,4.2,67.67281588
7/24/17,3.88,62.40615236
7/21/17,3.64,58.52182921
7/20/17,3.72,59.71606628
7/19/17,3.87,62.13919947
7/18/17,3.93,63.02918268
7/17/17,3.89,62.42709725
7/14/17,3.75,60.18644159
7/13/17,4.28,68.56515205
7/12/17,4.3,68.81526695
7/11/17,4.43,70.92842278
7/10/17,4.38,70.11368533
7/7/17,4.45,71.17664344
7/6/17,4.68,74.74569959
7/5/17,4.64,74.02944322
7/3/17,4.82,76.93340698
6/30/17,4.87,77.66757023
6/29/17,4.63,73.6962529
6/28/17,4.3,68.41383188
6/27/17,4.29,68.21833235
6/26/17,3.98,63.21233908
6/23/17,4.05,64.29085383
6/22/17,4.11,65.16106218
6/21/17,4.24,70.44529846
6/20/17,4.16,69.05416421
6/19/17,4.2,69.68981168
6/16/17,3.98,65.96307943
6/15/17,4.17,69.05613812
6/14/17,4.25,70.27867415
6/13/17,4.22,69.83809695
6/12/17,4.25,70.28724958
6/9/17,4.21,69.61626785
6/8/17,4.38,72.27479825
6/7/17,4.5,74.22295331
6/6/17,4.53,74.68219747
6/5/17,4.37,72.05884259
6/2/17,4.36,71.85021938
6/1/17,4.51,74.2036278
5/31/17,4.57,75.21719324
5/30/17,4.57,75.13283011
5/26/17,4.28,70.35621043
5/25/17,4.37,71.75894923
5/24/17,4.45,72.92348023
5/23/17,4.53,74.29162879
5/22/17,4.53,74.2674964
5/19/17,4.6,75.30231594
5/18/17,4.67,76.38142933
5/17/17,5,81.76840985
5/16/17,4.36,71.31929119
5/15/17,4.41,72.13385909
5/12/17,4.48,73.19204716
5/11/17,4.52,73.73988473
5/10/17,4.38,71.50959013
5/9/17,4.56,74.36107646
5/8/17,4.52,73.75469696
5/5/17,4.85,79.01818491
5/4/17,4.83,78.62633003
5/3/17,4.69,76.32094318
5/2/17,4.73,76.81832409
5/1/17,4.75,77.14352938
4/28/17,4.65,75.49626783
4/27/17,4.59,74.44931793
4/26/17,4.79,77.60597813
4/25/17,4.87,78.96086187
4/24/17,5.08,82.27276895
4/21/17,6.28,101.7081159
4/20/17,5.76,93.03921877
4/19/17,5.74,92.74370025
4/18/17,5.81,93.70487305
4/17/17,5.67,91.52364468
4/13/17,5.59,90.22101959
4/12/17,5.89,94.45304292
4/11/17,5.67,91.29617317
4/10/17,5.3,85.38336689
4/7/17,5.08,81.84793849
4/6/17,5.12,82.27676057
4/5/17,5.25,84.27060958
4/4/17,5.14,82.65167378
4/3/17,4.95,79.33367503
3/31/17,4.68,75.10061611
3/30/17,4.73,75.86683877
3/29/17,4.69,75.1229467
3/28/17,4.75,76.17567121
3/27/17,4.87,77.99315816
3/24/17,4.75,76.11430758
3/23/17,5.01,80.14073704
3/22/17,4.83,80.43845491
3/21/17,4.69,77.96024913
3/20/17,4.43,73.66577187
3/17/17,4.34,72.18573834
3/16/17,4.56,75.88114622
3/15/17,4.54,75.35587522
3/14/17,5.05,83.93020473
3/13/17,5.03,83.62223405
3/10/17,4.79,79.46339142
3/9/17,5.07,84.08439164
3/8/17,4.98,82.53325907
3/7/17,4.82,79.80024453
3/6/17,4.91,81.23840361
3/3/17,4.79,79.13473029
3/2/17,5.04,83.13107554
3/1/17,5.29,87.23865814
2/28/17,5.68,93.83741536
2/27/17,5.46,89.9090768
2/24/17,5.37,88.33393645
2/23/17,5.29,86.86885876
2/22/17,5.41,88.91192819
2/21/17,5.37,88.26519818
2/17/17,5.18,85.02865089
2/16/17,4.97,81.50038336
2/15/17,4.87,79.81979488
2/14/17,5.09,83.4231578
2/13/17,5.33,87.28319587
2/10/17,5.3,86.71068134
2/9/17,5.39,88.07600494
2/8/17,5.54,90.36434543
2/7/17,5.39,88.00160251
2/6/17,5.42,88.39261822
2/3/17,5.07,82.59389403
2/2/17,5.4,88.01638429
2/1/17,5.56,90.57524293
1/31/17,5.79,94.29555476
1/30/17,5.7,92.84566212
1/27/17,5.47,89.02414098
1/26/17,5.65,91.82386568
1/25/17,5.91,95.95645113
1/24/17,5.83,94.57933435
1/23/17,5.77,93.53826192
1/20/17,5.56,90.17183233
1/19/17,6,97.28654159
1/18/17,5.87,95.33281516
1/17/17,5.86,94.69244291
1/13/17,5.44,88.01914182
1/12/17,5.51,88.88762055
1/11/17,5.44,87.79393742
1/10/17,5.59,90.09852195
1/9/17,5.78,93.06668239
1/6/17,5.64,90.8841117
1/5/17,6.12,98.31261204
1/4/17,5.8,93.22438297
1/3/17,5.82,93.58255829
12/30/16,5.4,86.84573246
12/29/16,5.49,88.10998464
12/28/16,5.35,85.86242565
12/27/16,5.43,87.14764834
12/23/16,5.27,84.51797262
12/22/16,5.3,84.85585057
12/21/16,5.34,85.42344945
12/20/16,5.37,88.72541745
12/19/16,5.14,84.92738591
12/16/16,5.26,86.93426105
12/15/16,6.16,101.8330365
12/14/16,6.26,103.5248686
12/13/16,6.08,100.0648852
12/12/16,6.26,103.0166454
12/9/16,5.94,97.78899069
12/8/16,5.7,93.7538292
12/7/16,5.93,97.27148671
12/6/16,6.14,100.7074203
12/5/16,6.52,106.965733
12/2/16,6.84,112.0464024
12/1/16,7.01,114.8479022
11/30/16,6.95,113.8182308
11/29/16,6.26,102.262748
11/28/16,6.41,104.6605852
11/25/16,6.72,109.7831175
11/23/16,6.41,104.5925958
11/22/16,6.2,101.0124675
11/21/16,6.74,109.6008389
11/18/16,6.83,111.4083059
11/17/16,6.17,100.4782319
11/16/16,6.17,100.2065808
11/15/16,6.43,104.2270784
11/14/16,7.07,114.9986948
11/10/16,5.92,96.12420391
11/9/16,5.74,92.74769223
11/8/16,5.14,82.88931833
11/7/16,5.44,87.68835846
11/4/16,5.31,85.46193269
11/3/16,5.16,83.01083592
11/2/16,5.03,80.90205755
11/1/16,4.98,80.10937154
10/31/16,4.9,78.71306351
10/28/16,4.58,73.57986214
10/27/16,4.54,72.90197989
10/26/16,4.36,69.92728902
10/25/16,4.14,66.32146459
10/24/16,4.13,66.16698659
10/21/16,3.94,63.05978759
10/20/16,4.17,66.70886192
10/19/16,4.44,70.91744668
10/18/16,4.38,69.92329397
10/17/16,4.61,73.60326318
10/14/16,4.52,72.1857956
10/13/16,4.62,73.66513324
10/12/16,4.71,75.01030221
10/11/16,4.73,75.37921485
10/7/16,4.59,73.00004738
10/6/16,4.74,75.31125095
10/5/16,4.6,73.01406482
10/4/16,4.66,73.97047604
10/3/16,4.62,73.25110227
9/30/16,4.73,74.91121327
9/29/16,4.67,73.92223976
9/28/16,4.38,69.32803447
9/27/16,4.46,70.51714967
9/26/16,4.6,72.67413742
9/23/16,4.41,69.70988785
9/22/16,4.4,69.4167933
9/20/16,5.12,82.26255249
9/19/16,5.14,82.61992708
9/16/16,4.83,76.6567416
9/15/16,5.06,81.03809948
9/14/16,5.25,83.29441537
9/13/16,5.24,83.89442611
9/12/16,5.08,80.43916878
9/9/16,5.18,82.04548834
9/8/16,4.81,76.76564296
9/7/16,4.7,74.23816542
9/6/16,4.65,74.15229392
9/2/16,4.75,75.80866935
9/1/16,5.16,82.1816196
8/31/16,5.16,82.24152828
8/30/16,5.12,81.46121227
8/29/16,5.14,81.69835304
8/26/16,5.42,86.20527785
8/25/16,5.39,85.57566318
8/24/16,5.09,80.75750565
8/23/16,4.95,78.46009079
8/22/16,5.1,80.84606307
8/19/16,5.03,79.71082442
8/18/16,4.99,78.92832312
8/17/16,4.98,78.69590969
8/16/16,5.09,79.66817552
8/15/16,5.08,80.30507641
8/12/16,4.81,75.17477615
8/11/16,4.97,77.56957178
8/10/16,4.8,74.89088537
8/9/16,4.92,77.56320727
8/8/16,5.04,78.66417192
8/5/16,5.02,78.31303972
8/4/16,5.07,79.67534697
8/3/16,5.23,81.38841493
8/2/16,5.29,82.36883393
8/1/16,5.02,78.1384669
7/29/16,4.84,75.90847497
7/28/16,5.24,81.28759135
7/27/16,5.14,80.68443431
7/26/16,5.33,82.66214182
7/25/16,5.47,84.81636157
7/22/16,5.31,83.12825285
7/21/16,5.43,83.99098475
7/20/16,5.41,84.7933764
7/19/16,5.52,86.21175774
7/18/16,5.6,86.56859231
7/15/16,5.83,89.81798651
7/14/16,5.74,89.51851725
7/13/16,5.63,87.74675654
7/12/16,5.62,86.62208092
7/11/16,5.56,86.47955144
7/8/16,5.51,85.82524229
7/7/16,5.99,92.99863436
7/6/16,5.99,92.8285166
7/5/16,6.06,94.25892864
7/1/16,5.58,86.69433274
6/30/16,5.63,86.24243556
6/29/16,5.46,83.89915953
6/28/16,6.04,92.5605034
6/27/16,6.75,104.4786228
6/24/16,6.58,101.6261289
6/23/16,6.05,92.66079692
6/22/16,6.38,97.60002564
6/20/16,6.26,103.8913137
6/17/16,6.33,104.7499711
6/16/16,6.64,109.8586778
6/15/16,6.16,101.6498641
6/14/16,6.04,99.81540059
6/13/16,6.24,102.9869162
6/10/16,5.56,91.79683279
6/9/16,5.15,84.99864501
6/8/16,4.97,81.91439104
6/7/16,4.89,80.62783295
6/6/16,4.95,81.64054845
6/3/16,5.02,82.64376895
6/2/16,5.16,84.87631803
6/1/16,5.19,85.37425852
5/31/16,5.17,85.10273166
5/27/16,4.8,79.01957302
5/26/16,4.81,78.93752015
5/25/16,4.88,80.04508922
5/24/16,5.12,84.01242711
5/23/16,5.32,87.15993155
5/20/16,5.27,86.28300185
5/19/16,5.55,90.82371034
5/18/16,5.56,90.77742298
5/17/16,5.38,87.96600366
5/16/16,5.57,90.93723151
5/13/16,5.45,88.86242266
5/12/16,5.32,86.65761761
5/11/16,5.33,86.79341417
5/10/16,5.28,85.99059052
5/9/16,5.33,86.66542506
5/6/16,5.18,84.24076947
5/5/16,5.54,89.94853086
5/4/16,5.58,90.55919566
5/3/16,5.65,91.67991071
5/2/16,5.51,89.50232615
4/29/16,5.45,88.51287697
4/28/16,5.5,89.03497932
4/27/16,5.34,86.41716726
4/26/16,5.38,87.14242255
4/25/16,5.61,90.87063599
4/22/16,5.37,86.8806194
4/21/16,5.53,89.32500745
4/20/16,5.3,85.53621307
4/19/16,5.09,82.12962953
4/18/16,4.94,79.64039498
4/15/16,4.78,77.04177505
4/14/16,5.05,81.34738346
4/13/16,4.99,80.27263091
4/12/16,5.12,82.31050752
4/11/16,5.12,82.2588032
4/8/16,5.16,82.82077533
4/7/16,5.32,85.29277894
4/6/16,5.04,80.80839791
4/5/16,5.28,84.57143939
4/4/16,4.99,79.85409303
4/1/16,4.83,77.2441686
3/31/16,5.16,82.455827
3/30/16,5.22,83.45366784
3/29/16,5.32,85.02151555
3/28/16,5.5,88.05146887
3/24/16,5.35,85.58241172
3/23/16,5.45,86.97271477
3/22/16,5.44,86.86864438
3/18/16,4.94,79.49493558
3/17/16,5.07,81.47680327
3/16/16,5.47,87.753945
3/15/16,5.48,88.12504457
3/14/16,5.66,90.91457133
3/11/16,5.7,91.583025
3/10/16,5.78,92.70247519
3/9/16,5.9,94.43582215
3/8/16,5.96,95.32428825
3/7/16,5.74,91.88212526
3/4/16,5.54,88.56274832
3/3/16,5.63,89.99354831
3/2/16,5.79,92.40593763
3/1/16,5.8,92.51354624
2/29/16,5.76,91.7165501
2/26/16,5.8,92.40679173
2/25/16,6.01,95.71306481
2/24/16,6.02,95.74172731
2/23/16,6.08,96.48354824
2/22/16,6.07,96.3519281
2/19/16,6.26,99.39105876
2/18/16,6.33,100.2555795
2/17/16,6.17,97.85699443
2/16/16,6.37,100.9099665
2/12/16,6.9,109.3143159
2/11/16,7.65,120.9764744
2/10/16,6.72,105.9149623
2/9/16,6.86,108.3467593
2/8/16,7.11,112.3234926
2/5/16,5.99,94.5307304
2/4/16,6.08,95.74594943
2/3/16,6.21,97.93991758
2/2/16,6.03,94.93510981
2/1/16,5.6,88.1786372
1/29/16,5.69,89.58868956
1/28/16,5.39,84.82885718
1/27/16,5.53,87.02809075
1/26/16,5.71,89.8419205
1/25/16,5.8,91.11360873
1/22/16,5.64,88.73373922
1/21/16,5.88,92.39330312
1/20/16,6.29,98.67663884
1/19/16,6.35,99.75329605
1/15/16,6.17,96.77013919
1/14/16,5.53,86.58164856
1/13/16,5.63,88.30518357
1/12/16,5.43,85.01994952
1/11/16,5.28,82.75691787
1/8/16,5.28,82.50849578
1/7/16,5.41,84.48746675
1/6/16,5.33,83.27225357
1/5/16,5.22,81.52369332
1/4/16,5.28,82.46869522
12/31/15,4.96,77.45406139
12/30/15,4.95,77.14751091
12/29/15,5.01,78.10347624
12/28/15,4.81,74.93524722
12/24/15,4.63,72.08199864
12/23/15,4.7,73.03025763
12/22/15,4.83,75.02295615
12/18/15,4.77,76.69005362
12/17/15,4.77,76.51168345
12/16/15,5.09,81.79112655
12/15/15,5.9,94.65783864
12/14/15,5.97,95.72336414
12/11/15,5.59,92.53291136
12/10/15,5.17,85.61016524
12/9/15,5.15,85.30318311
12/8/15,4.99,82.47308525
12/7/15,4.96,82.05208936
12/4/15,4.83,79.85855375
12/3/15,5.23,83.44547851
12/2/15,5.35,88.27656939
12/1/15,5.52,90.92092512
11/30/15,5.28,86.98065094
11/27/15,5.15,84.83226131
11/25/15,5.11,84.13423229
11/24/15,5.21,85.66298626
11/23/15,5.21,85.57782187
11/20/15,4.84,76.87657634
11/19/15,5.04,79.96321297
11/18/15,4.9,77.7390258
11/17/15,5.08,80.52603806
11/16/15,5.1,80.81289923
11/13/15,4.93,78.00468142
11/12/15,5.11,80.82964835
11/10/15,5.19,82.20872993
11/9/15,5.19,82.05732243
11/6/15,5.09,83.13904715
11/5/15,5.53,88.56589689
11/4/15,5.57,87.7431021
11/3/15,5.54,87.20963109
11/2/15,5.49,89.2713521
10/30/15,5.28,85.84323032
10/29/15,5.33,85.12910265
10/28/15,5.34,85.24900589
10/27/15,5.17,82.44323663
10/26/15,5.07,80.79783668
10/23/15,4.98,79.34957828
10/22/15,4.88,78.94162858
10/21/15,4.91,79.34821747
10/20/15,5.09,82.28515046
10/19/15,5.02,81.03962675
10/16/15,4.81,77.69165236
10/15/15,4.96,79.93666473
10/14/15,4.98,80.14694108
10/13/15,5.03,80.98503269
10/9/15,4.98,77.51436276
10/8/15,5.03,78.21661081
10/7/15,5.07,81.50008867
10/6/15,5.17,82.97009158
10/5/15,5.16,82.82144701
10/2/15,5.08,80.16841445
10/1/15,5.34,85.5592555
9/30/15,5.54,87.17020181
9/29/15,5.65,88.96529886
9/28/15,5.63,90.13999336
9/25/15,5.15,79.73852863
9/24/15,5.47,84.6433471
9/23/15,5.34,82.63882627
9/22/15,5.32,85.02043439
9/21/15,5.17,83.05785185
9/18/15,5.09,81.75803874
9/17/15,5.2,83.29740642
9/16/15,6.01,96.42202793
9/15/15,5.94,95.33578806
9/14/15,5.71,91.49193876
9/11/15,5.63,90.20643544
9/10/15,5.64,90.25858765
9/9/15,5.79,92.69398189
9/8/15,5.84,93.31399766
9/4/15,5.66,90.38266088
9/3/15,5.79,92.29820476
9/2/15,6.01,95.78824734
9/1/15,6.27,99.81378681
8/31/15,6.01,95.87158353
8/28/15,6.02,95.81051619
8/27/15,6.2,98.68826933
8/26/15,6.41,101.9288596
8/25/15,6.43,101.6616224
8/24/15,6.47,102.6622328
8/21/15,6.02,95.38773623
8/20/15,5.79,91.61734724
8/19/15,5.59,88.54834528
8/18/15,5.68,89.98968321
8/17/15,5.74,90.98980614
8/14/15,5.65,89.46303585
8/13/15,5.69,89.9537791
8/12/15,5.95,94.08405747
8/11/15,5.6,88.44879873
8/10/15,5.35,84.43506498
8/7/15,5.32,83.8884703
8/6/15,5.59,88.0933838
8/5/15,5.43,85.60979261
8/4/15,5.69,89.71500993
8/3/15,5.68,89.3943035
7/31/15,5.58,87.65231212
7/30/15,5.37,84.40926373
7/29/15,5.24,82.41423089
7/28/15,5.46,85.77391955
7/27/15,5.55,87.04573886
7/24/15,5.4,84.71665788
7/23/15,5.37,84.16722738
7/22/15,5.33,83.57567785
7/21/15,5.33,83.45285465
7/20/15,5.38,84.32556766
7/17/15,5.47,85.64951732
7/16/15,5.66,88.52720558
7/15/15,5.97,93.35620977
7/14/15,6.05,94.5572188
7/13/15,6.32,98.89808159
7/10/15,6.69,104.3345087
7/9/15,6.81,106.2745947
7/8/15,6.76,105.1783595
7/7/15,6.63,103.4065239
7/6/15,6.61,102.9277109
7/2/15,6.58,102.3565724
7/1/15,6.56,102.0221705
6/30/15,6.9,107.3409546
6/29/15,7.27,112.8258546
6/26/15,6.37,98.9563727
6/25/15,6.28,97.49988906
6/24/15,6.18,95.76241732
6/23/15,6.23,96.56004936
6/22/15,6.17,95.6430626
6/19/15,6.2,103.1729086
6/18/15,5.99,99.54559931
6/17/15,5.85,97.2803102
6/16/15,6.21,103.1391756
6/15/15,6.25,103.8453762
6/12/15,6.39,106.2330386
6/11/15,6.18,102.51793
6/10/15,6.74,111.8555187
6/9/15,6.36,101.627362
6/8/15,6.29,104.1873031
6/5/15,6.28,104.0580515
6/4/15,6.56,108.4087681
6/3/15,6.74,111.3637948
6/2/15,6.22,102.6637606
6/1/15,6.1,100.5238888
5/29/15,5.99,98.80117142
5/28/15,6.01,98.93440281
5/27/15,5.88,96.68517041
5/26/15,6.15,101.1329204
5/22/15,6,98.52900019
5/21/15,6.18,101.4087847
5/20/15,6.22,102.0284835
5/19/15,6.36,104.4804056
5/18/15,6.13,100.4878871
5/15/15,6,98.23225917
5/14/15,5.99,97.94864909
5/13/15,6.43,105.2360849
5/12/15,6.5,106.1875815
5/11/15,6.38,104.3421753
5/8/15,5.62,91.71549402
5/7/15,6.16,100.4452463
5/6/15,6.53,106.551277
5/5/15,6.37,103.8225076
5/4/15,6.27,102.1094918
5/1/15,5.9,95.97136718
4/30/15,5.45,88.43732358
4/29/15,5.32,86.35964621
4/28/15,5.15,83.67661551
4/27/15,5.03,81.47160128
4/24/15,4.89,79.14781213
4/23/15,5.12,82.91309014
4/22/15,5.17,83.64562003
4/21/15,5.06,81.72318336
4/20/15,5.19,83.78859023
4/17/15,4.99,80.63632205
4/16/15,4.85,78.24122925
4/15/15,4.82,77.61309824
4/14/15,4.94,79.55523302
4/13/15,5.14,82.70032614
4/10/15,5.01,80.61956391
4/9/15,5.05,81.22307439
4/8/15,5.09,81.82764696
4/7/15,5.37,86.1895609
4/6/15,5.45,87.44056033
4/2/15,5.66,90.87900981
4/1/15,5.83,93.30883983
3/31/15,5.78,92.52582555
3/30/15,5.77,92.32207279
3/27/15,5.77,92.45933761
3/26/15,5.63,89.94159883
3/25/15,5.57,89.01046594
3/24/15,5.61,89.48766717
3/23/15,5.46,87.10717666
3/20/15,5.53,91.88944012
3/19/15,5.66,93.90228313
3/18/15,5.66,93.73047284
3/17/15,5.83,96.72775297
3/16/15,5.83,96.57651455
3/13/15,5.71,94.74083325
3/12/15,5.79,94.40826324
3/11/15,5.78,95.70048035
3/10/15,5.8,94.3718493
3/9/15,5.65,93.48298016
3/6/15,5.68,94.00480054
3/5/15,5.95,98.25272129
3/4/15,6.12,100.9792248
3/3/15,6.29,103.7316211
3/2/15,6.42,104.0222148
2/27/15,6.23,102.5741224
2/26/15,6.29,103.5340912
2/25/15,6.41,105.3317653
2/24/15,6.42,105.4248895
2/23/15,6.86,112.7099132
2/20/15,6.98,114.536034
2/19/15,7.1,116.5502538
2/18/15,7.04,115.4481093
2/17/15,6.83,111.9215901
2/13/15,6.64,108.9189924
2/12/15,6.49,106.0372671
2/11/15,6.63,108.561892
2/10/15,6.99,114.1581118
2/9/15,6.93,113.2871478
2/6/15,6.47,105.6568139
2/5/15,6.66,108.3749443
2/4/15,6.88,109.6303787
2/3/15,6.79,110.4361417
2/2/15,6.49,105.2952859
1/30/15,6.52,105.5165291
1/29/15,6.45,104.562549
1/28/15,6.6,106.8974999
1/27/15,6.56,106.3499071
1/26/15,6.83,110.6220418
1/23/15,7.04,113.8155668
1/22/15,6.59,104.6879985
1/21/15,6.91,111.834166
1/20/15,7.24,116.8101399
1/16/15,7.31,118.1159468
1/15/15,7.66,122.8722026
1/14/15,6.85,110.5164388
1/13/15,6.66,107.3738007
1/12/15,6.74,108.4773916
1/9/15,6.21,98.21650785
1/8/15,6.37,100.798075
1/7/15,6.63,104.9191226
1/6/15,6.84,109.8102856
1/5/15,6.23,100.1327238
1/2/15,5.61,90.14662358
12/31/14,5.35,85.94643426
12/30/14,5.41,86.82274642
12/29/14,5.61,90.01602953
12/26/14,5.31,85.24466129
12/24/14,5.39,84.95979402
12/23/14,5.56,89.03423546
12/22/14,5.44,86.98551831
12/19/14,5.41,89.07377278
12/18/14,5.59,92.01139318
12/17/14,5.85,96.13046653
12/16/14,6.75,110.7584944
12/15/14,6.29,103.2538278
12/12/14,6.61,108.2827512
12/11/14,5.88,96.3429654
12/10/14,5.49,89.91024216
12/9/14,5,81.86917362
12/8/14,4.82,78.97795973
12/5/14,4.78,78.32582248
12/4/14,4.99,81.48732271
12/3/14,5.14,84.00362752
12/2/14,5.35,87.44267326
12/1/14,5.49,89.72152236
11/28/14,4.89,79.64169552
11/26/14,5.11,83.33592404
11/25/14,5.31,86.45625109
11/24/14,4.89,79.6223156
11/21/14,5.01,81.53517221
11/20/14,5.1,82.96132252
11/19/14,5.23,85.06165839
11/18/14,5.25,85.25305707
11/17/14,5.45,88.48568587
11/14/14,5.44,88.29835286
11/13/14,5.39,87.33671698
11/12/14,5.26,85.32367359
11/10/14,5.13,83.10556787
11/7/14,5.08,82.10792067
11/6/14,5.16,83.47748727
11/5/14,5.41,87.37290006
11/4/14,5.4,87.15098584
11/3/14,5.26,84.8596886
10/31/14,5.16,83.22596725
10/30/14,5.11,82.30841969
10/29/14,5.35,86.11703394
10/28/14,5.46,87.91403418
10/27/14,5.95,95.68837109
10/24/14,6.15,98.83925879
10/23/14,6.08,97.57453818
10/22/14,6,96.12663788
10/21/14,6.18,99.16997698
10/20/14,5.91,94.72551551
10/17/14,6.37,101.9528781
10/16/14,6.81,108.9167157
10/15/14,7.72,123.6412099
10/14/14,6.31,100.7609946
10/10/14,5.2,82.97888417
10/9/14,4.98,79.42583204
10/8/14,4.97,77.62939248
10/7/14,4.99,79.55621085
10/6/14,4.68,73.18337661
10/3/14,4.63,73.79438121
10/2/14,4.93,78.48490573
10/1/14,4.85,77.1437457
9/30/14,4.83,76.83008171
9/29/14,4.83,75.27396729
9/26/14,4.83,75.30495375
9/25/14,4.62,73.3511478
9/24/14,4.5,71.51317627
9/23/14,4.41,70.00989941
9/22/14,4.43,70.32548882
9/19/14,4.41,74.15012399
9/18/14,4.85,81.4352214
9/17/14,4.86,81.78622326
9/16/14,5.27,88.47726305
9/15/14,5.28,88.56979306
9/12/14,5.16,86.51864853
9/11/14,4.94,82.77344096
9/10/14,4.95,82.89605931
9/9/14,4.79,80.10225569
9/8/14,4.76,79.56707126
9/5/14,4.57,76.30817959
9/4/14,4.95,82.55857754
9/3/14,5.1,84.92019219
9/2/14,5.17,86.10507137
8/29/14,4.93,82.04085973
8/28/14,4.83,80.19929073
8/27/14,4.61,76.5341015
8/26/14,4.51,74.87581943
8/25/14,4.52,74.94560256
8/22/14,4.69,77.77288881
8/21/14,4.71,78.03147739
8/20/14,4.9,81.10214696
8/19/14,4.89,80.84449108
8/18/14,4.93,81.54376575
8/15/14,5.13,84.71704462
8/14/14,4.79,79.07027434
8/13/14,4.83,79.69297722
8/12/14,4.92,81.18246098
8/11/14,4.94,81.47846808
8/8/14,5.08,83.77789262
8/7/14,4.95,81.41587782
8/6/14,4.51,74.22013652
8/5/14,4.37,71.90265371
8/4/14,4.38,71.96253628
8/1/14,4.28,70.31670911
7/31/14,4.74,77.84001016
7/30/14,4.58,75.20362274
7/29/14,4.63,75.93905918
7/28/14,4.62,75.75208771
7/25/14,4.53,74.20928202
7/24/14,4.49,73.46375495
7/23/14,4.4,71.97482703
7/22/14,4.46,72.90704129
7/21/14,4.4,71.86875165
7/18/14,4.16,67.9637411
7/17/14,4.6,74.86869789
7/16/14,4.12,67.1637769
7/15/14,4.3,70.10323527
7/14/14,4.41,71.85567849
7/11/14,4.23,68.87944898
7/10/14,4.31,70.11323756
7/9/14,4.16,67.67178433
7/8/14,4.19,68.09677462
7/7/14,4.09,66.46425317
7/3/14,3.95,64.17653357
7/2/14,4.41,71.52492287
7/1/14,4.43,71.81099068
6/30/14,4.44,71.97198833
6/27/14,4.3,69.60348859
6/26/14,4.31,69.69599851
6/25/14,4.42,71.4524269
6/24/14,4.39,70.91273394
6/23/14,4.34,70.13708501
6/20/14,4.3,69.35863639
6/19/14,4.28,72.78019185
6/18/14,4.29,72.74769157
6/17/14,4.78,81.25462426
6/16/14,4.58,77.77688921
6/13/14,4.48,76.05812775
6/12/14,4.6,78.04917364
6/11/14,4.56,77.29110228
6/10/14,4.55,77.11866217
6/9/14,4.58,77.49059411
6/6/14,4.64,78.46670322
6/5/14,4.99,84.28778258
6/4/14,5.41,91.34419851
6/3/14,5.46,92.21541841
6/2/14,5.4,91.0147098
5/30/14,5.18,87.35823932
5/29/14,5.08,85.53942428
5/28/14,5.03,84.5706907
5/27/14,4.8,80.68797742
5/23/14,4.66,78.30755977
5/22/14,4.68,78.47833864
5/21/14,4.84,81.1566402
5/20/14,4.86,81.43938913
5/19/14,4.89,81.9462165
5/16/14,4.81,80.57168904
5/15/14,4.95,82.67587032
5/14/14,4.65,77.72868454
5/13/14,4.41,73.68730709
5/12/14,4.45,74.40731889
5/9/14,4.37,72.9951625
5/8/14,4.4,73.43895086
5/7/14,4.65,77.55414652
5/6/14,4.81,80.1660259
5/5/14,4.74,78.97045322
5/2/14,4.63,77.06772409
5/1/14,5.04,83.86721946
4/30/14,4.95,82.2974215
4/29/14,5.12,85.147084
4/28/14,5.19,86.40398286
4/25/14,4.99,82.86616015
4/24/14,4.81,79.77538035
4/23/14,4.71,78.19094834
4/22/14,4.72,78.19523295
4/21/14,4.74,78.55076309
4/17/14,4.78,79.24081929
4/16/14,4.81,79.4323837
4/15/14,4.96,81.9182902
4/14/14,4.98,82.26501398
4/11/14,4.84,79.88916091
4/10/14,4.38,72.26755007
4/9/14,4.21,69.33704393
4/8/14,4.33,71.30057919
4/7/14,4.11,67.68696753
4/4/14,4.24,69.76435956
4/3/14,5.03,82.82499619
4/2/14,5.07,83.38942246
4/1/14,4.99,81.92746358
3/31/14,5.15,84.51601847
3/28/14,5.03,82.62321667
3/27/14,4.9,80.33431701
3/26/14,4.69,76.77127073
3/25/14,4.66,76.37403604
3/24/14,4.77,78.06551463
3/21/14,4.58,74.90303393
3/20/14,4.68,77.52975912
3/19/14,5.11,84.67170501
3/18/14,4.97,82.18811579
3/17/14,5.2,85.93838089
3/14/14,5.29,86.2014485
3/13/14,4.93,81.3107189
3/12/14,4.7,77.57992961
3/11/14,4.71,77.71268922
3/10/14,4.73,77.99137897
3/7/14,4.72,77.82326757
3/6/14,5.03,81.58988459
3/5/14,5.14,83.39497402
3/4/14,5.31,86.08183817
3/3/14,5.37,88.13037586
2/28/14,5.01,82.19228288
2/27/14,5.01,82.10310714
2/26/14,5.07,83.03617191
2/25/14,4.85,79.49615273
2/24/14,4.84,79.25024758
2/21/14,4.9,80.23510204
2/20/14,4.94,79.64965868
2/19/14,5,80.59303468
2/18/14,4.96,79.83107317
2/14/14,4.62,75.42634116
2/13/14,4.72,77.08779775
2/12/14,5.14,83.7523161
2/11/14,5.32,86.87744584
2/10/14,5.13,83.63298656
2/7/14,5.19,84.65160761
2/6/14,5.8,94.23267337
2/5/14,5.93,96.2850533
2/4/14,6.18,100.3281563
2/3/14,6.04,98.11952372
1/31/14,5.38,87.1346828
1/30/14,5.16,83.79357165
1/29/14,5.24,85.04334019
1/28/14,5.3,85.8252577
1/27/14,5.54,89.52965717
1/24/14,5.15,83.17647394
1/23/14,5.07,81.97419249
1/22/14,4.9,79.25036083
1/21/14,4.79,77.40836311
1/17/14,4.46,72.15942817
1/16/14,4.67,75.46596513
1/15/14,4.83,75.99497081
1/14/14,4.84,77.9616123
1/13/14,4.59,73.85212911
1/10/14,4.51,72.73622569
1/9/14,4.83,75.82531903
1/8/14,5.08,79.72070153
1/7/14,5,80.3547935
1/6/14,5.13,82.36521545
1/3/14,5.06,79.32934532
1/2/14,5.14,80.49191663
12/31/13,5.13,80.36971327
12/30/13,5.03,78.60487656
12/27/13,5.06,79.05669005
12/26/13,4.91,76.63856196
12/24/13,4.98,77.68963835
12/23/13,4.73,73.72281514
12/20/13,4.64,72.23655509
12/19/13,4.78,77.54638826
12/18/13,4.9,79.53743239
12/17/13,5.18,83.86669879
12/16/13,5.4,87.45959023
12/13/13,5.36,86.76331089
12/12/13,5.48,88.60451037
12/11/13,5.32,86.02002829
12/10/13,5.21,84.13362572
12/9/13,5.55,89.48641447
12/6/13,5.56,89.58820288
12/5/13,5.97,96.2808863
12/4/13,6.06,97.5652595
12/3/13,5.89,94.7817916
12/2/13,5.99,96.2990318
11/29/13,4.67,75.04165582
11/27/13,5.36,86.05667691
11/26/13,5.16,82.76501024
11/25/13,5.13,82.1552014
11/22/13,5.08,83.00652028
11/21/13,5.49,87.82106863
11/20/13,5.71,91.39288641
11/19/13,5.15,82.28833012
11/18/13,4.82,76.94623855
11/15/13,4.82,76.94595396
11/14/13,4.96,79.02891715
11/13/13,5.41,86.03659266
11/12/13,5.49,89.38431634
11/8/13,5.36,85.40982753
11/7/13,5.3,84.16992964
11/6/13,5.35,85.01463383
11/5/13,5.69,92.27397893
11/4/13,5.42,86.03566224
11/1/13,5.64,91.3462414
10/31/13,5.22,82.77296799
10/30/13,5,80.81745693
10/29/13,4.89,77.35974692
10/28/13,4.79,75.80947061
10/25/13,4.8,77.45943445
10/24/13,4.99,80.41409291
10/23/13,4.81,77.51520688
10/22/13,4.87,76.82279457
10/21/13,5.77,91.00547152
10/18/13,5.72,90.15475066
10/17/13,5.5,88.42338627
10/16/13,5.58,87.86293397
10/15/13,5.99,94.38895638
10/11/13,5.67,89.27076558
10/10/13,5.84,91.73952167
10/9/13,6.01,94.47716877
10/8/13,6.4,100.4606333
10/7/13,6.34,99.43568018
10/4/13,6.03,94.56887239
10/3/13,6.03,94.37577854
10/2/13,6.02,94.18510867
10/1/13,6.37,99.76387744
9/30/13,6.67,104.2456694
9/27/13,6.01,93.99739063
9/26/13,5.96,93.12753441
9/25/13,5.78,90.28099405
9/24/13,5.71,90.98560254
9/23/13,5.68,88.55690292
9/20/13,5.54,86.43642647
9/19/13,5.81,98.44850857
9/18/13,5.93,100.2315096
9/17/13,6.66,112.8168986
9/16/13,7.02,118.7857789
9/13/13,6.87,116.3015529
9/12/13,7.25,122.692014
9/11/13,7.3,123.4159687
9/10/13,7.65,129.430961
9/9/13,7.5,126.8907137
9/6/13,7.77,131.2389774
9/5/13,8.53,144.1740695
9/4/13,8.46,142.6767195
9/3/13,8.46,142.5977475
8/30/13,8.19,138.1634999
8/29/13,7.88,
8/28/13,7.91,132.6510163
8/27/13,7.51,125.8234492
8/26/13,7.57,126.786678
8/23/13,7.58,127.0349803
8/22/13,8.09,135.5066764
8/21/13,7.94,133.3138007
8/20/13,7.92,
8/19/13,8.29,
8/16/13,7.8,130.3287145
8/15/13,7.09,118.3623992
8/14/13,6.64,110.7395529
8/13/13,6.6,110.0327282
8/12/13,5.74,95.61188299
8/9/13,5.48,91.07377651
8/8/13,5.57,
8/7/13,5.66,
8/6/13,5.82,
8/5/13,6.03,
8/2/13,5.72,94.7855538
8/1/13,7.27,
7/31/13,6.52,107.7852715
7/30/13,6.61,109.3777941
7/29/13,6.59,109.0485686
7/26/13,6.18,102.154918
7/25/13,6.21,102.2149614
7/24/13,6.39,105.4286079
7/23/13,5.67,93.38009962
7/22/13,5.4,88.88037611
7/19/13,5.44,89.51864595
7/18/13,5.6,92.05844511
7/17/13,5.95,97.73470671
7/16/13,6.51,106.9728675
7/15/13,6.58,107.9900672
7/12/13,6.63,108.8019497
7/11/13,6.51,106.7944607
7/10/13,7.28,119.0373823
7/9/13,7.12,116.8343848
7/8/13,7.66,125.5647495
7/5/13,8.18,134.3710012
7/3/13,8,130.8424642
7/2/13,7.5,122.5062813
7/1/13,7.39,120.559572
6/28/13,7.35,120.0363266
6/27/13,7.22,117.6179656
6/26/13,7.77,
6/25/13,8.35,136.2674275
6/24/13,8.62,140.3579493
6/21/13,7.78,126.7673872
6/20/13,6.86,111.3598703
6/19/13,6.48,110.0275306
6/18/13,6.1,103.0971742
6/17/13,5.99,101.2227418
6/14/13,5.9,99.55834921
6/13/13,5.96,100.2394611
6/12/13,6.07,102.3108001
6/11/13,6,101.0478956
6/10/13,6,101.0156393
6/7/13,6.02,101.3843335
6/6/13,6.29,105.5988864
6/5/13,6.36,106.7160969
6/4/13,6.51,109.3149936
6/3/13,6.64,111.288046
5/31/13,6.25,104.6295716
5/30/13,6.11,102.2004917
5/29/13,6.6,110.3550197
5/28/13,6.13,102.7741595
5/24/13,5.13,85.646592
5/23/13,5.39,89.8289625
5/22/13,5.18,86.38421734
5/21/13,4.85,80.63899628
5/20/13,4.97,82.70153262
5/17/13,4.86,80.80377317
5/16/13,4.41,73.2805056
5/15/13,4.78,79.2872078
5/14/13,4.71,78.24569267
5/13/13,4.72,78.2622398
5/10/13,4.33,71.74440153
5/9/13,3.73,61.65547035
5/8/13,3.62,59.82973807
5/7/13,3.83,63.24633247
5/6/13,3.97,65.49501288
5/3/13,4.03,66.50157131
5/2/13,3.85,63.37881458
5/1/13,3.95,65.00138587
4/30/13,3.97,65.33126659
4/29/13,3.86,63.4691099
4/26/13,3.77,61.97512631
4/25/13,3.9,64.03283132
4/24/13,3.94,64.7187233
4/23/13,3.92,64.33183225
4/22/13,3.84,62.95113066
4/19/13,3.75,61.47255174
4/18/13,3.95,64.64917763
4/17/13,4.05,66.2537508
4/16/13,3.99,65.27804563
4/15/13,4.09,66.75744476
4/12/13,3.89,63.55927718
4/11/13,3.92,63.98867383
4/10/13,4.04,65.9348953
4/9/13,3.9,63.60919823
4/8/13,4.01,65.42373323
4/5/13,4.03,65.71988563
4/4/13,4.37,71.13436618
4/3/13,4.21,68.50463244
4/2/13,4.23,68.8237219
4/1/13,4.2,68.25943063
3/28/13,4.05,65.78198069
3/27/13,4.14,67.17022982
3/26/13,4.02,65.26127994
3/25/13,4.32,70.09893808
3/22/13,4.57,74.12972633
3/21/13,4.34,70.20603232
3/20/13,4.28,69.39375348
3/19/13,4.56,76.34935574
3/18/13,4.16,69.63787847
3/15/13,4.31,72.15374022
3/14/13,4.25,71.05356548
3/13/13,4.23,70.73363856
3/12/13,4.29,71.68819492
3/11/13,4.42,73.86327859
3/8/13,4.44,74.10484506
3/7/13,4.69,78.21494677
3/6/13,4.48,74.62511007
3/5/13,4.27,71.08036481
3/4/13,4.29,71.33193639
3/1/13,4.33,71.91246916
2/28/13,4.4,73.01258518
2/27/13,4.56,75.66407571
2/26/13,4.64,77.00372761
2/25/13,4.88,80.77776468
2/22/13,4.6,76.27755022
2/21/13,4.58,75.87436107
2/20/13,4.69,77.63492564
2/19/13,4.65,77.01434512
2/15/13,4.45,73.65772066
2/14/13,4.52,74.64862809
2/13/13,4.71,77.85035902
2/12/13,4.48,73.90519273
2/11/13,4.45,73.46940716
2/8/13,4.45,73.36672183
2/7/13,4.56,75.0745984
2/6/13,4.74,77.96901538
2/5/13,5.03,82.69611586
2/4/13,4.95,81.30757196
2/1/13,5.05,83.0619658
1/31/13,5.09,83.56116985
1/30/13,5.13,84.1048002
1/29/13,5.05,82.90421281
1/28/13,5.01,82.07531698
1/25/13,5.11,83.73698775
1/24/13,4.25,69.50729194
1/23/13,4.22,68.92065208
1/22/13,4.34,70.91520619
1/18/13,4.31,70.35257985
1/17/13,4.45,72.57871852
1/16/13,4.12,67.07686585
1/15/13,4.16,67.76113295
1/14/13,4.33,70.43976739
1/11/13,4.48,72.88664738
1/10/13,4.36,70.87005715
1/9/13,4.23,68.72469599
1/8/13,4.46,72.42922278
1/7/13,4.62,74.97440627
1/4/13,4.85,78.61271151
1/3/13,4.93,79.97690944
1/2/13,4.75,76.90959355
12/31/12,4.67,75.52322809
12/28/12,4.46,71.99839506
12/27/12,4.28,69.16275203
12/26/12,4.11,66.27810772
12/24/12,4.48,72.25153836
12/21/12,4.08,65.78684791
12/20/12,4.29,69.0447473
12/19/12,4.38,73.80178604
12/18/12,4.79,80.62169161
12/17/12,4.46,75.08559983
12/14/12,4.2,70.62460968
12/13/12,4.39,73.75157162
12/12/12,4.15,69.64229969
12/11/12,4.19,70.25489439
12/10/12,4.18,70.03338262
12/7/12,4.07,68.1288062
12/6/12,3.97,66.37182636
12/5/12,3.95,66.00583581
12/4/12,4,66.81379243
12/3/12,4.06,67.79479068
11/30/12,4.03,67.32091415
11/29/12,4.08,68.02584928
11/28/12,4.02,67.04897783
11/27/12,3.97,66.13419355
11/26/12,4.14,68.96559633
11/23/12,4.45,74.1106497
11/21/12,4.38,72.81019857
11/20/12,4.26,70.81469026
11/19/12,4.35,72.23337825
11/16/12,4.41,73.17332439
11/15/12,4.39,72.74521144
11/14/12,4.4,72.87426933
11/13/12,4.31,71.36740552
11/9/12,4.17,68.99921255
11/8/12,4.24,69.99617948
11/7/12,4.64,76.70931443
11/6/12,5.54,91.57746954
11/5/12,5.13,84.71525862
11/2/12,5.42,89.39780651
11/1/12,5.67,93.53522827
10/31/12,5.49,90.49827955
10/29/12,5.44,89.55589794
10/26/12,5.57,91.66851426
10/25/12,5.73,94.30128621
10/24/12,5.11,84.07418727
10/23/12,5.22,85.73240783
10/22/12,5.35,87.98047304
10/19/12,5.05,82.87925458
10/18/12,5.24,85.98662753
10/17/12,5.33,87.39195805
10/16/12,4.92,80.51610128
10/15/12,4.63,75.71958032
10/12/12,4.5,73.53634492
10/11/12,4.4,71.81461862
10/10/12,4.43,72.19911254
10/9/12,4.42,72.09335829
10/5/12,4.36,71.11127903
10/4/12,4.45,72.44224981
10/3/12,4.37,71.02874605
10/2/12,4.33,70.37482514
10/1/12,4.49,72.96007423
9/28/12,4.44,72.08321699
9/27/12,4.33,70.29809462
9/26/12,4.25,68.86830041
9/25/12,4.13,66.89867758
9/24/12,4.15,67.21195808
9/21/12,4.09,66.25722107
9/20/12,4.31,69.72132414
9/19/12,4.27,70.9830572
9/18/12,4.33,72.00072831
9/17/12,4.99,82.99883429
9/14/12,5.35,88.9090101
9/13/12,4.97,82.30481246
9/12/12,5.38,89.18088528
9/11/12,5.3,87.83241978
9/10/12,5.31,87.77387885
9/7/12,4.95,81.95240708
9/6/12,5.18,85.67765074
9/5/12,5.03,83.09726919
9/4/12,5.06,83.50021637
8/31/12,4.91,80.91750671
8/30/12,5.18,85.37157447
8/29/12,4.9,80.69260509
8/28/12,4.84,79.70641058
8/27/12,4.87,80.18634887
8/24/12,4.83,79.52951383
8/23/12,4.84,79.61446943
8/22/12,4.95,81.1950776
8/21/12,5.2,85.46050735
8/20/12,5.36,88.02181839
8/17/12,5.18,85.0728786
8/16/12,5.47,89.75398643
8/15/12,5.25,86.10526886
8/14/12,5.01,82.08693693
8/13/12,4.81,78.75531883
8/10/12,4.71,77.07658099
8/9/12,4.95,80.87700161
8/8/12,5.03,82.16503483
8/7/12,4.98,81.27064675
8/6/12,4.87,79.44317486
8/3/12,4.88,79.46980359
8/2/12,4.66,75.79925457
8/1/12,5.09,82.69348435
7/31/12,5.11,82.92996911
7/30/12,5.02,81.5451635
7/27/12,4.99,81.01629628
7/26/12,4.71,76.4007261
7/25/12,4.67,75.58331826
7/24/12,4.67,75.52406317
7/23/12,4.54,73.43019726
7/20/12,4.22,68.26164208
7/19/12,4.32,69.79245551
7/18/12,4.27,69.04292921
7/17/12,4.43,71.56805428
7/16/12,4.43,71.52746742
7/13/12,4.31,69.49225575
7/12/12,4.5,72.48651547
7/11/12,4.74,76.45459776
7/10/12,4.7,75.67580621
7/9/12,4.66,75.01664185
7/6/12,4.65,74.84282875
7/5/12,5.03,80.86781814
7/3/12,5.05,81.16640312
7/2/12,4.91,78.87515674
6/29/12,5.05,81.00422159
6/28/12,4.93,79.03046823
6/27/12,4.91,78.66511484
6/26/12,4.99,79.93185064
6/25/12,5.16,82.61182246
6/22/12,5.17,82.80891975
6/21/12,5.26,84.0838389
6/20/12,5.74,94.61995049
6/19/12,6.36,104.6683168
6/18/12,6.47,106.3684368
6/15/12,6.82,112.0466597
6/14/12,6.74,110.8814024
6/13/12,6.91,113.3474102
6/12/12,6.68,109.6002136
6/11/12,6.38,104.5121214
6/8/12,6.05,99.1827877
6/7/12,5.92,96.80582951
6/6/12,6.33,103.6278072
6/5/12,6.22,101.7834376
6/4/12,6.49,105.9857147
6/1/12,6.74,109.9103796
5/31/12,6,97.7333345
5/30/12,5.72,93.25369025
5/29/12,5.39,88.01981017
5/25/12,5.37,87.56104493
5/24/12,5.6,91.26566802
5/23/12,5.75,93.61430794
5/22/12,5.45,88.56817727
5/21/12,5.72,93.02261929
5/18/12,5.46,88.85965035
5/17/12,5.42,87.94846761
5/16/12,5.34,86.62783298
5/15/12,5.22,84.60161135
5/14/12,5.81,94.07398034
5/11/12,5,81.01982943
5/10/12,4.63,74.86195011
5/9/12,4.92,79.60038466
5/8/12,4.75,76.83352866
5/7/12,4.58,74.05039521
5/4/12,4.41,71.2664661
5/3/12,4.95,79.97307294
5/2/12,5.19,83.80800891
5/1/12,5.3,85.45763657
4/30/12,4.98,80.30917284
4/27/12,4.87,78.54405258
4/26/12,4.87,78.33599532
4/25/12,5.26,84.67098108
4/24/12,5.35,86.13621058
4/23/12,5.37,86.39771847
4/20/12,5.14,82.62466282
4/19/12,5.45,87.60060481
4/18/12,5.47,87.79055599
4/17/12,5.57,89.34068369
4/16/12,5.73,91.94885544
4/13/12,5.68,90.99672561
4/12/12,5.79,92.75961833
4/11/12,5.84,93.53694815
4/10/12,5.76,92.12400685
4/9/12,5.71,91.40552135
4/6/12,6.08,97.35022372
4/5/12,6.32,101.1852489
4/4/12,6.53,104.280912
4/3/12,6.67,106.7082941
4/2/12,6.05,96.54023814
3/30/12,6.05,96.55085614
3/29/12,5.7,90.85938863
3/28/12,5.86,93.42137269
3/27/12,6.16,98.09605761
3/26/12,6.55,104.3687758
3/23/12,6.49,103.3299666
3/22/12,6.57,104.5699381
3/21/12,6.74,114.5577835
3/20/12,7.22,122.6429974
3/19/12,7.07,120.1198315
3/16/12,6.38,108.2668539
3/15/12,6.04,102.342552
3/14/12,6.54,110.6646829
3/13/12,5.41,91.55538583
3/12/12,5.1,86.12052672
3/9/12,5.18,87.36269642
3/8/12,5.59,94.17382712
3/7/12,5.44,91.62136365
3/6/12,5.61,94.3714637
3/5/12,5.68,95.5683877
3/2/12,5.46,91.74300086
3/1/12,5.78,97.04911817
2/29/12,5.71,95.76209087
2/28/12,5.34,89.61822573
2/27/12,5.5,92.23073899
2/24/12,5.56,93.20905847
2/23/12,5.89,98.68558023
2/22/12,6.08,101.7371738
2/21/12,6.12,102.4775803
2/17/12,5.91,98.79549891
2/16/12,5.93,98.91955854
2/15/12,5.56,92.68440501
2/14/12,5.78,96.40007068
2/13/12,5.91,98.39627885
2/10/12,5.82,97.04132885
2/9/12,5.88,97.79216214
2/8/12,5.91,98.33781157
2/7/12,5.85,97.27169837
2/6/12,5.52,91.64979947
2/3/12,5.6,92.79972551
2/2/12,5.06,83.78316976
2/1/12,5.27,87.19923794
1/31/12,5.41,89.48414254
1/30/12,5.46,90.33748101
1/27/12,5.17,85.48231012
1/26/12,5.46,90.1998011
1/25/12,5.67,93.62067997
1/24/12,6.07,100.3579011
1/23/12,6.42,106.0198158
1/20/12,6.23,102.8311822
1/19/12,5.76,94.98858487
1/18/12,5.32,87.60559482
1/17/12,5.36,88.2434797
1/13/12,5.45,89.69357849
1/12/12,5.31,87.18052687
1/11/12,5.45,89.47544576
1/10/12,5.61,92.08463705
1/9/12,5.53,90.72057043
1/6/12,5.57,91.33328009
1/5/12,6.01,98.46081178
1/4/12,5.94,97.18566992
1/3/12,6.02,98.45171796
12/30/11,5.75,93.9945299
12/29/11,6.05,98.79005929
12/28/11,6.26,102.2709253
12/27/11,6.35,103.612886
12/23/11,6.2,101.1720215
12/22/11,5.94,
12/21/11,6.19,
12/20/11,6.25,
12/19/11,6,102.0626755
12/16/11,6.28,106.7363753
12/15/11,6.19,105.1628038
12/14/11,6.74,114.551235
12/13/11,6.8,115.5156607
12/12/11,7.26,123.2883427
12/9/11,7.2,122.3580749
12/8/11,7.02,118.9991412
12/7/11,6.99,118.5615776
12/6/11,6.84,115.9376363
12/5/11,7.15,121.1070477
12/2/11,7.23,122.3264556
12/1/11,7.55,127.599319
11/30/11,7.92,133.8638094
11/29/11,8.32,140.4601089
11/28/11,8.35,141.052627
11/25/11,7.93,133.8077787
11/23/11,8.13,136.9472626
11/22/11,7.95,133.7124012
11/21/11,8.35,140.4048188
11/18/11,8.17,137.4567156
11/17/11,8.46,142.056281
11/16/11,8.01,134.2658082
11/15/11,8.3,139.243469
11/14/11,8.53,143.2082118
11/10/11,8.43,141.3529781
11/9/11,8.3,138.9547799
11/8/11,8.11,135.8572506
11/7/11,8.08,135.4482067
11/4/11,7.94,132.629206
11/3/11,8.42,140.7307071
11/2/11,8.54,142.3497028
11/1/11,9.45,157.5828866
10/31/11,8.31,138.1813311
10/28/11,8.1,135.4393755
10/27/11,8.11,135.4560888
10/26/11,8.07,134.5791605
10/25/11,8.09,134.5451464
10/24/11,8.21,136.8055575
10/21/11,8.3,138.3189295
10/20/11,8.13,135.2005667
10/19/11,8.18,135.91242
10/18/11,8.28,137.7478819
10/17/11,8.41,139.595282
10/14/11,8.31,138.1278945
10/13/11,8.38,139.0209411
10/12/11,8.49,140.6030227
10/11/11,8.44,139.7110976
10/7/11,8.14,134.7592823
10/6/11,7.92,130.6784253
10/5/11,7.92,130.432187
10/4/11,7.81,128.8316861
10/3/11,7.53,123.6656262
9/30/11,7.24,119.0174015
9/29/11,7.3,120.3170868
9/28/11,7.69,126.1993393
9/27/11,8.06,132.0899207
9/26/11,7.93,
9/23/11,7.59,124.6090055
9/22/11,7.41,121.2733181
9/21/11,6.97,118.3407145
9/20/11,7.67,130.3660827
9/19/11,7.54,128.2319609
9/16/11,7.54,127.9368862
9/15/11,7.47,126.8283502
9/14/11,7.32,123.9783366
9/13/11,7.46,126.415855
9/12/11,7.55,127.9697003
9/9/11,7.46,126.2711554
9/8/11,7.18,121.3813368
9/7/11,7.44,125.8371277
9/6/11,7.74,130.7479112
9/2/11,7.48,126.2406941
9/1/11,7.88,132.7922479
8/31/11,7.75,130.7855983
8/30/11,8.21,138.3746271
8/29/11,7.91,133.2529079
8/26/11,8.17,137.57458
8/25/11,9.04,152.1740877
8/24/11,8.88,149.7072935
8/23/11,8.55,143.764166
8/22/11,8.34,140.0687585
8/19/11,7.9,132.4506461
8/18/11,7.85,131.4082052
8/17/11,7.32,122.6491137
8/16/11,7.82,131.0344117
8/15/11,8.21,137.7231404
8/12/11,8.6,144.1655482
8/11/11,9.11,152.5493423
8/10/11,8.8,146.8106706
8/9/11,9.27,155.603515
8/8/11,9.57,159.7871424
8/5/11,8.09,135.3969822
8/4/11,7.64,127.1794105
8/3/11,7.5,125.5490336
8/2/11,7.72,128.8651442
8/1/11,7.84,131.0955094
7/29/11,8.32,138.9873426
7/28/11,8.02,134.0436424
7/27/11,8.71,145.5923191
7/26/11,8.44,141.0298458
7/25/11,8.62,143.9592267
7/22/11,8,133.5164196
7/21/11,8.83,147.3283684
7/20/11,7.98,132.8835516
7/19/11,8.2,136.367922
7/18/11,8.6,143.2501349
7/15/11,8.36,139.026073
7/14/11,8.17,135.8037323
7/13/11,7.94,131.6892226
7/12/11,7.99,132.3225064
7/11/11,7.78,129.0937356
7/8/11,7.07,117.4255285
7/7/11,7.83,129.9131695
7/6/11,7.89,130.9894891
7/5/11,7.76,128.559649
7/1/11,7.71,127.846948
6/30/11,7.85,129.9848809
6/29/11,7.73,127.7929232
6/28/11,8.1,133.5992185
6/27/11,7.62,125.6270471
6/24/11,7.46,122.760921
6/23/11,7.45,122.6510756
6/22/11,7.05,115.9955679
6/21/11,7.5,127.216101
6/20/11,7.68,130.1826086
6/17/11,7.76,131.5691422
6/16/11,7.87,133.3671666
6/15/11,7.39,125.0399497
6/14/11,6.89,116.6820546
6/13/11,6.35,107.3223041
6/10/11,6.29,106.2698737
6/9/11,6.45,108.8935143
6/8/11,6.27,105.6033911
6/7/11,6.2,104.4430727
6/6/11,6.36,107.1557944
6/3/11,6.16,103.7525999
6/2/11,6.49,109.2525348
6/1/11,6.11,102.6025783
5/31/11,6.07,102.225469
5/27/11,5.94,99.930266
5/26/11,5.68,95.35353266
5/25/11,5.7,95.76057658
5/24/11,5.76,96.65706013
5/23/11,5.77,96.81272179
5/20/11,5.78,96.94434441
5/19/11,5.99,100.4109454
5/18/11,5.75,96.41998984
5/17/11,5.95,99.58545153
5/16/11,6.23,104.2249057
5/13/11,6.3,105.3187695
5/12/11,6.29,105.0996974
5/11/11,6.49,108.4230372
5/10/11,6.18,103.3665732
5/9/11,6.49,108.407753
5/6/11,6.5,108.4162902
5/5/11,6.31,105.0243893
5/4/11,6.12,101.9861358
5/3/11,6.1,101.5985282
5/2/11,6.06,100.9097809
4/29/11,5.91,98.40701005
4/28/11,5.93,98.62947707
4/27/11,6.17,102.5097452
4/26/11,6.36,105.6512275
4/25/11,6.43,106.9152353
4/21/11,6.17,102.5497452
4/20/11,6.23,103.4302273
4/19/11,5.93,98.36162567
4/18/11,6.54,108.4808922
4/15/11,6.36,105.4372293
4/14/11,6.32,104.7755988
4/13/11,6.36,105.2603312
4/12/11,6.46,106.8432804
4/11/11,6.64,110.0637481
4/8/11,6.63,109.7947503
4/7/11,6.67,110.1912814
4/6/11,6.79,112.2125366
4/5/11,6.7,110.5541581
4/4/11,6.65,109.5913691
4/1/11,6.75,111.2240064
3/31/11,7.16,118.0458385
3/30/11,7.24,119.0277996
3/29/11,7.36,121.0835387
3/28/11,7.63,125.2791135
3/25/11,7.55,123.9781852
3/24/11,7.28,119.3915489
3/23/11,7.51,123.0135838
3/22/11,7.53,130.9058753
3/21/11,8.14,141.4902596
3/18/11,8.33,144.5080902
3/17/11,8.65,149.9205205
3/16/11,8.96,154.8280312
3/15/11,8.03,139.0064307
3/14/11,7.45,129.1304536
3/11/11,7.15,123.9148967
3/10/11,7.31,126.2181371
3/9/11,7.17,124.0467563
3/8/11,7.35,127.258447
3/7/11,7.4,128.146029
3/4/11,7.49,129.5434705
3/3/11,7.82,135.0275022
3/2/11,7.94,137.0514652
3/1/11,7.77,133.7750876
2/28/11,7.52,129.6184363
2/25/11,7.49,128.9032203
2/24/11,7.91,136.1813032
2/23/11,7.8,134.1115598
2/22/11,8.14,139.8759188
2/18/11,7.24,124.4910762
2/17/11,7.34,
2/16/11,7.4,127.1444492
2/15/11,7.45,127.801019
2/14/11,7.34,126.0111523
2/11/11,7.51,128.7346976
2/10/11,7.68,131.5248647
2/9/11,7.66,131.2555291
2/8/11,7.99,136.957686
2/7/11,8.04,137.353997
2/4/11,8.03,137.0498357
2/3/11,8.21,140.0501269
2/2/11,8.25,140.3978595
2/1/11,8.03,136.4822508
1/31/11,8.29,140.7182827
1/28/11,7.84,132.9699366
1/27/11,7.47,126.7717268
1/26/11,7.6,128.7626413
1/25/11,7.54,127.8174735
1/24/11,7.68,130.098734
1/21/11,7.6,128.6669916
1/20/11,7.94,134.3570331
1/19/11,7.7,130.1646095
1/18/11,8.1,136.8238412
1/14/11,7.66,129.1983351
1/13/11,7.7,129.6671854
1/12/11,7.75,130.6172565
1/11/11,7.94,133.6728565
1/10/11,7.99,134.2484082
1/7/11,8.08,135.9058185
1/6/11,8.91,149.5652011
1/5/11,8.85,148.65088
1/4/11,8.4,140.909977
1/3/11,8.63,144.6309762
12/31/10,8.64,144.8723357
12/30/10,8.74,146.4348487
12/29/10,8.75,146.5956948
12/28/10,8.82,147.8815159
12/27/10,8.54,142.7702718
12/23/10,8.35,139.9257999
12/22/10,7.92,132.2423715
12/21/10,7.88,138.3692457
12/20/10,8.74,153.497316
12/17/10,8.94,157.0930282
12/16/10,9.66,169.2101504
12/15/10,9.93,174.6799589
12/14/10,9.26,162.852412
12/13/10,8.43,147.5855239
12/10/10,8.4,147.3883501
12/9/10,8.48,148.1090247
12/8/10,8.95,156.6030182
12/7/10,9.06,157.6504821
12/6/10,8.07,140.2730631
12/3/10,8.17,142.0586126
12/2/10,8.55,148.4547331
12/1/10,8.89,154.3900121
11/30/10,8.31,143.9481249
11/29/10,8.41,145.640177
11/26/10,8.48,146.7768501
11/24/10,8.36,144.5465028
11/23/10,7.8,134.6561322
11/22/10,7.45,128.4599707
11/19/10,7.52,129.8463453
11/18/10,8.06,138.8903842
11/17/10,7.56,130.2001229
11/16/10,8.14,140.0513888
11/15/10,8.6,148.2950132
11/12/10,7.57,130.1421618
11/10/10,6.84,117.0444312
11/9/10,6.63,113.4613514
11/8/10,6.24,106.5374302
11/5/10,6.03,102.9279277
11/4/10,6.13,104.4935947
11/3/10,6.46,109.8452028
11/2/10,7.31,124.6523047
11/1/10,7.39,126.0647628
10/29/10,7.25,123.4799292
10/28/10,7.19,122.4622069
10/27/10,7.26,123.8293607
10/26/10,7.18,122.2645252
10/25/10,6.68,113.641944
10/22/10,6.37,108.1702771
10/21/10,6.37,108.1328842
10/20/10,6.19,104.9411361
10/19/10,6.18,104.7378131
10/18/10,6.18,104.7262944
10/15/10,6.59,111.5607664
10/14/10,6.46,109.2901963
10/13/10,6.15,
10/12/10,6.14,103.6801614
10/8/10,5.75,96.9936617
10/7/10,6.26,105.3093361
10/6/10,6.3,105.9739274
10/5/10,6.37,107.18367
10/4/10,6.82,114.7692714
10/1/10,6.8,114.3742762
9/30/10,6.74,113.240973
9/29/10,6.7,112.5712593
9/28/10,6.59,110.7011283
9/27/10,6.64,111.5816829
9/24/10,6.43,107.9653964
9/23/10,6.49,108.7736295
9/22/10,6.72,112.6956573
9/21/10,7.06,122.5103275
9/20/10,7.56,131.3967086
9/17/10,7.26,126.1408467
9/16/10,7.32,127.080919
9/15/10,7.44,129.0832321
9/14/10,7.49,129.9850348
9/13/10,7.42,128.70142
9/10/10,7.46,129.3125499
9/9/10,7.46,129.166021
9/8/10,7.16,123.8205344
9/7/10,7.36,127.0830398
9/3/10,6.98,120.6166013
9/2/10,7.49,129.1053624
9/1/10,7.97,137.1776168
8/31/10,7.8,134.0093798
8/30/10,8.23,141.3749354
8/27/10,8.42,144.8421238
8/26/10,7.94,136.0897278
8/25/10,7.81,133.8765335
8/24/10,7.16,122.6568733
8/23/10,6.83,117.0239134
8/20/10,6.94,119.0107176
8/19/10,6.65,113.8140928
8/18/10,6.38,109.1058301
8/17/10,6.43,109.9659226
8/16/10,6.52,111.3584771
8/13/10,6.04,103.1457641
8/12/10,6.36,108.6069503
8/11/10,6.11,104.2588802
8/10/10,6.17,105.1577906
8/9/10,6.42,109.5847706
8/6/10,6.23,106.2403457
8/5/10,6.33,107.8449464
8/4/10,6.6,112.4940976
8/3/10,6.85,116.6177627
8/2/10,6.45,109.8628651
7/30/10,6.25,106.367833
7/29/10,5.9,100.1904466
7/28/10,5.9,100.2625138
7/27/10,5.89,100.2308359
7/26/10,5.64,95.85044336
7/23/10,5.84,99.22667148
7/22/10,5.68,96.30099971
7/21/10,5.9,99.86639916
7/20/10,6.02,102.0829196
7/19/10,5.89,99.68913117
7/16/10,6.2,104.7739293
7/15/10,6.25,105.8226401
7/14/10,6.34,107.2235573
7/13/10,6.57,111.2420367
7/12/10,6.45,109.1058487
7/9/10,6.52,110.135785
7/8/10,6.84,115.5025521
7/7/10,6.9,116.3423945
7/6/10,7.2,121.2203827
7/2/10,7.14,120.237252
7/1/10,7.77,130.6944565
6/30/10,7.38,123.7534664
6/29/10,7.57,126.9268116
6/28/10,7.29,
6/25/10,7.05,118.3686371
6/24/10,7.07,118.7266774
6/23/10,7.09,118.9579655
6/22/10,7.42,123.1396849
6/21/10,7.27,127.5544796
6/18/10,7.39,129.4932767
6/17/10,7.77,136.0076657
6/16/10,7.69,134.4517587
6/15/10,7.85,137.3706783
6/14/10,8.13,141.9889711
6/11/10,8.18,143.0803384
6/10/10,8.17,142.6603416
6/9/10,8.43,146.855563
6/8/10,8.78,153.1403161
6/7/10,8.47,147.1201032
6/4/10,8.04,140.0619664
6/3/10,7.94,138.1701827
6/2/10,8.07,140.4473068
6/1/10,8.74,151.5454584
5/28/10,8.94,153.2536877
5/27/10,8.65,145.6707066
5/26/10,8.81,150.3738729
5/25/10,9.41,160.8267728
5/24/10,8.96,150.0769175
5/21/10,9.45,161.6691388
5/20/10,9.87,167.7962151
5/19/10,8.72,143.8564883
5/18/10,8.87,150.9941537
5/17/10,8.39,138.4759698
5/14/10,8.24,135.8221805
5/13/10,7.53,123.715009
5/12/10,7.54,124.1855133
5/11/10,7.58,124.5768051
5/10/10,8.07,132.773538
5/7/10,9.45,157.729328
5/6/10,10.33,175.274816
5/5/10,7.03,115.2890191
5/4/10,6.87,112.6523203
5/3/10,6.2,101.6764226
4/30/10,6.25,102.5044451
4/29/10,6.22,101.9561148
4/28/10,6.62,108.4504196
4/27/10,6.56,107.3771017
4/26/10,6.06,99.24323119
4/23/10,5.79,94.81741006
4/22/10,5.89,96.33760687
4/21/10,5.74,93.80841182
4/20/10,5.71,93.34801146
4/19/10,5.85,95.51058328
4/16/10,6.06,98.91127093
4/15/10,5.91,96.30371526
4/14/10,5.9,96.26361983
4/13/10,5.81,94.75351341
4/12/10,6.2,100.9512398
4/9/10,6.05,98.53612615
4/8/10,6.24,101.5400302
4/7/10,6.23,101.2777907
4/6/10,6.31,102.5197241
4/5/10,6.38,103.7505598
4/2/10,6.46,104.6941071
4/1/10,6.52,105.9102074
3/31/10,6.3,102.126072
3/30/10,6.48,104.9432827
3/29/10,6.48,105.0107362
3/26/10,6.32,102.2494085
3/25/10,6.62,106.9039625
3/24/10,6.54,105.8122871
3/23/10,5.58,90.03483941
3/22/10,5.43,90.38446122
3/19/10,5.53,92.1416356
3/18/10,5.4,89.79620788
3/17/10,5.09,84.52975283
3/16/10,5.17,85.84379773
3/15/10,5.41,89.80384052
3/12/10,5.28,87.58987763
3/11/10,5.31,88.06019475
3/10/10,5.31,87.98949565
3/9/10,5.3,87.7421246
3/8/10,5.47,90.60191879
3/5/10,5.34,93.3660891
3/4/10,5.42,89.47071959
3/3/10,5.84,96.33541828
3/2/10,6.07,105.7958614
3/1/10,6.18,107.7189378
2/26/10,5.99,104.4804577
2/25/10,6.09,105.9141539
2/24/10,5.94,103.3797793
2/23/10,5.94,103.342059
2/22/10,5.89,102.5590437
2/19/10,6.11,106.2768818
2/18/10,6.32,109.9288864
2/17/10,6.47,112.3237638
2/16/10,6.4,110.942593
2/12/10,6.28,108.8391641
2/11/10,6.54,113.1499423
2/10/10,6.65,114.9887819
2/9/10,6.59,113.9199788
2/8/10,6.42,110.5654351
2/5/10,6.26,108.1042516
2/4/10,6.51,112.1948954
2/3/10,6.23,107.4593748
2/2/10,6.09,104.9261122
2/1/10,6.32,108.8303835
1/29/10,6.04,103.7142074
1/28/10,6.13,105.2334558
1/27/10,6.25,107.473086
1/26/10,6.21,106.5528331
1/25/10,6.46,110.8695646
1/22/10,6.34,108.8214305
1/21/10,6.2,106.1005804
1/20/10,6.23,106.6834538
1/19/10,6.45,110.4128234
1/15/10,6.46,110.593935
1/14/10,6.5,111.2331333
1/13/10,6.8,116.3889386
1/12/10,6.66,113.7313838
1/11/10,6.48,108.5246883
1/8/10,6.49,111.120425
1/7/10,7.06,120.5319986
1/6/10,7.1,121.2535614
1/5/10,6.95,118.525807
1/4/10,7.2,122.5964733
12/31/09,7.01,119.4386075
12/30/09,6.96,118.3771138
12/29/09,7.47,126.8945233
12/28/09,7.68,130.4907047
12/24/09,7.06,119.8446026
12/23/09,6.62,112.1529779
12/22/09,6.86,116.1847529
12/21/09,6.35,112.5123743
12/18/09,6.02,106.4802372
12/17/09,6.1,107.5762516
12/16/09,6.02,106.3477046
12/15/09,6.5,114.5759375
12/14/09,6.66,117.4957681
12/11/09,6.8,119.9363933
12/10/09,6.48,114.1407221
12/9/09,6.4,112.5549402
12/8/09,6.45,113.1991616
12/7/09,6.7,117.5504118
12/4/09,6.91,121.3341792
12/3/09,6.73,117.8648515
12/2/09,6.59,115.2450555
12/1/09,6.41,112.1050279
11/30/09,6.32,110.3551765
11/27/09,6.29,109.7357947
11/25/09,6.08,106.0606308
11/24/09,5.98,104.1613257
11/23/09,6.03,105.1138411
11/20/09,6.1,106.4376668
11/19/09,6.14,106.776586
11/18/09,6.03,104.9578095
11/17/09,6.08,105.711708
11/16/09,6.28,109.2567558
11/13/09,6.66,115.7709605
11/12/09,6.77,117.5724942
11/10/09,7.08,122.9123667
11/9/09,7.15,124.0708061
11/6/09,7.14,123.8251971
11/5/09,7.56,130.9771734
11/4/09,7.85,135.9346188
11/3/09,8.05,139.3404401
11/2/09,7.89,136.4384186
10/30/09,7.78,134.3707062
10/29/09,7.9,136.5080124
10/28/09,7.62,131.5483492
10/27/09,7.86,135.602206
10/26/09,8.32,143.7441849
10/23/09,7.99,138.0704977
10/22/09,7.74,133.2940323
10/21/09,7.82,134.3306373
10/20/09,7.57,130.1507035
10/19/09,8.03,137.9842678
10/16/09,8.05,138.2793231
10/15/09,8.52,146.1950586
10/14/09,8.23,141.090638
10/13/09,7.62,130.8337963
10/9/09,7.56,129.4988936
10/8/09,7.05,120.3208459
10/7/09,7,119.4902227
10/6/09,7.38,125.9725558
10/5/09,7.47,127.3319282
10/2/09,7.56,128.8168958
10/1/09,8.19,139.2628254
9/30/09,7.99,136.1002096
9/29/09,7.87,133.921887
9/28/09,7.82,132.9836928
9/25/09,7.51,127.7253433
9/24/09,7.46,126.7942455
9/23/09,7.79,132.4393043
9/22/09,8.08,137.2369722
9/21/09,8.17,145.5456025
9/18/09,8.16,145.3475106
9/17/09,8.4,149.3053749
9/16/09,8.69,154.5000267
9/15/09,8.37,148.7561899
9/14/09,8.37,148.7715912
9/11/09,8.1,143.6605084
9/10/09,8.11,143.6791668
9/9/09,8.26,146.3009548
9/8/09,8.42,149.2608678
9/4/09,8.25,145.9939549
9/3/09,8.3,146.6995554
9/2/09,8.32,146.7932808
9/1/09,8.83,155.6561766
8/31/09,8.41,148.3550373
8/28/09,8.13,143.369952
8/27/09,8.01,141.1131791
8/26/09,8.14,143.3318683
8/25/09,8.61,151.4787983
8/24/09,8.69,152.8776399
8/21/09,9.05,159.4933892
8/20/09,8.92,156.6276638
8/19/09,9.55,167.4865048
8/18/09,9.36,164.2084916
8/17/09,9.94,174.2353972
8/14/09,9.47,166.3092586
8/13/09,10.02,175.7694853
8/12/09,10.56,185.4061498
8/11/09,10.76,188.4405379
8/10/09,10.51,184.5931567
8/7/09,10.59,185.8158736
8/6/09,10.84,189.7453559
8/5/09,10.54,184.2221517
8/4/09,10.46,183.0150147
8/3/09,10.53,183.8281879
7/31/09,9.75,169.7812294
7/30/09,9.83,170.9854848
7/29/09,9.78,170.387384
7/28/09,10.13,176.4047181
7/27/09,10.42,181.5688558
7/24/09,9.97,173.2917153
7/23/09,10.34,179.0287258
7/22/09,9.91,171.7012632
7/21/09,10.16,175.989583
7/20/09,10.64,184.6724673
7/17/09,10.72,185.6453389
7/16/09,10.58,183.0271924
7/15/09,10.89,188.4616726
7/14/09,10.69,184.8503158
7/13/09,10.03,172.9174378
7/10/09,9.7,167.0650772
7/9/09,9.57,164.6663661
7/8/09,9.6,165.2164663
7/7/09,9.86,169.6934909
7/6/09,9.72,167.4349556
7/2/09,9.18,157.9918622
7/1/09,10.3,176.977186
6/30/09,10.44,179.5065019
6/29/09,10.24,175.6966682
6/26/09,10.05,172.6827885
6/25/09,10.09,172.9596879
6/24/09,10.98,188.5566391
6/23/09,11.63,199.2107611
6/22/09,12.12,207.6755841
6/19/09,12.01,205.9189541
6/18/09,12.13,207.9731941
6/17/09,11.35,194.507529
6/16/09,11.14,190.2148683
6/15/09,11.16,190.780469
6/12/09,11.22,191.9372244
6/11/09,11.5,196.4381362
6/10/09,11.88,203.1941531
6/9/09,11.58,197.8184486
6/8/09,11.78,201.0587921
6/5/09,11.14,189.93543
6/4/09,10.97,186.6328009
6/3/09,10.95,185.6208256
6/2/09,11.85,200.9192854
6/1/09,12.96,219.4906371
5/29/09,10.96,185.4863223
5/28/09,11.88,200.4522288
5/27/09,12.29,208.5926113
5/26/09,11.62,196.9198732
5/22/09,10.98,185.0558183
5/21/09,10.25,172.4747854
5/20/09,9.37,157.1005815
5/19/09,9.34,156.7084705
5/18/09,9.16,153.7753705
5/15/09,8.92,149.4485919
5/14/09,8.97,149.741772
5/13/09,9.46,161.6430737
5/12/09,9.42,160.8764426
5/11/09,9.64,164.4497881
5/8/09,9.38,160.1450706
5/7/09,9.33,159.6004958
5/6/09,8.94,152.3157999
5/5/09,8.85,150.7685884
5/4/09,9.43,160.5066115
5/1/09,9.43,160.3639663
4/30/09,9.28,157.5261307
4/29/09,9.67,164.3416543
4/28/09,9.74,165.0834024
4/27/09,9.38,158.7471083
4/24/09,9.39,159.0052465
4/23/09,8.89,150.1656612
4/22/09,9.1,153.5519274
4/21/09,8.5,143.4075619
4/20/09,8.04,135.4917026
4/17/09,7.7,129.9781768
4/16/09,7.44,125.1353912
4/15/09,7.09,119.1109507
4/14/09,7.36,123.5522691
4/13/09,8.08,135.7776455
4/9/09,8.21,137.9306079
4/8/09,8.01,134.3236737
4/7/09,8.29,138.9033316
4/6/09,8.71,145.9105819
4/3/09,8.67,144.9883165
4/2/09,8.16,136.3688963
4/1/09,8.17,136.1895372
3/31/09,8.72,145.1472634
3/30/09,9.13,152.1319756
3/27/09,9.05,150.7815497
3/26/09,9.49,158.0169121
3/25/09,9.47,157.8000856
3/24/09,8.98,149.6549124
3/23/09,8.9,147.6856664
3/20/09,8.41,146.2066318
3/19/09,8.72,151.3158872
3/18/09,11.62,201.4714898
3/17/09,11.92,198.3609538
3/16/09,11.27,196.1095822
3/13/09,11.26,195.6306379
3/12/09,11.31,195.9857668
3/11/09,11.14,193.1816111
3/10/09,11.47,199.3490344
3/9/09,12.01,207.8458051
3/6/09,11.94,207.1772104
3/5/09,12.35,204.7821608
3/4/09,12.62,208.3711821
3/3/09,12.36,203.4046798
3/2/09,12.27,201.9799484
2/27/09,12.02,198.2445972
2/26/09,11.55,190.8491411
2/25/09,11.82,194.6765736
2/24/09,12.23,201.3497743
2/23/09,12.99,213.3503553
2/20/09,13.32,219.2154062
2/19/09,13.02,214.0701959
2/18/09,12.8,210.3098
2/17/09,12.7,207.6951827
2/13/09,12.07,197.9930952
2/12/09,11.24,183.8974489
2/11/09,11.23,183.3410778
2/10/09,12.46,198.4528752
2/9/09,12.44,203.3394488
2/6/09,12.74,208.6717852
2/5/09,12.35,201.8844289
2/4/09,12.49,199.3282724
2/3/09,12.36,202.3721577
2/2/09,12.68,206.4878548
1/30/09,11.93,194.3204272
1/29/09,11.31,184.6351155
1/28/09,10.92,177.3159775
1/27/09,11.23,182.2620562
1/26/09,11.74,190.5649783
1/23/09,11.57,187.7027816
1/22/09,11.71,189.394318
1/21/09,11.82,191.1958077
1/20/09,11.85,191.4871956
1/16/09,10.75,173.1528999
1/15/09,9.9,159.2103168
1/14/09,9.1,146.0001444
1/13/09,9.21,147.8568746
1/12/09,9.9,159.0888355
1/9/09,9.98,160.1493257
1/8/09,10.58,169.8831752
1/7/09,10.79,173.4016764
1/6/09,11.74,187.7875151
1/5/09,13.09,209.82425
1/2/09,14.17,226.3230488
12/31/08,14.07,224.8755478
12/30/08,13.21,209.9906901
12/29/08,13.19,210.3153082
12/26/08,13,206.9427364
12/24/08,12.97,206.3520708
12/23/08,13.52,215.1940169
12/22/08,12.88,205.0897161
12/19/08,12,190.6326812
12/18/08,11.33,194.3164337
12/17/08,12.26,210.6214661
12/16/08,13.75,234.7517847
12/15/08,14.18,224.9196418
12/12/08,14.33,201.4764927
12/11/08,14.19,206.8492663
12/10/08,14.13,219.2983732
12/9/08,14.17,206.7438245
12/8/08,13.98,195.6919538
12/5/08,14.47,229.9443594
12/4/08,13.93,220.3113868
12/3/08,13.5,213.4432883
12/2/08,13.32,210.7112031
12/1/08,14.28,226.1212381
11/28/08,13.38,212.4870054
11/26/08,13.13,208.4013298
11/25/08,13.68,217.2714109
11/24/08,12.81,203.4918744
11/21/08,13.36,212.9317857
11/20/08,14.72,231.425425
11/19/08,14.11,222.8408808
11/18/08,13.56,215.5566016
11/17/08,13.24,210.1601209
11/14/08,13.03,207.0509369
11/13/08,12.43,202.8186753
11/12/08,12.57,203.9574092
11/10/08,11.69,181.8919715
11/7/08,11.39,177.6064849
11/6/08,12.09,196.0095364
11/5/08,12.18,189.27065
11/4/08,12.21,189.1196591
11/3/08,11.36,184.8384888
10/31/08,11.53,186.9959717
10/30/08,11.85,192.7156306
10/29/08,12.42,201.1356637
10/28/08,13.81,223.7126973
10/27/08,13.88,224.1463271
10/24/08,13.95,225.2702264
10/23/08,13.74,223.706817
10/22/08,12.53,202.087526
10/21/08,11.97,193.7319416
10/20/08,11.19,172.4953628
10/17/08,11.94,193.3035907
10/16/08,12.5,202.6305051
10/15/08,12.71,204.5951624
10/14/08,13.1,212.8372198
10/10/08,14.53,234.1703896
10/9/08,12.86,205.4474607
10/8/08,12.79,204.2750655
10/7/08,12.74,203.4989765
10/6/08,12.98,207.9676928
10/3/08,11.19,178.6591187
10/2/08,11.85,189.043823
10/1/08,12.12,193.4138159
9/30/08,12.9,206.1604053
9/29/08,12.88,204.6916194
9/26/08,11.58,185.6720363
9/25/08,11.23,179.1880357
9/24/08,11.62,185.7289333
9/23/08,11.38,181.1098335
9/22/08,11.23,179.1156088
9/19/08,11.01,175.906236
9/18/08,12.08,192.72021
9/17/08,12.04,190.3354326
9/16/08,11.56,199.9146545
9/15/08,11.59,199.6870124
9/12/08,9.87,171.5673211
9/11/08,9.58,166.4627445
9/10/08,9.34,161.7639414
9/9/08,9.44,163.219832
9/8/08,8.87,153.7239068
9/5/08,7.74,134.4145831
9/4/08,8.14,140.4955171
9/3/08,7.98,138.0149548
9/2/08,8.16,140.9360569
8/29/08,7.88,124.4682295
8/28/08,7.91,124.4836779
8/27/08,8.05,126.608763
8/26/08,8.28,130.2840957
8/25/08,8.34,131.1749859
8/22/08,7.95,125.2158822
8/21/08,8.31,130.6322392
8/20/08,8.17,128.3234321
8/19/08,8.25,129.5835371
8/18/08,8.44,132.4950586
8/15/08,7.84,123.0621746
8/14/08,7.83,122.8260306
8/13/08,8.05,126.2984479
8/12/08,7.65,119.9045753
8/11/08,7.73,121.2836672
8/8/08,7.44,116.5682622
8/7/08,7.49,117.1753534
8/6/08,7.55,118.3024924
8/5/08,7.76,121.5250951
8/4/08,7.96,124.5175265
8/1/08,7.79,121.7563016
7/31/08,8.02,125.2155055
7/30/08,8.39,131.1423888
7/29/08,8.29,129.526442
7/28/08,8.33,130.005726
7/25/08,7.96,124.3746537
7/24/08,7.99,124.5126719
7/23/08,8.43,131.5561109
7/22/08,8.55,133.3166808
7/21/08,8.83,137.5105914
7/18/08,8.7,135.5064159
7/17/08,8.89,138.1219434
7/16/08,8.81,136.7120154
7/15/08,9.08,153.5020076
7/14/08,8.98,152.0527834
7/11/08,9.05,140.3395126
7/10/08,7.95,134.2387173
7/9/08,7.55,116.6407302
7/8/08,7.97,123.1769334
7/7/08,8.1,125.150811
7/3/08,8.01,123.8583962
7/2/08,8.56,144.3240297
7/1/08,8.27,127.7037136
6/30/08,8.1,136.4633216
6/27/08,8.33,128.4558829
6/26/08,8.51,131.1761567
6/25/08,8.66,133.5737648
6/24/08,8.87,149.233377
6/23/08,9.42,145.331084
6/20/08,9.27,142.9778579
6/19/08,8.97,138.2710452
6/18/08,9.2,160.4554496
6/17/08,9.28,161.9189381
6/16/08,9.83,151.4818258
6/13/08,10.11,169.8381203
6/12/08,9.78,164.0215476
6/11/08,9.64,161.3287987
6/10/08,10.4,174.0684687
6/9/08,10.25,177.7683143
6/6/08,9.28,141.8013477
6/5/08,9.06,138.4968686
6/4/08,8.95,136.6215993
6/3/08,9.09,138.6001597
6/2/08,9.09,138.697845
5/30/08,8.72,145.2777586
5/29/08,9.11,151.6134616
5/28/08,8.67,144.1474163
5/27/08,8.34,143.7120882
5/23/08,7.99,137.4765044
5/22/08,7.92,136.1456027
5/21/08,7.64,131.0925563
5/20/08,7.76,133.0428048
5/19/08,7.61,130.5084491
5/16/08,7.33,125.6653552
5/15/08,7.73,132.3057185
5/14/08,8,136.9853594
5/13/08,8.13,139.1178192
5/12/08,8.09,138.1740301
5/9/08,8,136.5339967
5/8/08,8.13,138.579587
5/7/08,8.02,136.7842877
5/6/08,7.94,135.4679017
5/5/08,7.83,133.487274
5/2/08,7.43,126.6131392
5/1/08,7.46,126.8008128
4/30/08,7.87,133.6312069
4/29/08,8.23,139.7885371
4/28/08,8.41,142.7831235
4/25/08,7.88,133.7856279
4/24/08,8,135.5669553
4/23/08,7.92,134.0134354
4/22/08,7.86,132.8658087
4/21/08,7.86,132.81644
4/18/08,8.02,135.4314108
4/17/08,8.56,144.3664023
4/16/08,8.53,143.718297
4/15/08,8.19,137.8075443
4/14/08,7.92,133.0905341
4/11/08,7.78,130.6164404
4/10/08,7.75,130.0432972
4/9/08,7.72,129.3766131
4/8/08,7.45,124.9078828
4/7/08,7.63,127.8353512
4/4/08,7.78,130.1536887
4/3/08,8.18,123.8734626
4/2/08,8.49,128.5622264
4/1/08,9.01,136.2894203
3/31/08,9.3,140.2728767
3/28/08,9.13,137.7176757
3/27/08,9.45,142.5081232
3/26/08,9.99,150.4412532
3/25/08,10.14,152.7257434
3/24/08,10.14,152.7539169
3/20/08,9.62,144.3720662
3/19/08,9.83,147.2849972
3/18/08,9.58,143.778229
3/17/08,10.84,162.2763537
3/14/08,10.11,151.5165227
3/13/08,9.57,143.5219652
3/12/08,9.39,140.7233986
3/11/08,9.51,142.746968
3/10/08,10.25,153.4413562
3/7/08,10.23,153.2496565
3/6/08,10.13,151.6920669
3/5/08,9.85,147.6183929
3/4/08,10.33,178.8855535
3/3/08,10.02,173.367218
2/29/08,9.94,171.8428472
2/28/08,9.47,163.7969483
2/27/08,9.29,160.9627339
2/26/08,9.43,163.2834195
2/25/08,10.07,174.4185859
2/22/08,9.99,172.7392734
2/21/08,9.9,170.8756682
2/20/08,10.07,174.0050657
2/19/08,9.91,171.1638111
2/15/08,9.62,165.7963372
2/14/08,9.66,166.2190544
2/13/08,9.27,159.371664
2/12/08,9.4,161.4464624
2/11/08,9.56,164.0537203
2/8/08,9.46,162.2886172
2/7/08,8.99,154.2116101
2/6/08,9.08,155.4492674
2/5/08,9.22,157.7428188
2/4/08,8.84,151.3390184
2/1/08,8.56,146.3978415
1/31/08,9.19,156.969864
1/30/08,8.63,147.454375
1/29/08,9.38,160.2242069
1/28/08,10.14,172.9559797
1/25/08,10.08,171.8121716
1/24/08,10.28,175.2518468
1/23/08,10.01,170.3530368
1/22/08,9.23,156.7489585
1/18/08,8.05,136.9626386
1/17/08,7.7,130.7705685
1/16/08,7.55,128.3265069
1/15/08,7.65,129.8912416
1/14/08,7.67,130.2967407
1/11/08,7.54,128.0366885
1/10/08,7.19,122.0645045
1/9/08,7.57,128.3840894
1/8/08,7.57,128.2523329
1/7/08,7.59,128.6155161
1/4/08,7.78,131.8293628
1/3/08,8.06,136.4823074
1/2/08,8.38,141.8482103
12/31/07,8.48,143.6594233
12/28/07,8.05,136.3148555
12/27/07,7.92,134.1031077
12/26/07,7.79,131.9408766
12/24/07,8.33,140.9305535
12/21/07,7.88,133.1191351
12/20/07,8.47,142.7137565
12/19/07,8.12,142.498553
12/18/07,7.94,139.40437
12/17/07,7.73,135.6841466
12/14/07,7.81,137.1751168
12/13/07,8.08,141.6679037
12/12/07,8.15,142.6794465
12/11/07,8.32,145.382949
12/10/07,8.19,143.3846927
12/7/07,8.05,140.8063707
12/6/07,8.26,144.110699
12/5/07,8.74,152.3425311
12/4/07,8.93,155.5194775
12/3/07,8.77,152.6068674
11/30/07,8.18,142.4281927
11/29/07,8.53,148.3326683
11/28/07,8.18,142.3322528
11/27/07,8.98,156.0463614
11/26/07,8.97,155.5973448
11/23/07,8.13,141.218829
11/21/07,8.17,141.7347871
11/20/07,7.51,130.283336
11/19/07,7.43,128.7977331
11/16/07,6.93,120.2227178
11/15/07,7.19,124.5193222
11/14/07,6.34,109.8867202
11/13/07,6.62,114.7002973
11/8/07,7.35,127.069254
11/7/07,6.98,120.6684153
11/6/07,6.45,111.5531278
11/5/07,6.46,111.6310395
11/2/07,6.5,112.2607045
11/1/07,6.17,106.4583149
10/31/07,5.89,101.7202851
10/30/07,5.95,102.5906681
10/29/07,6.23,107.3696578
10/26/07,6.09,104.9367563
10/25/07,6.27,107.8605372
10/24/07,6.44,110.6885611
10/23/07,5.76,99.02969067
10/22/07,5.84,100.3685376
10/19/07,5.56,95.47638992
10/18/07,5.23,89.78793184
10/17/07,5.54,95.13418227
10/16/07,5.18,89.0136476
10/15/07,5.19,89.18101996
10/12/07,4.92,84.50914916
10/11/07,5.07,86.9226377
10/10/07,5.09,87.23392754
10/9/07,5.25,89.93557039
10/4/07,5.75,98.1182454
10/3/07,5.78,98.62878795
10/2/07,5.98,101.9542102
10/1/07,6.13,104.4990313
9/28/07,6.2,105.6773673
9/27/07,6.2,105.4994622
9/26/07,6.19,105.3470515
9/25/07,6.36,108.1939999
9/24/07,5.84,99.31047934
9/21/07,5.83,99.08903205
9/20/07,6.18,104.9701792
9/19/07,6,107.4706767
9/18/07,6.89,123.2631453
9/17/07,7.44,133.0637609
9/14/07,7.54,134.772276
9/13/07,7.4,132.0958586
9/12/07,7.53,134.2544417
9/11/07,7.51,133.7719235
9/10/07,7.86,139.8448299
9/7/07,7.09,126.1574447
9/6/07,7.05,125.4706812
9/5/07,7.31,129.9528186
9/4/07,6.91,122.936093
8/31/07,6.64,118.0680641
8/30/07,6.88,122.0560173
8/29/07,6.62,117.4966133
8/28/07,6.78,120.1854645
8/27/07,6.46,114.5840129
8/24/07,6.45,114.4062821
8/23/07,6.78,120.1066412
8/22/07,7.04,124.6444186
8/21/07,7.43,131.394167
8/20/07,7.38,130.5206112
8/17/07,7.03,124.3555212
8/16/07,7.6,134.2409083
8/15/07,6.68,118.0238206
8/14/07,6.82,120.4876516
8/13/07,6.99,123.4935536
8/10/07,7.06,124.7402257
8/9/07,7.02,123.8348527
8/8/07,5.95,105.0364728
8/7/07,6.14,108.2103216
8/6/07,6.6,116.2188589
8/3/07,6.31,110.991671
8/2/07,6.29,110.6002862
8/1/07,6.49,114.1020529
7/31/07,6.06,106.4284023
7/30/07,6.44,113.1171968
7/27/07,6.85,120.1889227
7/26/07,7.7,134.9281555
7/25/07,5.8,101.7393187
7/24/07,5.51,96.62846413
7/23/07,5.35,93.82651068
7/20/07,5.29,92.72604695
7/19/07,4.87,85.31824079
7/18/07,5,87.55979121
7/17/07,4.98,87.19963943
7/16/07,5.1,89.23222207
7/13/07,5.01,87.68452965
7/12/07,5.23,91.42988709
7/11/07,5.31,92.74186746
7/10/07,5.18,90.37459336
7/9/07,4.8,83.81830421
7/6/07,4.87,85.03981269
7/5/07,4.88,85.04925971
7/3/07,4.87,84.74626428
7/2/07,4.72,81.99917554
6/29/07,4.85,84.25248887
6/28/07,4.92,85.43272329
6/27/07,5.26,91.26172306
6/26/07,5.35,92.77738014
6/25/07,5.25,90.99827257
6/22/07,5.33,92.40433533
6/21/07,5.47,94.76337952
6/20/07,5.04,89.2129233
6/19/07,4.61,81.51479825
6/18/07,4.85,85.7755806
6/15/07,4.9,86.63567525
6/14/07,5.49,97.00805109
6/13/07,6.04,106.6361406
6/12/07,6.08,107.3889293
6/11/07,5,88.1525085
6/8/07,5.37,94.58896599
6/7/07,4.72,83.05786427
6/6/07,4.31,75.67988333
6/5/07,4.19,73.56945075
6/4/07,4.04,70.85936388
6/1/07,4.07,71.35959038
5/31/07,4.38,76.6354855
5/30/07,4.19,73.24841965
5/29/07,4.25,74.28257312
5/25/07,4.03,70.3791271
5/24/07,4.08,71.10598852
5/23/07,4.05,70.55239895
5/22/07,4.1,71.3809728
5/21/07,4.04,70.26970078
5/18/07,4.05,70.41678914
5/17/07,3.83,66.46522389
5/16/07,3.74,64.84191634
5/15/07,3.89,67.40665983
5/14/07,3.9,67.54473987
5/11/07,3.74,64.72191988
5/10/07,3.76,64.95068904
5/9/07,3.72,64.25442215
5/8/07,3.86,66.6117027
5/7/07,3.8,65.54417634
5/4/07,3.81,65.69069564
5/3/07,3.9,67.17632831
5/2/07,3.98,
5/1/07,4.2,72.24457866
4/30/07,4.23,72.71987753
4/27/07,4.03,69.30535386
4/26/07,4.22,72.47447146
4/25/07,4.02,68.97537593
4/24/07,4.14,70.97507018
4/23/07,4.23,72.49573561
4/20/07,4.02,68.88989989
4/19/07,4.04,69.13431834
4/18/07,3.97,67.90099919
4/17/07,4.13,70.63194994
4/16/07,4.19,71.67299077
4/13/07,4.12,70.4535222
4/12/07,4.05,69.14852851
4/11/07,4.09,69.79653627
4/10/07,4.29,73.15690353
4/9/07,4.4,75.02216585
4/6/07,4.24,72.32415454
4/5/07,4.54,77.31455264
4/4/07,4.64,78.84378725
4/3/07,4.57,77.64062728
4/2/07,4.79,81.31629472
3/30/07,4.77,80.94002981
3/29/07,4.72,79.97949536
3/28/07,4.98,84.31974202
3/27/07,5.1,86.300765
3/26/07,5.02,84.91270053
3/23/07,4.8,81.15940583
3/22/07,4.58,77.3207289
3/21/07,4.75,84.17058963
3/20/07,4.89,86.62742925
3/19/07,4.95,87.65825896
3/16/07,4.84,85.65713127
3/15/07,5.06,89.41886571
3/14/07,5.23,92.36176289
3/13/07,5.23,92.29004224
3/12/07,5.03,88.78453099
3/9/07,4.63,81.72525779
3/8/07,5.24,92.27398177
3/7/07,5.25,92.39212081
3/6/07,5.05,88.85875863
3/5/07,5.66,99.52151101
3/2/07,5.7,100.1763104
3/1/07,5.37,94.29664737
2/28/07,4.99,87.5962885
2/27/07,5.23,91.71150957
2/26/07,4.61,80.90671939
2/23/07,4.43,77.75008091
2/22/07,4.25,74.53283898
2/21/07,4.31,75.52583917
2/20/07,4.4,77.04410332
2/16/07,4.26,74.58009222
2/15/07,4.22,73.74698892
2/14/07,4.11,71.81811408
2/13/07,4.36,76.2076382
2/12/07,4.27,74.5940659
2/9/07,4.17,72.80150832
2/8/07,4.18,72.83551319
2/7/07,4.24,73.84705114
2/6/07,4.12,71.73450016
2/5/07,3.92,68.25086019
2/2/07,3.91,68.06541594
2/1/07,4.23,73.53862247
1/31/07,4.22,73.30243915
1/30/07,4.31,74.88606204
1/29/07,4.21,73.12414044
1/26/07,4.12,71.51753297
1/25/07,4.17,72.28369204
1/24/07,4.15,71.85993417
1/23/07,4.12,71.30924864
1/22/07,4.06,70.20413645
1/19/07,3.97,68.62222024
1/18/07,4.08,70.39733896
1/17/07,4.21,72.63467601
1/16/07,4.37,75.32895453
1/12/07,4.29,73.94133898
1/11/07,4.38,75.31918402
1/10/07,4.23,72.67089596
1/9/07,4.18,71.75493398
1/8/07,4.29,73.60711815
1/5/07,4.27,73.2272081
1/4/07,4.55,77.88705399
1/3/07,4.62,79.10382088
1/2/07,4.81,82.34377073
12/29/06,4.52,77.35054198
12/28/06,4.33,73.95221606
12/27/06,4.21,71.84274235
12/26/06,4.29,73.12446263
12/22/06,4.07,69.36077201
12/21/06,4.01,68.1468362
12/20/06,3.96,67.30951374
12/19/06,4.15,73.53082542
12/18/06,4.2,74.37711022
12/15/06,4.21,74.52568481
12/14/06,4.34,76.71977613
12/13/06,4.37,77.20443182
12/12/06,4.3,75.84954058
12/11/06,4.43,78.14248157
12/8/06,4.49,79.18117914
12/7/06,4.79,84.29317098
12/6/06,4.7,82.67343417
12/5/06,4.7,82.59337318
12/4/06,4.79,84.12760064
12/1/06,4.74,83.21419523
11/30/06,4.76,83.47312187
11/29/06,4.56,79.99336011
11/28/06,4.7,82.38499184
11/27/06,4.66,81.67832686
11/24/06,4.55,79.72272971
11/22/06,4.21,73.68199214
11/21/06,4.3,75.19200779
11/20/06,4.47,78.1409806
11/17/06,4.48,78.28105242
11/16/06,4.37,76.3208267
11/15/06,4.5,78.51405255
11/14/06,4.59,80.00076781
11/13/06,4.63,80.69785387
11/10/06,4.34,75.59696214
11/9/06,4.32,75.23607663
11/8/06,4.41,76.69058733
11/7/06,4.29,74.59543073
11/6/06,4.21,73.20486626
11/3/06,4.19,72.84332016
11/2/06,4.53,78.5376367
11/1/06,4.62,80.02975777
10/31/06,4.45,77.08257703
10/30/06,4.37,75.72203441
10/27/06,4.39,76.03396474
10/26/06,4.23,73.19365425
10/25/06,4.08,70.60189586
10/24/06,4.1,70.96532256
10/23/06,4.23,73.18449586
10/20/06,4.02,69.4879748
10/19/06,4.15,71.63274413
10/18/06,4.11,70.88188341
10/17/06,4.39,75.69221015
10/16/06,4.28,73.76874077
10/13/06,4.17,71.86201765
10/12/06,4.14,71.21906663
10/11/06,4.23,72.75021668
10/10/06,4.23,72.69051975
10/5/06,4.31,73.77271634
10/4/06,4.26,72.84982323
10/3/06,4.23,72.33941479
10/2/06,4.35,74.35229531
9/29/06,4.29,73.31890527
9/28/06,4.35,74.23219351
9/27/06,4.54,77.41952124
9/26/06,4.66,79.42575422
9/25/06,4.89,83.27401787
9/22/06,4.93,83.94999858
9/21/06,4.33,73.67508014
9/20/06,4.06,70.87519597
9/19/06,4.15,72.41116362
9/18/06,4.09,71.38472043
9/15/06,4.14,72.21513477
9/14/06,4.4,76.63874961
9/13/06,4.39,76.39884443
9/12/06,4.33,75.34018618
9/11/06,4.34,75.49214014
9/8/06,4.31,74.92166488
9/7/06,4.25,73.78244785
9/6/06,4.32,74.96749221
9/5/06,4.26,73.88468655
9/1/06,4.14,71.73215194
8/31/06,4.41,76.27315921
8/30/06,4.3,74.36468731
8/29/06,4.2,72.6311865
8/28/06,4.1,70.87026092
8/25/06,4.06,70.13700579
8/24/06,4.01,69.18532602
8/23/06,4.24,73.12017478
8/22/06,4.21,72.56510473
8/21/06,4.23,72.87829387
8/18/06,4.08,70.28333357
8/17/06,4.07,70.02170981
8/16/06,4.12,70.84349863
8/15/06,4.28,73.6218925
8/14/06,4.29,73.81508433
8/11/06,4.14,71.17511102
8/10/06,4.13,70.87174387
8/9/06,4.15,71.17887788
8/8/06,4.22,72.34021554
8/7/06,4.41,75.565226
8/4/06,4.23,72.43417565
8/3/06,4.57,78.20801203
8/2/06,4.47,76.45888236
8/1/06,4.44,75.9134267
7/31/06,4.45,76.05112114
7/28/06,4.31,73.62876554
7/27/06,4.29,73.23255392
7/26/06,4.36,74.38977074
7/25/06,4.26,72.67884429
7/24/06,4.37,74.51186226
7/21/06,4.53,77.20342588
7/20/06,4.44,75.55894036
7/19/06,4.52,76.90982999
7/18/06,4.87,82.89731933
7/17/06,4.92,83.64400792
7/14/06,4.8,81.5652597
7/13/06,4.85,82.31562822
7/12/06,4.57,77.55648308
7/11/06,4.52,76.67154441
7/10/06,4.5,76.32136018
7/7/06,4.5,76.28667102
7/6/06,4.66,78.9360789
7/5/06,4.73,80.11342581
7/3/06,4.74,80.18511143
6/30/06,4.6,77.73735989
6/29/06,4.61,77.84900539
6/28/06,4.73,79.89013295
6/27/06,4.69,79.14541479
6/26/06,4.93,83.18527209
6/23/06,4.86,81.96330985
6/22/06,4.89,82.34414878
6/21/06,4.67,82.47136114
6/20/06,4.68,82.60240028
6/19/06,4.68,82.55087208
6/16/06,4.55,80.21369444
6/15/06,4.6,80.95831722
6/14/06,4.58,80.53396011
6/13/06,4.75,83.38737534
6/12/06,4.76,83.52907087
6/9/06,4.53,79.45349412
6/8/06,4.77,83.56620362
6/7/06,4.61,80.73842742
6/6/06,4.74,82.96081399
6/5/06,4.72,82.57930381
6/2/06,4.68,81.82174451
6/1/06,4.65,81.28022101
5/31/06,4.9,85.62213743
5/30/06,5.03,87.79902958
5/26/06,4.96,86.51596099
5/25/06,5.06,88.10175064
5/24/06,5.27,91.6952316
5/23/06,5.02,87.27794548
5/22/06,5.24,91.08712446
5/19/06,4.91,85.32240642
5/18/06,4.94,85.71770528
5/17/06,4.92,85.40649007
5/16/06,4.83,83.76832267
5/15/06,4.98,86.39325849
5/12/06,4.93,85.52664477
5/11/06,4.71,81.54655171
5/10/06,4.59,79.40470221
5/9/06,4.78,82.65069581
5/8/06,4.67,80.70571196
5/5/06,4.47,77.20435472
5/4/06,4.69,80.93193029
5/3/06,4.89,84.33517523
5/2/06,4.82,83.05523397
5/1/06,4.83,83.21725728
4/28/06,4.52,77.76739955
4/27/06,4.65,79.91570513
4/26/06,4.8,82.49907926
4/25/06,4.88,83.81574422
4/24/06,4.77,81.8001025
4/21/06,4.62,79.21644358
4/20/06,4.7,80.49894685
4/19/06,4.79,81.99375466
4/18/06,4.95,84.6634268
4/17/06,5.13,87.73823649
4/13/06,4.87,83.28777956
4/12/06,4.79,81.71943721
4/11/06,4.75,80.9599542
4/10/06,4.81,81.9571797
4/7/06,4.91,83.64922491
4/6/06,4.75,80.74823051
4/5/06,4.64,78.80877334
4/4/06,4.76,80.83512079
4/3/06,4.92,83.51288941
3/31/06,4.78,81.09243289
3/30/06,5.07,85.89784395
3/29/06,4.84,81.92652475
3/28/06,4.71,79.6830921
3/27/06,4.64,78.38824144
3/24/06,4.53,76.46606188
3/23/06,4.58,77.27476622
3/22/06,4.48,79.08009311
3/21/06,4.67,82.40196784
3/20/06,4.69,82.65608042
3/17/06,4.63,81.56976307
3/16/06,4.55,80.03221132
3/15/06,4.68,82.36767486
3/14/06,4.54,79.83357121
3/13/06,4.74,83.39497676
3/10/06,4.44,78.05860771
3/9/06,4.79,84.08026269
3/8/06,4.95,86.84880643
3/7/06,5.01,87.86106647
3/6/06,4.97,87.14989089
3/3/06,4.57,80.05134767
3/2/06,4.78,83.56526768
3/1/06,4.46,77.89647666
2/28/06,4.41,76.95621005
2/27/06,4.31,75.21584991
2/24/06,4.12,71.85935666
2/23/06,4.31,75.04155546
2/22/06,4.22,73.40561071
2/21/06,4.39,76.35964173
2/17/06,4.33,75.25242216
2/16/06,4.38,76.0138889
2/15/06,4.48,77.73476857
2/14/06,4.88,84.63558082
2/13/06,4.96,85.95204184
2/10/06,4.83,83.68658624
2/9/06,4.78,82.65055975
2/8/06,4.87,84.18536701
2/7/06,4.8,82.9075853
2/6/06,4.78,82.51764401
2/3/06,4.73,81.59302311
2/2/06,4.96,85.46957994
2/1/06,5.04,86.81071103
1/31/06,5.03,86.55729311
1/30/06,5.05,86.86109091
1/27/06,4.86,83.53362113
1/26/06,5.11,87.70953314
1/25/06,4.94,84.71731172
1/24/06,4.75,81.35202733
1/23/06,4.79,81.96990684
1/20/06,4.62,79.0236285
1/19/06,4.67,79.79153081
1/18/06,4.61,78.68292935
1/17/06,4.64,79.15294586
1/13/06,4.47,76.24169418
1/12/06,4.56,77.66986982
1/11/06,4.46,75.96782819
1/10/06,4.5,76.58636435
1/9/06,4.47,76.00216078
1/6/06,4.45,75.63061884
1/5/06,4.73,80.25359513
1/4/06,4.8,81.40099114
1/3/06,5.14,87.13659316
12/30/05,4.97,
12/29/05,4.82,
12/28/05,4.85,
12/27/05,4.75,
12/23/05,4.58,
12/22/05,4.32,
12/21/05,4.5,
12/20/05,4.23,
12/19/05,4.24,
12/16/05,4.48,
12/15/05,4.67,
12/14/05,4.72,
12/13/05,4.86,
12/12/05,5.08,
12/9/05,4.78,
12/8/05,4.89,
12/7/05,4.74,
12/6/05,4.89,
12/5/05,4.95,
12/2/05,4.82,
12/1/05,5.25,
11/30/05,5.32,
11/29/05,5.26,
11/28/05,5.14,
11/25/05,5.18,
11/23/05,5.25,
11/22/05,5.19,
11/21/05,5.11,
11/18/05,5.27,
11/17/05,5.38,
11/16/05,5.29,
11/15/05,5.5,
11/14/05,5.64,
11/9/05,5.61,
11/8/05,5.34,
11/7/05,5.33,
11/4/05,5.38,
11/3/05,5.5,
11/2/05,5.37,
11/1/05,5.35,
10/31/05,5.56,
10/28/05,5.37,
10/27/05,5.43,
10/26/05,5.48,
10/25/05,5.07,
10/24/05,5.06,
10/21/05,4.99,
10/20/05,5.09,
10/19/05,5.13,
10/18/05,5.2,
10/17/05,5.43,
10/14/05,5.45,
10/13/05,5.55,
10/12/05,5.24,
10/11/05,5.23,
10/6/05,5.19,
10/5/05,5.26,
10/4/05,5.37,
10/3/05,5.44,
9/30/05,5.26,
9/29/05,5.12,
9/28/05,5.18,
9/27/05,5.19,
9/26/05,5.3,
9/23/05,5.29,
9/22/05,5.23,
9/21/05,5.34,
9/20/05,5.24,
9/19/05,5.61,
9/16/05,5.54,
9/15/05,5.48,
9/14/05,5.34,
9/13/05,5.32,
9/12/05,5.37,
9/9/05,5.25,
9/8/05,5.37,
9/7/05,5.6,
9/6/05,5.56,
9/2/05,5.39,
9/1/05,5.62,
8/31/05,5.43,
8/30/05,5.43,
8/29/05,5.42,
8/26/05,5.31,
8/25/05,5.19,
8/24/05,5.2,
8/23/05,5.3,
8/22/05,5.22,
8/19/05,5.31,
8/18/05,5.27,
8/17/05,5.29,
8/16/05,5.21,
8/15/05,5.28,
8/12/05,5.13,
8/11/05,4.99,
8/10/05,5.11,
8/9/05,5.29,
8/8/05,5.47,
8/5/05,5.35,
8/4/05,5.41,
8/3/05,5.42,
8/2/05,5.66,
8/1/05,5.72,
7/29/05,5.54,
7/28/05,5.37,
7/27/05,5.47,
7/26/05,5.46,
7/25/05,5.61,
7/22/05,5.32,
7/21/05,5.69,
7/20/05,5.47,
7/19/05,5.62,
7/18/05,5.71,
7/15/05,5.5,
7/14/05,5.56,
7/13/05,5.66,
7/12/05,5.76,
7/11/05,5.87,
7/8/05,5.71,
7/7/05,6.14,
7/6/05,6.07,
7/5/05,6.08,
7/1/05,5.64,
6/30/05,5.42,
6/29/05,5.71,
6/28/05,5.86,
6/27/05,5.82,
6/24/05,5.63,
6/23/05,5.42,
6/22/05,5.55,
6/21/05,5.21,
6/20/05,5.41,
6/17/05,5.28,
6/16/05,5.31,
6/15/05,5.43,
6/14/05,5.68,
6/13/05,5.74,
6/10/05,5.67,
6/9/05,5.52,
6/8/05,5.86,
6/7/05,6.02,
6/6/05,5.82,
6/3/05,5.67,
6/2/05,5.77,
6/1/05,5.67,
5/31/05,5.65,
5/27/05,5.2,
5/26/05,5.32,
5/25/05,5.43,
5/24/05,5.4,
5/23/05,5.38,
5/20/05,4.95,
5/19/05,5.25,
5/18/05,5.36,
5/17/05,5.87,
5/16/05,6.03,
5/13/05,5.75,
5/12/05,5.67,
5/11/05,5.76,
5/10/05,5.52,
5/9/05,5.5,
5/6/05,5.42,
5/5/05,5.55,
5/4/05,5.53,
5/3/05,5.64,
5/2/05,5.92,
4/29/05,5.94,
4/28/05,5.55,
4/27/05,5.48,
4/26/05,5.47,
4/25/05,5.39,
4/22/05,5.57,
4/21/05,5.78,
4/20/05,5.51,
4/19/05,5.78,
4/18/05,5.86,
4/15/05,5.59,
4/14/05,5.06,
4/13/05,5.08,
4/12/05,5.12,
4/11/05,5.27,
4/8/05,5.26,
4/7/05,5.33,
4/6/05,5.17,
4/5/05,5.08,
4/4/05,5.1,
4/1/05,5.08,
3/31/05,5.79,
3/30/05,5.98,
3/29/05,6.09,
3/28/05,6.25,
3/24/05,5.93,
3/23/05,6.03,
3/22/05,6.19,
3/21/05,6.26,
3/18/05,6.09,
3/17/05,6.21,
3/16/05,6.22,
3/15/05,6.09,
3/14/05,6.18,
3/11/05,6.04,
3/10/05,5.76,
3/9/05,6.31,
3/8/05,5.48,
3/7/05,4.96,
3/4/05,5.12,
3/3/05,6.31,
3/2/05,6.28,
3/1/05,6.15,
2/28/05,6.24,
2/25/05,5.59,
2/24/05,5.46,
2/23/05,5.45,
2/22/05,5.71,
2/18/05,5.14,
2/17/05,4.95,
2/16/05,5.13,
2/15/05,5.92,
2/14/05,5.8,
2/11/05,5.74,
2/10/05,5.59,
2/9/05,5.42,
2/8/05,4.99,
2/7/05,4.88,
2/4/05,4.98,
2/3/05,5.43,
2/2/05,5.37,
2/1/05,5.43,
1/31/05,5.61,
1/28/05,5.45,
1/27/05,5.68,
1/26/05,5.5,
1/25/05,5.38,
1/24/05,5.28,
1/21/05,5.1,
1/20/05,5.22,
1/19/05,5.25,
1/18/05,5.43,
1/14/05,5.13,
1/13/05,5.17,
1/12/05,5.23,
1/11/05,5.35,
1/10/05,5.45,
1/7/05,5.43,
1/6/05,6,
1/5/05,5.95,
1/4/05,6.14,
1/3/05,6.02,
12/31/04,6.16,
12/30/04,6.3,
12/29/04,6.4,
12/28/04,6.05,
12/27/04,6.13,
12/23/04,5.6,
12/22/04,5.63,
12/21/04,5.68,
12/20/04,5.79,
12/17/04,6.11,
12/16/04,6.21,
12/15/04,5.72,
12/14/04,5.7,
12/13/04,5.85,
12/10/04,5.7,
12/9/04,5.55,
12/8/04,5.41,
12/7/04,5.34,
12/6/04,5.54,
12/3/04,5.71,
12/2/04,6.73,
12/1/04,6.71,
11/30/04,6.8,
11/29/04,6.8,
11/26/04,6.76,
11/24/04,6.33,
11/23/04,6.44,
11/22/04,6.49,
11/19/04,6.26,
11/18/04,5.96,
11/17/04,6.08,
11/16/04,6.21,
11/15/04,6.1,
11/12/04,6,
11/9/04,6,
11/8/04,6.09,
11/5/04,5.99,
11/4/04,6.32,
11/3/04,6.46,
11/2/04,6.69,
11/1/04,6.94,
10/29/04,6.43,
10/28/04,6.46,
10/27/04,6.43,
10/26/04,6.28,
10/25/04,6.28,
10/22/04,5.84,
10/21/04,5.77,
10/20/04,5.99,
10/19/04,5.79,
10/18/04,5.51,
10/15/04,5.9,
10/14/04,5.87,
10/13/04,5.91,
10/12/04,6.12,
10/7/04,6.84,
10/6/04,6.54,
10/5/04,6.36,
10/4/04,6.44,
10/1/04,6.52,
9/30/04,6.7,
9/29/04,6.67,
9/28/04,6.78,
9/27/04,6.84,
9/24/04,6.65,
9/23/04,6.93,
9/22/04,6.45,
9/21/04,6.27,
9/20/04,6.57,
9/17/04,6.51,
9/16/04,6.54,
9/15/04,6.5,
9/14/04,6.41,
9/13/04,6.49,
9/10/04,6.28,
9/9/04,6.41,
9/8/04,6.62,
9/7/04,6.64,
9/3/04,6.36,
9/2/04,8.26,
9/1/04,8.05,
8/31/04,7.97,
8/30/04,7.37,
8/27/04,7.36,
8/26/04,7.4,
8/25/04,7.74,
8/24/04,7.81,
8/23/04,7.69,
8/20/04,7.57,
8/19/04,7.58,
8/18/04,7.66,
8/17/04,7.41,
8/16/04,6.85,
8/13/04,6.7,
8/12/04,6.69,
8/11/04,6.69,
8/10/04,6.79,
8/9/04,7.02,
8/6/04,6.85,
8/5/04,7.87,
8/4/04,7.69,
8/3/04,7.52,
8/2/04,7.57,
7/30/04,7.24,
7/29/04,7.42,
7/28/04,7.4,
7/27/04,7.39,
7/26/04,6.76,
7/23/04,6.51,
7/22/04,6.52,
7/21/04,6.64,
7/20/04,6.95,
7/19/04,7.04,
7/16/04,6.9,
7/15/04,7.39,
7/14/04,7.43,
7/13/04,7.63,
7/12/04,7.41,
7/9/04,6.92,
7/8/04,6.81,
7/7/04,6.61,
7/6/04,6.91,
7/2/04,6.6,
7/1/04,6.88,
6/30/04,7.19,
6/29/04,7.58,
6/28/04,7.61,
6/25/04,7.4,
6/24/04,7.54,
6/23/04,7.64,
6/22/04,7.04,