Date,Close
1/2/03,9.06
1/3/03,8.69
1/6/03,8.71
1/7/03,8.15
1/8/03,7.85
1/9/03,8.19
1/10/03,8
1/13/03,8.06
1/14/03,7.79
1/15/03,7.71
1/16/03,7.77
1/17/03,7.57
1/21/03,7.69
1/22/03,7.31
1/23/03,7.48
1/24/03,7.64
1/27/03,8.41
1/28/03,8.4
1/29/03,8.29
1/30/03,8.45
1/31/03,7.95
2/3/03,8.38
2/4/03,8.32
2/5/03,8.47
2/6/03,8.29
2/7/03,8.3
2/10/03,8.61
2/11/03,8.31
2/12/03,8.36
2/13/03,8.79
2/14/03,8.89
2/18/03,8.83
2/19/03,8.53
2/20/03,8.57
2/21/03,8.23
2/24/03,8.08
2/25/03,8.01
2/26/03,8.05
2/27/03,8.05
2/28/03,8.26
3/3/03,8.01
3/4/03,8
3/5/03,7.94
3/6/03,8
3/7/03,8.05
3/10/03,8.34
3/11/03,8.06
3/12/03,8.1
3/13/03,8.4
3/14/03,8.27
3/17/03,8.81
3/18/03,9.03
3/19/03,9.93
3/20/03,9.68
3/21/03,9.68
3/24/03,8.82
3/25/03,8.48
3/26/03,8.29
3/27/03,8.13
3/28/03,7.84
3/31/03,7.98
4/1/03,7.85
4/2/03,8.24
4/3/03,8.39
4/4/03,8.04
4/7/03,8.29
4/8/03,7.79
4/9/03,7.51
4/10/03,7.5
4/11/03,7.44
4/14/03,7.62
4/15/03,7.18
4/16/03,6.92
4/17/03,6.94
4/21/03,7.2
4/22/03,7.09
4/23/03,6.93
4/24/03,6.86
4/25/03,6.62
4/28/03,6.72
4/29/03,6.81
4/30/03,6.79
5/1/03,6.66
5/2/03,6.67
5/5/03,6.7
5/6/03,6.62
5/7/03,6.41
5/8/03,6.33
5/9/03,6.18
5/12/03,6.66
5/13/03,6.54
5/14/03,6.62
5/15/03,6.7
5/16/03,6.79
5/19/03,7.22
5/20/03,7.88
5/21/03,7.89
5/22/03,7.29
5/23/03,7.16
5/27/03,7.38
5/28/03,7.33
5/29/03,7.11
5/30/03,7.51
6/2/03,7.6
6/3/03,7.51
6/4/03,7.65
6/5/03,8.03
6/6/03,7.51
6/9/03,7.64
6/10/03,7.82
6/11/03,8.03
6/12/03,7.54
6/13/03,7.69
6/16/03,8.29
6/17/03,8.27
6/18/03,8.73
6/19/03,8.81
6/20/03,8.17
6/23/03,8.22
6/24/03,8.05
6/25/03,7.97
6/26/03,7.7
6/27/03,7.78
6/30/03,7.58
7/1/03,7.3
7/2/03,7.45
7/3/03,7.85
7/7/03,7.68
7/8/03,7.66
7/9/03,7.64
7/10/03,7.65
7/11/03,7.29
7/14/03,7.76
7/15/03,8.05
7/16/03,8.08
7/17/03,8.14
7/18/03,7.75
7/21/03,8.92
7/22/03,9.29
7/23/03,8.88
7/24/03,8.98
7/25/03,9.02
7/28/03,10.14
7/29/03,11.02
7/30/03,11.26
7/31/03,12.44
8/1/03,11.59
8/4/03,11.44
8/5/03,11.12
8/6/03,10.8
8/7/03,9.75
8/8/03,9.9
8/11/03,10.84
8/12/03,10.39
8/13/03,11.75
8/14/03,12.23
8/15/03,11.64
8/18/03,11.47
8/19/03,11.03
8/20/03,11.91
8/21/03,12.77
8/22/03,11.99
8/25/03,12.21
8/26/03,11.51
8/27/03,11.24
8/28/03,10.75
8/29/03,10.27
9/2/03,11.53
9/3/03,11.04
9/4/03,10.63
9/5/03,10.06
9/8/03,10.23
9/9/03,10.65
9/10/03,9.59
9/11/03,9.99
9/12/03,9.98
9/15/03,10.12
9/16/03,10.09
9/17/03,9.58
9/18/03,9.97
9/19/03,10.05
9/22/03,10.66
9/23/03,10.4
9/24/03,10.03
9/25/03,9.97
9/26/03,9.37
9/29/03,9.51
9/30/03,9.57
10/1/03,9.57
10/2/03,9.88
10/3/03,10.53
10/6/03,9.96
10/7/03,9.95
10/8/03,9.69
10/9/03,9.67
10/14/03,10.23
10/15/03,10.27
10/16/03,10.41
10/17/03,10.21
10/20/03,10.41
10/21/03,9.89
10/22/03,9.51
10/23/03,9.72
10/24/03,9.45
10/27/03,9.77
10/28/03,9.65
10/29/03,9.38
10/30/03,9.81
10/31/03,9.41
11/3/03,9.89
11/4/03,9.58
11/5/03,9.76
11/6/03,9.91
11/7/03,9.48
11/12/03,9.39
11/13/03,9.11
11/14/03,9.16
11/17/03,9.41
11/18/03,9.24
11/19/03,9.27
11/20/03,8.82
11/21/03,8.43
11/24/03,8.51
11/25/03,8.17
11/26/03,8.27
11/28/03,8.65
12/1/03,8.98
12/2/03,9.16
12/3/03,9.13
12/4/03,9.46
12/5/03,9.15
12/8/03,9.04
12/9/03,9.15
12/10/03,8.74
12/11/03,8.46
12/12/03,8.55
12/15/03,8.75
12/16/03,8.86
12/17/03,8.42
12/18/03,8.15
12/19/03,8.43
12/22/03,9.04
12/23/03,9.13
12/24/03,8.67
12/26/03,8.65
12/29/03,9.11
12/30/03,9.11
12/31/03,9.21
1/2/04,9.2
1/5/04,9.02
1/6/04,8.39
1/7/04,8.21
1/8/04,8.54
1/9/04,7.87
1/12/04,8.02
1/13/04,7.93
1/14/04,8.2
1/15/04,7.88
1/16/04,8.25
1/20/04,8.54
1/21/04,8.03
1/22/04,7.94
1/23/04,8.26
1/26/04,8.97
1/27/04,8.67
1/28/04,8.78
1/29/04,9.01
1/30/04,8.7
2/2/04,9.03
2/3/04,9.02
2/4/04,9.12
2/5/04,9.7
2/6/04,8.43
2/9/04,8.21
2/10/04,8.35
2/11/04,7.39
2/12/04,7.63
2/13/04,7.4
2/17/04,7.35
2/18/04,7.4
2/19/04,7.49
2/20/04,7.66
2/23/04,7.28
2/24/04,7.38
2/25/04,7.22
2/26/04,7.38
2/27/04,7.21
3/1/04,7.61
3/2/04,8.11
3/3/04,8.06
3/4/04,7.76
3/5/04,6.81
3/8/04,6.92
3/9/04,7.3
3/10/04,7.46
3/11/04,7.45
3/12/04,7.69
3/15/04,8.01
3/16/04,7.37
3/17/04,7.7
3/18/04,7.77
3/19/04,7.66
3/22/04,7.65
3/23/04,7.56
3/24/04,7.44
3/25/04,7.71
3/26/04,8.08
3/29/04,8.34
3/30/04,8.27
3/31/04,8.26
4/1/04,8.87
4/2/04,8.74
4/5/04,9.17
4/6/04,7.95
4/7/04,7.85
4/8/04,8.1
4/12/04,8.4
4/13/04,8.53
4/14/04,8.32
4/15/04,8.52
4/16/04,8.4
4/19/04,8.75
4/20/04,8.66
4/21/04,8.43
4/22/04,7.9
4/23/04,8.53
4/26/04,8.8
4/27/04,8.89
4/28/04,9.15
4/29/04,9
4/30/04,8.99
5/3/04,9.35
5/4/04,9.46
5/5/04,9.64
5/6/04,9.96
5/7/04,8.35
5/10/04,8.52
5/11/04,8.01
5/12/04,8.24
5/13/04,8.69
5/14/04,8.03
5/17/04,8.35
5/18/04,8.07
5/19/04,8.5
5/20/04,8.17
5/21/04,8.74
5/24/04,8.04
5/25/04,7.62
5/26/04,7.84
5/27/04,7.93
5/28/04,8.01
6/1/04,8.39
6/2/04,8.2
6/3/04,8.27
6/4/04,7.16
6/7/04,7.01
6/8/04,6.98
6/9/04,7.19
6/10/04,7.22
6/11/04,7.35
6/14/04,7.96
6/15/04,7.23
6/16/04,7.27
6/17/04,6.9
6/18/04,7.02
6/21/04,7.05
6/22/04,7.04
6/23/04,7.64
6/24/04,7.54
6/25/04,7.4
6/28/04,7.61
6/29/04,7.58
6/30/04,7.19
7/1/04,6.88
7/2/04,6.6
7/6/04,6.91
7/7/04,6.61
7/8/04,6.81
7/9/04,6.92
7/12/04,7.41
7/13/04,7.63
7/14/04,7.43
7/15/04,7.39
7/16/04,6.9
7/19/04,7.04
7/20/04,6.95
7/21/04,6.64
7/22/04,6.52
7/23/04,6.51
7/26/04,6.76
7/27/04,7.39
7/28/04,7.4
7/29/04,7.42
7/30/04,7.24
8/2/04,7.57
8/3/04,7.52
8/4/04,7.69
8/5/04,7.87
8/6/04,6.85
8/9/04,7.02
8/10/04,6.79
8/11/04,6.69
8/12/04,6.69
8/13/04,6.7
8/16/04,6.85
8/17/04,7.41
8/18/04,7.66
8/19/04,7.58
8/20/04,7.57
8/23/04,7.69
8/24/04,7.81
8/25/04,7.74
8/26/04,7.4
8/27/04,7.36
8/30/04,7.37
8/31/04,7.97
9/1/04,8.05
9/2/04,8.26
9/3/04,6.36
9/7/04,6.64
9/8/04,6.62
9/9/04,6.41
9/10/04,6.28
9/13/04,6.49
9/14/04,6.41
9/15/04,6.5
9/16/04,6.54
9/17/04,6.51
9/20/04,6.57
9/21/04,6.27
9/22/04,6.45
9/23/04,6.93
9/24/04,6.65
9/27/04,6.84
9/28/04,6.78
9/29/04,6.67
9/30/04,6.7
10/1/04,6.52
10/4/04,6.44
10/5/04,6.36
10/6/04,6.54
10/7/04,6.84
10/12/04,6.12
10/13/04,5.91
10/14/04,5.87
10/15/04,5.9
10/18/04,5.51
10/19/04,5.79
10/20/04,5.99
10/21/04,5.77
10/22/04,5.84
10/25/04,6.28
10/26/04,6.28
10/27/04,6.43
10/28/04,6.46
10/29/04,6.43
11/1/04,6.94
11/2/04,6.69
11/3/04,6.46
11/4/04,6.32
11/5/04,5.99
11/8/04,6.09
11/9/04,6
11/12/04,6
11/15/04,6.1
11/16/04,6.21
11/17/04,6.08
11/18/04,5.96
11/19/04,6.26
11/22/04,6.49
11/23/04,6.44
11/24/04,6.33
11/26/04,6.76
11/29/04,6.8
11/30/04,6.8
12/1/04,6.71
12/2/04,6.73
12/3/04,5.71
12/6/04,5.54
12/7/04,5.34
12/8/04,5.41
12/9/04,5.55
12/10/04,5.7
12/13/04,5.85
12/14/04,5.7
12/15/04,5.72
12/16/04,6.21
12/17/04,6.11
12/20/04,5.79
12/21/04,5.68
12/22/04,5.63
12/23/04,5.6
12/27/04,6.13
12/28/04,6.05
12/29/04,6.4
12/30/04,6.3
12/31/04,6.16
1/3/05,6.02
1/4/05,6.14
1/5/05,5.95
1/6/05,6
1/7/05,5.43
1/10/05,5.45
1/11/05,5.35
1/12/05,5.23
1/13/05,5.17
1/14/05,5.13
1/18/05,5.43
1/19/05,5.25
1/20/05,5.22
1/21/05,5.1
1/24/05,5.28
1/25/05,5.38
1/26/05,5.5
1/27/05,5.68
1/28/05,5.45
1/31/05,5.61
2/1/05,5.43
2/2/05,5.37
2/3/05,5.43
2/4/05,4.98
2/7/05,4.88
2/8/05,4.99
2/9/05,5.42
2/10/05,5.59
2/11/05,5.74
2/14/05,5.8
2/15/05,5.92
2/16/05,5.13
2/17/05,4.95
2/18/05,5.14
2/22/05,5.71
2/23/05,5.45
2/24/05,5.46
2/25/05,5.59
2/28/05,6.24
3/1/05,6.15
3/2/05,6.28
3/3/05,6.31
3/4/05,5.12
3/7/05,4.96
3/8/05,5.48
3/9/05,6.31
3/10/05,5.76
3/11/05,6.04
3/14/05,6.18
3/15/05,6.09
3/16/05,6.22
3/17/05,6.21
3/18/05,6.09
3/21/05,6.26
3/22/05,6.19
3/23/05,6.03
3/24/05,5.93
3/28/05,6.25
3/29/05,6.09
3/30/05,5.98
3/31/05,5.79
4/1/05,5.08
4/4/05,5.1
4/5/05,5.08
4/6/05,5.17
4/7/05,5.33
4/8/05,5.26
4/11/05,5.27
4/12/05,5.12
4/13/05,5.08
4/14/05,5.06
4/15/05,5.59
4/18/05,5.86
4/19/05,5.78
4/20/05,5.51
4/21/05,5.78
4/22/05,5.57
4/25/05,5.39
4/26/05,5.47
4/27/05,5.48
4/28/05,5.55
4/29/05,5.94
5/2/05,5.92
5/3/05,5.64
5/4/05,5.53
5/5/05,5.55
5/6/05,5.42
5/9/05,5.5
5/10/05,5.52
5/11/05,5.76
5/12/05,5.67
5/13/05,5.75
5/16/05,6.03
5/17/05,5.87
5/18/05,5.36
5/19/05,5.25
5/20/05,4.95
5/23/05,5.38
5/24/05,5.4
5/25/05,5.43
5/26/05,5.32
5/27/05,5.2
5/31/05,5.65
6/1/05,5.67
6/2/05,5.77
6/3/05,5.67
6/6/05,5.82
6/7/05,6.02
6/8/05,5.86
6/9/05,5.52
6/10/05,5.67
6/13/05,5.74
6/14/05,5.68
6/15/05,5.43
6/16/05,5.31
6/17/05,5.28
6/20/05,5.41
6/21/05,5.21
6/22/05,5.55
6/23/05,5.42
6/24/05,5.63
6/27/05,5.82
6/28/05,5.86
6/29/05,5.71
6/30/05,5.42
7/1/05,5.64
7/5/05,6.08
7/6/05,6.07
7/7/05,6.14
7/8/05,5.71
7/11/05,5.87
7/12/05,5.76
7/13/05,5.66
7/14/05,5.56
7/15/05,5.5
7/18/05,5.71
7/19/05,5.62
7/20/05,5.47
7/21/05,5.69
7/22/05,5.32
7/25/05,5.61
7/26/05,5.46
7/27/05,5.47
7/28/05,5.37
7/29/05,5.54
8/1/05,5.72
8/2/05,5.66
8/3/05,5.42
8/4/05,5.41
8/5/05,5.35
8/8/05,5.47
8/9/05,5.29
8/10/05,5.11
8/11/05,4.99
8/12/05,5.13
8/15/05,5.28
8/16/05,5.21
8/17/05,5.29
8/18/05,5.27
8/19/05,5.31
8/22/05,5.22
8/23/05,5.3
8/24/05,5.2
8/25/05,5.19
8/26/05,5.31
8/29/05,5.42
8/30/05,5.43
8/31/05,5.43
9/1/05,5.62
9/2/05,5.39
9/6/05,5.56
9/7/05,5.6
9/8/05,5.37
9/9/05,5.25
9/12/05,5.37
9/13/05,5.32
9/14/05,5.34
9/15/05,5.48
9/16/05,5.54
9/19/05,5.61
9/20/05,5.24
9/21/05,5.34
9/22/05,5.23
9/23/05,5.29
9/26/05,5.3
9/27/05,5.19
9/28/05,5.18
9/29/05,5.12
9/30/05,5.26
10/3/05,5.44
10/4/05,5.37
10/5/05,5.26
10/6/05,5.19
10/11/05,5.23
10/12/05,5.24
10/13/05,5.55
10/14/05,5.45
10/17/05,5.43
10/18/05,5.2
10/19/05,5.13
10/20/05,5.09
10/21/05,4.99
10/24/05,5.06
10/25/05,5.07
10/26/05,5.48
10/27/05,5.43
10/28/05,5.37
10/31/05,5.56
11/1/05,5.35
11/2/05,5.37
11/3/05,5.5
11/4/05,5.38
11/7/05,5.33
11/8/05,5.34
11/9/05,5.61
11/14/05,5.64
11/15/05,5.5
11/16/05,5.29
11/17/05,5.38
11/18/05,5.27
11/21/05,5.11
11/22/05,5.19
11/23/05,5.25
11/25/05,5.18
11/28/05,5.14
11/29/05,5.26
11/30/05,5.32
12/1/05,5.25
12/2/05,4.82
12/5/05,4.95
12/6/05,4.89
12/7/05,4.74
12/8/05,4.89
12/9/05,4.78
12/12/05,5.08
12/13/05,4.86
12/14/05,4.72
12/15/05,4.67
12/16/05,4.48
12/19/05,4.24
12/20/05,4.23
12/21/05,4.5
12/22/05,4.32
12/23/05,4.58
12/27/05,4.75
12/28/05,4.85
12/29/05,4.82
12/30/05,4.97
1/3/06,5.14
1/4/06,4.8
1/5/06,4.73
1/6/06,4.45
1/9/06,4.47
1/10/06,4.5
1/11/06,4.46
1/12/06,4.56
1/13/06,4.47
1/17/06,4.64
1/18/06,4.61
1/19/06,4.67
1/20/06,4.62
1/23/06,4.79
1/24/06,4.75
1/25/06,4.94
1/26/06,5.11
1/27/06,4.86
1/30/06,5.05
1/31/06,5.03
2/1/06,5.04
2/2/06,4.96
2/3/06,4.73
2/6/06,4.78
2/7/06,4.8
2/8/06,4.87
2/9/06,4.78
2/10/06,4.83
2/13/06,4.96
2/14/06,4.88
2/15/06,4.48
2/16/06,4.38
2/17/06,4.33
2/21/06,4.39
2/22/06,4.22
2/23/06,4.31
2/24/06,4.12
2/27/06,4.31
2/28/06,4.41
3/1/06,4.46
3/2/06,4.78
3/3/06,4.57
3/6/06,4.97
3/7/06,5.01
3/8/06,4.95
3/9/06,4.79
3/10/06,4.44
3/13/06,4.74
3/14/06,4.54
3/15/06,4.68
3/16/06,4.55
3/17/06,4.63
3/20/06,4.69
3/21/06,4.67
3/22/06,4.48
3/23/06,4.58
3/24/06,4.53
3/27/06,4.64
3/28/06,4.71
3/29/06,4.84
3/30/06,5.07
3/31/06,4.78
4/3/06,4.92
4/4/06,4.76
4/5/06,4.64
4/6/06,4.75
4/7/06,4.91
4/10/06,4.81
4/11/06,4.75
4/12/06,4.79
4/13/06,4.87
4/17/06,5.13
4/18/06,4.95
4/19/06,4.79
4/20/06,4.7
4/21/06,4.62
4/24/06,4.77
4/25/06,4.88
4/26/06,4.8
4/27/06,4.65
4/28/06,4.52
5/1/06,4.83
5/2/06,4.82
5/3/06,4.89
5/4/06,4.69
5/5/06,4.47
5/8/06,4.67
5/9/06,4.78
5/10/06,4.59
5/11/06,4.71
5/12/06,4.93
5/15/06,4.98
5/16/06,4.83
5/17/06,4.92
5/18/06,4.94
5/19/06,4.91
5/22/06,5.24
5/23/06,5.02
5/24/06,5.27
5/25/06,5.06
5/26/06,4.96
5/30/06,5.03
5/31/06,4.9
6/1/06,4.65
6/2/06,4.68
6/5/06,4.72
6/6/06,4.74
6/7/06,4.61
6/8/06,4.77
6/9/06,4.53
6/12/06,4.76
6/13/06,4.75
6/14/06,4.58
6/15/06,4.6
6/16/06,4.55
6/19/06,4.68
6/20/06,4.68
6/21/06,4.67
6/22/06,4.89
6/23/06,4.86
6/26/06,4.93
6/27/06,4.69
6/28/06,4.73
6/29/06,4.61
6/30/06,4.6
7/3/06,4.74
7/5/06,4.73
7/6/06,4.66
7/7/06,4.5
7/10/06,4.5
7/11/06,4.52
7/12/06,4.57
7/13/06,4.85
7/14/06,4.8
7/17/06,4.92
7/18/06,4.87
7/19/06,4.52
7/20/06,4.44
7/21/06,4.53
7/24/06,4.37
7/25/06,4.26
7/26/06,4.36
7/27/06,4.29
7/28/06,4.31
7/31/06,4.45
8/1/06,4.44
8/2/06,4.47
8/3/06,4.57
8/4/06,4.23
8/7/06,4.41
8/8/06,4.22
8/9/06,4.15
8/10/06,4.13
8/11/06,4.14
8/14/06,4.29
8/15/06,4.28
8/16/06,4.12
8/17/06,4.07
8/18/06,4.08
8/21/06,4.23
8/22/06,4.21
8/23/06,4.24
8/24/06,4.01
8/25/06,4.06
8/28/06,4.1
8/29/06,4.2
8/30/06,4.3
8/31/06,4.41
9/1/06,4.14
9/5/06,4.26
9/6/06,4.32
9/7/06,4.25
9/8/06,4.31
9/11/06,4.34
9/12/06,4.33
9/13/06,4.39
9/14/06,4.4
9/15/06,4.14
9/18/06,4.09
9/19/06,4.15
9/20/06,4.06
9/21/06,4.33
9/22/06,4.93
9/25/06,4.89
9/26/06,4.66
9/27/06,4.54
9/28/06,4.35
9/29/06,4.29
10/2/06,4.35
10/3/06,4.23
10/4/06,4.26
10/5/06,4.31
10/10/06,4.23
10/11/06,4.23
10/12/06,4.14
10/13/06,4.17
10/16/06,4.28
10/17/06,4.39
10/18/06,4.11
10/19/06,4.15
10/20/06,4.02
10/23/06,4.23
10/24/06,4.1
10/25/06,4.08
10/26/06,4.23
10/27/06,4.39
10/30/06,4.37
10/31/06,4.45
11/1/06,4.62
11/2/06,4.53
11/3/06,4.19
11/6/06,4.21
11/7/06,4.29
11/8/06,4.41
11/9/06,4.32
11/10/06,4.34
11/13/06,4.63
11/14/06,4.59
11/15/06,4.5
11/16/06,4.37
11/17/06,4.48
11/20/06,4.47
11/21/06,4.3
11/22/06,4.21
11/24/06,4.55
11/27/06,4.66
11/28/06,4.7
11/29/06,4.56
11/30/06,4.76
12/1/06,4.74
12/4/06,4.79
12/5/06,4.7
12/6/06,4.7
12/7/06,4.79
12/8/06,4.49
12/11/06,4.43
12/12/06,4.3
12/13/06,4.37
12/14/06,4.34
12/15/06,4.21
12/18/06,4.2
12/19/06,4.15
12/20/06,3.96
12/21/06,4.01
12/22/06,4.07
12/26/06,4.29
12/27/06,4.21
12/28/06,4.33
12/29/06,4.52
1/2/07,4.81
1/3/07,4.62
1/4/07,4.55
1/5/07,4.27
1/8/07,4.29
1/9/07,4.18
1/10/07,4.23
1/11/07,4.38
1/12/07,4.29
1/16/07,4.37
1/17/07,4.21
1/18/07,4.08
1/19/07,3.97
1/22/07,4.06
1/23/07,4.12
1/24/07,4.15
1/25/07,4.17
1/26/07,4.12
1/29/07,4.21
1/30/07,4.31
1/31/07,4.22
2/1/07,4.23
2/2/07,3.91
2/5/07,3.92
2/6/07,4.12
2/7/07,4.24
2/8/07,4.18
2/9/07,4.17
2/12/07,4.27
2/13/07,4.36
2/14/07,4.11
2/15/07,4.22
2/16/07,4.26
2/20/07,4.4
2/21/07,4.31
2/22/07,4.25
2/23/07,4.43
2/26/07,4.61
2/27/07,5.23
2/28/07,4.99
3/1/07,5.37
3/2/07,5.7
3/5/07,5.66
3/6/07,5.05
3/7/07,5.25
3/8/07,5.24
3/9/07,4.63
3/12/07,5.03
3/13/07,5.23
3/14/07,5.23
3/15/07,5.06
3/16/07,4.84
3/19/07,4.95
3/20/07,4.89
3/21/07,4.75
3/22/07,4.58
3/23/07,4.8
3/26/07,5.02
3/27/07,5.1
3/28/07,4.98
3/29/07,4.72
3/30/07,4.77
4/2/07,4.79
4/3/07,4.57
4/4/07,4.64
4/5/07,4.54
4/6/07,4.24
4/9/07,4.4
4/10/07,4.29
4/11/07,4.09
4/12/07,4.05
4/13/07,4.12
4/16/07,4.19
4/17/07,4.13
4/18/07,3.97
4/19/07,4.04
4/20/07,4.02
4/23/07,4.23
4/24/07,4.14
4/25/07,4.02
4/26/07,4.22
4/27/07,4.03
4/30/07,4.23
5/1/07,4.2
5/2/07,3.98
5/3/07,3.9
5/4/07,3.81
5/7/07,3.8
5/8/07,3.86
5/9/07,3.72
5/10/07,3.76
5/11/07,3.74
5/14/07,3.9
5/15/07,3.89
5/16/07,3.74
5/17/07,3.83
5/18/07,4.05
5/21/07,4.04
5/22/07,4.1
5/23/07,4.05
5/24/07,4.08
5/25/07,4.03
5/29/07,4.25
5/30/07,4.19
5/31/07,4.38
6/1/07,4.07
6/4/07,4.04
6/5/07,4.19
6/6/07,4.31
6/7/07,4.72
6/8/07,5.37
6/11/07,5
6/12/07,6.08
6/13/07,6.04
6/14/07,5.49
6/15/07,4.9
6/18/07,4.85
6/19/07,4.61
6/20/07,5.04
6/21/07,5.47
6/22/07,5.33
6/25/07,5.25
6/26/07,5.35
6/27/07,5.26
6/28/07,4.92
6/29/07,4.85
7/2/07,4.72
7/3/07,4.87
7/5/07,4.88
7/6/07,4.87
7/9/07,4.8
7/10/07,5.18
7/11/07,5.31
7/12/07,5.23
7/13/07,5.01
7/16/07,5.1
7/17/07,4.98
7/18/07,5
7/19/07,4.87
7/20/07,5.29
7/23/07,5.35
7/24/07,5.51
7/25/07,5.8
7/26/07,7.7
7/27/07,6.85
7/30/07,6.44
7/31/07,6.06
8/1/07,6.49
8/2/07,6.29
8/3/07,6.31
8/6/07,6.6
8/7/07,6.14
8/8/07,5.95
8/9/07,7.02
8/10/07,7.06
8/13/07,6.99
8/14/07,6.82
8/15/07,6.68
8/16/07,7.6
8/17/07,7.03
8/20/07,7.38
8/21/07,7.43
8/22/07,7.04
8/23/07,6.78
8/24/07,6.45
8/27/07,6.46
8/28/07,6.78
8/29/07,6.62
8/30/07,6.88
8/31/07,6.64
9/4/07,6.91
9/5/07,7.31
9/6/07,7.05
9/7/07,7.09
9/10/07,7.86
9/11/07,7.51
9/12/07,7.53
9/13/07,7.4
9/14/07,7.54
9/17/07,7.44
9/18/07,6.89
9/19/07,6
9/20/07,6.18
9/21/07,5.83
9/24/07,5.84
9/25/07,6.36
9/26/07,6.19
9/27/07,6.2
9/28/07,6.2
10/1/07,6.13
10/2/07,5.98
10/3/07,5.78
10/4/07,5.75
10/9/07,5.25
10/10/07,5.09
10/11/07,5.07
10/12/07,4.92
10/15/07,5.19
10/16/07,5.18
10/17/07,5.54
10/18/07,5.23
10/19/07,5.56
10/22/07,5.84
10/23/07,5.76
10/24/07,6.44
10/25/07,6.27
10/26/07,6.09
10/29/07,6.23
10/30/07,5.95
10/31/07,5.89
11/1/07,6.17
11/2/07,6.5
11/5/07,6.46
11/6/07,6.45
11/7/07,6.98
11/8/07,7.35
11/13/07,6.62
11/14/07,6.34
11/15/07,7.19
11/16/07,6.93
11/19/07,7.43
11/20/07,7.51
11/21/07,8.17
11/23/07,8.13
11/26/07,8.97
11/27/07,8.98
11/28/07,8.18
11/29/07,8.53
11/30/07,8.18
12/3/07,8.77
12/4/07,8.93
12/5/07,8.74
12/6/07,8.26
12/7/07,8.05
12/10/07,8.19
12/11/07,8.32
12/12/07,8.15
12/13/07,8.08
12/14/07,7.81
12/17/07,7.73
12/18/07,7.94
12/19/07,8.12
12/20/07,8.47
12/21/07,7.88
12/24/07,8.33
12/26/07,7.79
12/27/07,7.92
12/28/07,8.05
12/31/07,8.48
1/2/08,8.38
1/3/08,8.06
1/4/08,7.78
1/7/08,7.59
1/8/08,7.57
1/9/08,7.57
1/10/08,7.19
1/11/08,7.54
1/14/08,7.67
1/15/08,7.65
1/16/08,7.55
1/17/08,7.7
1/18/08,8.05
1/22/08,9.23
1/23/08,10.01
1/24/08,10.28
1/25/08,10.08
1/28/08,10.14
1/29/08,9.38
1/30/08,8.63
1/31/08,9.19
2/1/08,8.56
2/4/08,8.84
2/5/08,9.22
2/6/08,9.08
2/7/08,8.99
2/8/08,9.46
2/11/08,9.56
2/12/08,9.4
2/13/08,9.27
2/14/08,9.66
2/15/08,9.62
2/19/08,9.91
2/20/08,10.07
2/21/08,9.9
2/22/08,9.99
2/25/08,10.07
2/26/08,9.43
2/27/08,9.29
2/28/08,9.47
2/29/08,9.94
3/3/08,10.02
3/4/08,10.33
3/5/08,9.85
3/6/08,10.13
3/7/08,10.23
3/10/08,10.25
3/11/08,9.51
3/12/08,9.39
3/13/08,9.57
3/14/08,10.11
3/17/08,10.84
3/18/08,9.58
3/19/08,9.83
3/20/08,9.62
3/24/08,10.14
3/25/08,10.14
3/26/08,9.99
3/27/08,9.45
3/28/08,9.13
3/31/08,9.3
4/1/08,9.01
4/2/08,8.49
4/3/08,8.18
4/4/08,7.78
4/7/08,7.63
4/8/08,7.45
4/9/08,7.72
4/10/08,7.75
4/11/08,7.78
4/14/08,7.92
4/15/08,8.19
4/16/08,8.53
4/17/08,8.56
4/18/08,8.02
4/21/08,7.86
4/22/08,7.86
4/23/08,7.92
4/24/08,8
4/25/08,7.88
4/28/08,8.41
4/29/08,8.23
4/30/08,7.87
5/1/08,7.46
5/2/08,7.43
5/5/08,7.83
5/6/08,7.94
5/7/08,8.02
5/8/08,8.13
5/9/08,8
5/12/08,8.09
5/13/08,8.13
5/14/08,8
5/15/08,7.73
5/16/08,7.33
5/19/08,7.61
5/20/08,7.76
5/21/08,7.64
5/22/08,7.92
5/23/08,7.99
5/27/08,8.34
5/28/08,8.67
5/29/08,9.11
5/30/08,8.72
6/2/08,9.09
6/3/08,9.09
6/4/08,8.95
6/5/08,9.06
6/6/08,9.28
6/9/08,10.25
6/10/08,10.4
6/11/08,9.64
6/12/08,9.78
6/13/08,10.11
6/16/08,9.83
6/17/08,9.28
6/18/08,9.2
6/19/08,8.97
6/20/08,9.27
6/23/08,9.42
6/24/08,8.87
6/25/08,8.66
6/26/08,8.51
6/27/08,8.33
6/30/08,8.1
7/1/08,8.27
7/2/08,8.56
7/3/08,8.01
7/7/08,8.1
7/8/08,7.97
7/9/08,7.55
7/10/08,7.95
7/11/08,9.05
7/14/08,8.98
7/15/08,9.08
7/16/08,8.81
7/17/08,8.89
7/18/08,8.7
7/21/08,8.83
7/22/08,8.55
7/23/08,8.43
7/24/08,7.99
7/25/08,7.96
7/28/08,8.33
7/29/08,8.29
7/30/08,8.39
7/31/08,8.02
8/1/08,7.79
8/4/08,7.96
8/5/08,7.76
8/6/08,7.55
8/7/08,7.49
8/8/08,7.44
8/11/08,7.73
8/12/08,7.65
8/13/08,8.05
8/14/08,7.83
8/15/08,7.84
8/18/08,8.44
8/19/08,8.25
8/20/08,8.17
8/21/08,8.31
8/22/08,7.95
8/25/08,8.34
8/26/08,8.28
8/27/08,8.05
8/28/08,7.91
8/29/08,7.88
9/2/08,8.16
9/3/08,7.98
9/4/08,8.14
9/5/08,7.74
9/8/08,8.87
9/9/08,9.44
9/10/08,9.34
9/11/08,9.58
9/12/08,9.87
9/15/08,11.59
9/16/08,11.56
9/17/08,12.04
9/18/08,12.08
9/19/08,11.01
9/22/08,11.23
9/23/08,11.38
9/24/08,11.62
9/25/08,11.23
9/26/08,11.58
9/29/08,12.88
9/30/08,12.9
10/1/08,12.12
10/2/08,11.85
10/3/08,11.19
10/6/08,12.98
10/7/08,12.74
10/8/08,12.79
10/9/08,12.86
10/10/08,14.53
10/13/08,13.83
10/14/08,13.1
10/15/08,12.71
10/16/08,12.5
10/17/08,11.94
10/20/08,11.19
10/21/08,11.97
10/22/08,12.53
10/23/08,13.74
10/24/08,13.95
10/27/08,13.88
10/28/08,13.81
10/29/08,12.42
10/30/08,11.85
10/31/08,11.53
11/3/08,11.36
11/4/08,12.21
11/5/08,12.18
11/6/08,12.09
11/7/08,11.39
11/10/08,11.69
11/11/08,11.94
11/12/08,12.57
11/13/08,12.43
11/14/08,13.03
11/17/08,13.24
11/18/08,13.56
11/19/08,14.11
11/20/08,14.72
11/21/08,13.36
11/24/08,12.81
11/25/08,13.68
11/26/08,13.13
11/28/08,13.38
12/1/08,14.28
12/2/08,13.32
12/3/08,13.5
12/4/08,13.93
12/5/08,14.47
12/8/08,13.98
12/9/08,14.17
12/10/08,14.13
12/11/08,14.19
12/12/08,14.33
12/15/08,14.18
12/16/08,13.75
12/17/08,12.26
12/18/08,11.33
12/19/08,12
12/22/08,12.88
12/23/08,13.52
12/24/08,12.97
12/26/08,13
12/29/08,13.19
12/30/08,13.21
12/31/08,14.07
1/2/09,14.17
1/5/09,13.09
1/6/09,11.74
1/7/09,10.79
1/8/09,10.58
1/9/09,9.98
1/12/09,9.9
1/13/09,9.21
1/14/09,9.1
1/15/09,9.9
1/16/09,10.75
1/20/09,11.85
1/21/09,11.82
1/22/09,11.71
1/23/09,11.57
1/26/09,11.74
1/27/09,11.23
1/28/09,10.92
1/29/09,11.31
1/30/09,11.93
2/2/09,12.68
2/3/09,12.36
2/4/09,12.49
2/5/09,12.35
2/6/09,12.74
2/9/09,12.44
2/10/09,12.46
2/11/09,11.23
2/12/09,11.24
2/13/09,12.07
2/17/09,12.7
2/18/09,12.8
2/19/09,13.02
2/20/09,13.32
2/23/09,12.99
2/24/09,12.23
2/25/09,11.82
2/26/09,11.55
2/27/09,12.02
3/2/09,12.27
3/3/09,12.36
3/4/09,12.62
3/5/09,12.35
3/6/09,11.94
3/9/09,12.01
3/10/09,11.47
3/11/09,11.14
3/12/09,11.31
3/13/09,11.26
3/16/09,11.27
3/17/09,11.92
3/18/09,11.62
3/19/09,8.72
3/20/09,8.41
3/23/09,8.9
3/24/09,8.98
3/25/09,9.47
3/26/09,9.49
3/27/09,9.05
3/30/09,9.13
3/31/09,8.72
4/1/09,8.17
4/2/09,8.16
4/3/09,8.67
4/6/09,8.71
4/7/09,8.29
4/8/09,8.01
4/9/09,8.21
4/13/09,8.08
4/14/09,7.36
4/15/09,7.09
4/16/09,7.44
4/17/09,7.7
4/20/09,8.04
4/21/09,8.5
4/22/09,9.1
4/23/09,8.89
4/24/09,9.39
4/27/09,9.38
4/28/09,9.74
4/29/09,9.67
4/30/09,9.28
5/1/09,9.43
5/4/09,9.43
5/5/09,8.85
5/6/09,8.94
5/7/09,9.33
5/8/09,9.38
5/11/09,9.64
5/12/09,9.42
5/13/09,9.46
5/14/09,8.97
5/15/09,8.92
5/18/09,9.16
5/19/09,9.34
5/20/09,9.37
5/21/09,10.25
5/22/09,10.98
5/26/09,11.62
5/27/09,12.29
5/28/09,11.88
5/29/09,10.96
6/1/09,12.96
6/2/09,11.85
6/3/09,10.95
6/4/09,10.97
6/5/09,11.14
6/8/09,11.78
6/9/09,11.58
6/10/09,11.88
6/11/09,11.5
6/12/09,11.22
6/15/09,11.16
6/16/09,11.14
6/17/09,11.35
6/18/09,12.13
6/19/09,12.01
6/22/09,12.12
6/23/09,11.63
6/24/09,10.98
6/25/09,10.09
6/26/09,10.05
6/29/09,10.24
6/30/09,10.44
7/1/09,10.3
7/2/09,9.18
7/3/09,9.28
7/6/09,9.72
7/7/09,9.86
7/8/09,9.6
7/9/09,9.57
7/10/09,9.7
7/13/09,10.03
7/14/09,10.69
7/15/09,10.89
7/16/09,10.58
7/17/09,10.72
7/20/09,10.64
7/21/09,10.16
7/22/09,9.91
7/23/09,10.34
7/24/09,9.97
7/27/09,10.42
7/28/09,10.13
7/29/09,9.78
7/30/09,9.83
7/31/09,9.75
8/3/09,10.53
8/4/09,10.46
8/5/09,10.54
8/6/09,10.84
8/7/09,10.59
8/10/09,10.51
8/11/09,10.76
8/12/09,10.56
8/13/09,10.02
8/14/09,9.47
8/17/09,9.94
8/18/09,9.36
8/19/09,9.55
8/20/09,8.92
8/21/09,9.05
8/24/09,8.69
8/25/09,8.61
8/26/09,8.14
8/27/09,8.01
8/28/09,8.13
8/31/09,8.41
9/1/09,8.83
9/2/09,8.32
9/3/09,8.3
9/4/09,8.25
9/8/09,8.42
9/9/09,8.26
9/10/09,8.11
9/11/09,8.1
9/14/09,8.37
9/15/09,8.37
9/16/09,8.69
9/17/09,8.4
9/18/09,8.16
9/21/09,8.17
9/22/09,8.08
9/23/09,7.79
9/24/09,7.46
9/25/09,7.51
9/28/09,7.82
9/29/09,7.87
9/30/09,7.99
10/1/09,8.19
10/2/09,7.56
10/5/09,7.47
10/6/09,7.38
10/7/09,7
10/8/09,7.05
10/9/09,7.56
10/12/09,7.75
10/13/09,7.62
10/14/09,8.23
10/15/09,8.52
10/16/09,8.05
10/19/09,8.03
10/20/09,7.57
10/21/09,7.82
10/22/09,7.74
10/23/09,7.99
10/26/09,8.32
10/27/09,7.86
10/28/09,7.62
10/29/09,7.9
10/30/09,7.78
11/2/09,7.89
11/3/09,8.05
11/4/09,7.85
11/5/09,7.56
11/6/09,7.14
11/9/09,7.15
11/10/09,7.08
11/11/09,6.96
11/12/09,6.77
11/13/09,6.66
11/16/09,6.28
11/17/09,6.08
11/18/09,6.03
11/19/09,6.14
11/20/09,6.1
11/23/09,6.03
11/24/09,5.98
11/25/09,6.08
11/27/09,6.29
11/30/09,6.32
12/1/09,6.41
12/2/09,6.59
12/3/09,6.73
12/4/09,6.91
12/7/09,6.7
12/8/09,6.45
12/9/09,6.4
12/10/09,6.48
12/11/09,6.8
12/14/09,6.66
12/15/09,6.5
12/16/09,6.02
12/17/09,6.1
12/18/09,6.02
12/21/09,6.35
12/22/09,6.86
12/23/09,6.62
12/24/09,7.06
12/28/09,7.68
12/29/09,7.47
12/30/09,6.96
12/31/09,7.01
1/4/10,7.2
1/5/10,6.95
1/6/10,7.1
1/7/10,7.06
1/8/10,6.49
1/11/10,6.48
1/12/10,6.66
1/13/10,6.8
1/14/10,6.5
1/15/10,6.46
1/19/10,6.45
1/20/10,6.23
1/21/10,6.2
1/22/10,6.34
1/25/10,6.46
1/26/10,6.21
1/27/10,6.25
1/28/10,6.13
1/29/10,6.04
2/1/10,6.32
2/2/10,6.09
2/3/10,6.23
2/4/10,6.51
2/5/10,6.26
2/8/10,6.42
2/9/10,6.59
2/10/10,6.65
2/11/10,6.54
2/12/10,6.28
2/16/10,6.4
2/17/10,6.47
2/18/10,6.32
2/19/10,6.11
2/22/10,5.89
2/23/10,5.94
2/24/10,5.94
2/25/10,6.09
2/26/10,5.99
3/1/10,6.18
3/2/10,6.07
3/3/10,5.84
3/4/10,5.42
3/5/10,5.34
3/8/10,5.47
3/9/10,5.3
3/10/10,5.31
3/11/10,5.31
3/12/10,5.28
3/15/10,5.41
3/16/10,5.17
3/17/10,5.09
3/18/10,5.4
3/19/10,5.53
3/22/10,5.43
3/23/10,5.58
3/24/10,6.54
3/25/10,6.62
3/26/10,6.32
3/29/10,6.48
3/30/10,6.48
3/31/10,6.3
4/1/10,6.52
4/2/10,6.46
4/5/10,6.38
4/6/10,6.31
4/7/10,6.23
4/8/10,6.24
4/9/10,6.05
4/12/10,6.2
4/13/10,5.81
4/14/10,5.9
4/15/10,5.91
4/16/10,6.06
4/19/10,5.85
4/20/10,5.71
4/21/10,5.74
4/22/10,5.89
4/23/10,5.79
4/26/10,6.06
4/27/10,6.56
4/28/10,6.62
4/29/10,6.22
4/30/10,6.25
5/3/10,6.2
5/4/10,6.87
5/5/10,7.03
5/6/10,10.33
5/7/10,9.45
5/10/10,8.07
5/11/10,7.58
5/12/10,7.54
5/13/10,7.53
5/14/10,8.24
5/17/10,8.39
5/18/10,8.87
5/19/10,8.72
5/20/10,9.87
5/21/10,9.45
5/24/10,8.96
5/25/10,9.41
5/26/10,8.81
5/27/10,8.65
5/28/10,8.94
6/1/10,8.74
6/2/10,8.07
6/3/10,7.94
6/4/10,8.04
6/7/10,8.47
6/8/10,8.78
6/9/10,8.43
6/10/10,8.17
6/11/10,8.18
6/14/10,8.13
6/15/10,7.85
6/16/10,7.69
6/17/10,7.77
6/18/10,7.39
6/21/10,7.27
6/22/10,7.42
6/23/10,7.09
6/24/10,7.07
6/25/10,7.05
6/28/10,7.29
6/29/10,7.57
6/30/10,7.38
7/1/10,7.77
7/2/10,7.14
7/6/10,7.2
7/7/10,6.9
7/8/10,6.84
7/9/10,6.52
7/12/10,6.45
7/13/10,6.57
7/14/10,6.34
7/15/10,6.25
7/16/10,6.2
7/19/10,5.89
7/20/10,6.02
7/21/10,5.9
7/22/10,5.68
7/23/10,5.84
7/26/10,5.64
7/27/10,5.89
7/28/10,5.9
7/29/10,5.9
7/30/10,6.25
8/2/10,6.45
8/3/10,6.85
8/4/10,6.6
8/5/10,6.33
8/6/10,6.23
8/9/10,6.42
8/10/10,6.17
8/11/10,6.11
8/12/10,6.36
8/13/10,6.04
8/16/10,6.52
8/17/10,6.43
8/18/10,6.38
8/19/10,6.65
8/20/10,6.94
8/23/10,6.83
8/24/10,7.16
8/25/10,7.81
8/26/10,7.94
8/27/10,8.42
8/30/10,8.23
8/31/10,7.8
9/1/10,7.97
9/2/10,7.49
9/3/10,6.98
9/7/10,7.36
9/8/10,7.16
9/9/10,7.46
9/10/10,7.46
9/13/10,7.42
9/14/10,7.49
9/15/10,7.44
9/16/10,7.32
9/17/10,7.26
9/20/10,7.56
9/21/10,7.06
9/22/10,6.72
9/23/10,6.49
9/24/10,6.43
9/27/10,6.64
9/28/10,6.59
9/29/10,6.7
9/30/10,6.74
10/1/10,6.8
10/4/10,6.82
10/5/10,6.37
10/6/10,6.3
10/7/10,6.26
10/8/10,5.75
10/11/10,5.85
10/12/10,6.14
10/13/10,6.15
10/14/10,6.46
10/15/10,6.59
10/18/10,6.18
10/19/10,6.18
10/20/10,6.19
10/21/10,6.37
10/22/10,6.37
10/25/10,6.68
10/26/10,7.18
10/27/10,7.26
10/28/10,7.19
10/29/10,7.25
11/1/10,7.39
11/2/10,7.31
11/3/10,6.46
11/4/10,6.13
11/5/10,6.03
11/8/10,6.24
11/9/10,6.63
11/10/10,6.84
11/11/10,7.09
11/12/10,7.57
11/15/10,8.6
11/16/10,8.14
11/17/10,7.56
11/18/10,8.06
11/19/10,7.52
11/22/10,7.45
11/23/10,7.8
11/24/10,8.36
11/26/10,8.48
11/29/10,8.41
11/30/10,8.31
12/1/10,8.89
12/2/10,8.55
12/3/10,8.17
12/6/10,8.07
12/7/10,9.06
12/8/10,8.95
12/9/10,8.48
12/10/10,8.4
12/13/10,8.43
12/14/10,9.26
12/15/10,9.93
12/16/10,9.66
12/17/10,8.94
12/20/10,8.74
12/21/10,7.88
12/22/10,7.92
12/23/10,8.35
12/27/10,8.54
12/28/10,8.82
12/29/10,8.75
12/30/10,8.74
12/31/10,8.64
1/3/11,8.63
1/4/11,8.4
1/5/11,8.85
1/6/11,8.91
1/7/11,8.08
1/10/11,7.99
1/11/11,7.94
1/12/11,7.75
1/13/11,7.7
1/14/11,7.66
1/18/11,8.1
1/19/11,7.7
1/20/11,7.94
1/21/11,7.6
1/24/11,7.68
1/25/11,7.54
1/26/11,7.6
1/27/11,7.47
1/28/11,7.84
1/31/11,8.29
2/1/11,8.03
2/2/11,8.25
2/3/11,8.21
2/4/11,8.03
2/7/11,8.04
2/8/11,7.99
2/9/11,7.66
2/10/11,7.68
2/11/11,7.51
2/14/11,7.34
2/15/11,7.45
2/16/11,7.4
2/17/11,7.34
2/18/11,7.24
2/22/11,8.14
2/23/11,7.8
2/24/11,7.91
2/25/11,7.49
2/28/11,7.52
3/1/11,7.77
3/2/11,7.94
3/3/11,7.82
3/4/11,7.49
3/7/11,7.4
3/8/11,7.35
3/9/11,7.17
3/10/11,7.31
3/11/11,7.15
3/14/11,7.45
3/15/11,8.03
3/16/11,8.96
3/17/11,8.65
3/18/11,8.33
3/21/11,8.14
3/22/11,7.53
3/23/11,7.51
3/24/11,7.28
3/25/11,7.55
3/28/11,7.63
3/29/11,7.36
3/30/11,7.24
3/31/11,7.16
4/1/11,6.75
4/4/11,6.65
4/5/11,6.7
4/6/11,6.79
4/7/11,6.67
4/8/11,6.63
4/11/11,6.64
4/12/11,6.46
4/13/11,6.36
4/14/11,6.32
4/15/11,6.36
4/18/11,6.54
4/19/11,5.93
4/20/11,6.23
4/21/11,6.17
4/25/11,6.43
4/26/11,6.36
4/27/11,6.17
4/28/11,5.93
4/29/11,5.91
5/2/11,6.06
5/3/11,6.1
5/4/11,6.12
5/5/11,6.31
5/6/11,6.5
5/9/11,6.49
5/10/11,6.18
5/11/11,6.49
5/12/11,6.29
5/13/11,6.3
5/16/11,6.23
5/17/11,5.95
5/18/11,5.75
5/19/11,5.99
5/20/11,5.78
5/23/11,5.77
5/24/11,5.76
5/25/11,5.7
5/26/11,5.68
5/27/11,5.94
5/31/11,6.07
6/1/11,6.11
6/2/11,6.49
6/3/11,6.16
6/6/11,6.36
6/7/11,6.2
6/8/11,6.27
6/9/11,6.45
6/10/11,6.29
6/13/11,6.35
6/14/11,6.89
6/15/11,7.39
6/16/11,7.87
6/17/11,7.76
6/20/11,7.68
6/21/11,7.5
6/22/11,7.05
6/23/11,7.45
6/24/11,7.46
6/27/11,7.62
6/28/11,8.1
6/29/11,7.73
6/30/11,7.85
7/1/11,7.71
7/5/11,7.76
7/6/11,7.89
7/7/11,7.83
7/8/11,7.07
7/11/11,7.78
7/12/11,7.99
7/13/11,7.94
7/14/11,8.17
7/15/11,8.36
7/18/11,8.6
7/19/11,8.2
7/20/11,7.98
7/21/11,8.83
7/22/11,8
7/25/11,8.62
7/26/11,8.44
7/27/11,8.71
7/28/11,8.02
7/29/11,8.32
8/1/11,7.84
8/2/11,7.72
8/3/11,7.5
8/4/11,7.64
8/5/11,8.09
8/8/11,9.57
8/9/11,9.27
8/10/11,8.8
8/11/11,9.11
8/12/11,8.6
8/15/11,8.21
8/16/11,7.82
8/17/11,7.32
8/18/11,7.85
8/19/11,7.9
8/22/11,8.34
8/23/11,8.55
8/24/11,8.88
8/25/11,9.04
8/26/11,8.17
8/29/11,7.91
8/30/11,8.21
8/31/11,7.75
9/1/11,7.88
9/2/11,7.48
9/6/11,7.74
9/7/11,7.44
9/8/11,7.18
9/9/11,7.46
9/12/11,7.55
9/13/11,7.46
9/14/11,7.32
9/15/11,7.47
9/16/11,7.54
9/19/11,7.54
9/20/11,7.67
9/21/11,6.97
9/22/11,7.41
9/23/11,7.59
9/26/11,7.93
9/27/11,8.06
9/28/11,7.69
9/29/11,7.3
9/30/11,7.24
10/3/11,7.53
10/4/11,7.81
10/5/11,7.92
10/6/11,7.92
10/7/11,8.14
10/10/11,8.59
10/11/11,8.44
10/12/11,8.49
10/13/11,8.38
10/14/11,8.31
10/17/11,8.41
10/18/11,8.28
10/19/11,8.18
10/20/11,8.13
10/21/11,8.3
10/24/11,8.21
10/25/11,8.09
10/26/11,8.07
10/27/11,8.11
10/28/11,8.1
10/31/11,8.31
11/1/11,9.45
11/2/11,8.54
11/3/11,8.42
11/4/11,7.94
11/7/11,8.08
11/8/11,8.11
11/9/11,8.3
11/10/11,8.43
11/11/11,8.53
11/14/11,8.53
11/15/11,8.3
11/16/11,8.01
11/17/11,8.46
11/18/11,8.17
11/21/11,8.35
11/22/11,7.95
11/23/11,8.13
11/25/11,7.93
11/28/11,8.35
11/29/11,8.32
11/30/11,7.92
12/1/11,7.55
12/2/11,7.23
12/5/11,7.15
12/6/11,6.84
12/7/11,6.99
12/8/11,7.02
12/9/11,7.2
12/12/11,7.26
12/13/11,6.8
12/14/11,6.74
12/15/11,6.19
12/16/11,6.28
12/19/11,6
12/20/11,6.25
12/21/11,6.19
12/22/11,5.94
12/23/11,6.2
12/27/11,6.35
12/28/11,6.26
12/29/11,6.05
12/30/11,5.75
1/3/12,6.02
1/4/12,5.94
1/5/12,6.01
1/6/12,5.57
1/9/12,5.53
1/10/12,5.61
1/11/12,5.45
1/12/12,5.31
1/13/12,5.45
1/17/12,5.36
1/18/12,5.32
1/19/12,5.76
1/20/12,6.23
1/23/12,6.42
1/24/12,6.07
1/25/12,5.67
1/26/12,5.46
1/27/12,5.17
1/30/12,5.46
1/31/12,5.41
2/1/12,5.27
2/2/12,5.06
2/3/12,5.6
2/6/12,5.52
2/7/12,5.85
2/8/12,5.91
2/9/12,5.88
2/10/12,5.82
2/13/12,5.91
2/14/12,5.78
2/15/12,5.56
2/16/12,5.93
2/17/12,5.91
2/21/12,6.12
2/22/12,6.08
2/23/12,5.89
2/24/12,5.56
2/27/12,5.5
2/28/12,5.34
2/29/12,5.71
3/1/12,5.78
3/2/12,5.46
3/5/12,5.68
3/6/12,5.61
3/7/12,5.44
3/8/12,5.59
3/9/12,5.18
3/12/12,5.1
3/13/12,5.41
3/14/12,6.54
3/15/12,6.04
3/16/12,6.38
3/19/12,7.07
3/20/12,7.22
3/21/12,6.74
3/22/12,6.57
3/23/12,6.49
3/26/12,6.55
3/27/12,6.16
3/28/12,5.86
3/29/12,5.7
3/30/12,6.05
4/2/12,6.05
4/3/12,6.67
4/4/12,6.53
4/5/12,6.32
4/6/12,6.08
4/9/12,5.71
4/10/12,5.76
4/11/12,5.84
4/12/12,5.79
4/13/12,5.68
4/16/12,5.73
4/17/12,5.57
4/18/12,5.47
4/19/12,5.45
4/20/12,5.14
4/23/12,5.37
4/24/12,5.35
4/25/12,5.26
4/26/12,4.87
4/27/12,4.87
4/30/12,4.98
5/1/12,5.3
5/2/12,5.19
5/3/12,4.95
5/4/12,4.41
5/7/12,4.58
5/8/12,4.75
5/9/12,4.92
5/10/12,4.63
5/11/12,5
5/14/12,5.81
5/15/12,5.22
5/16/12,5.34
5/17/12,5.42
5/18/12,5.46
5/21/12,5.72
5/22/12,5.45
5/23/12,5.75
5/24/12,5.6
5/25/12,5.37
5/29/12,5.39
5/30/12,5.72
5/31/12,6
6/1/12,6.74
6/4/12,6.49
6/5/12,6.22
6/6/12,6.33
6/7/12,5.92
6/8/12,6.05
6/11/12,6.38
6/12/12,6.68
6/13/12,6.91
6/14/12,6.74
6/15/12,6.82
6/18/12,6.47
6/19/12,6.36
6/20/12,5.74
6/21/12,5.26
6/22/12,5.17
6/25/12,5.16
6/26/12,4.99
6/27/12,4.91
6/28/12,4.93
6/29/12,5.05
7/2/12,4.91
7/3/12,5.05
7/5/12,5.03
7/6/12,4.65
7/9/12,4.66
7/10/12,4.7
7/11/12,4.74
7/12/12,4.5
7/13/12,4.31
7/16/12,4.43
7/17/12,4.43
7/18/12,4.27
7/19/12,4.32
7/20/12,4.22
7/23/12,4.54
7/24/12,4.67
7/25/12,4.67
7/26/12,4.71
7/27/12,4.99
7/30/12,5.02
7/31/12,5.11
8/1/12,5.09
8/2/12,4.66
8/3/12,4.88
8/6/12,4.87
8/7/12,4.98
8/8/12,5.03
8/9/12,4.95
8/10/12,4.71
8/13/12,4.81
8/14/12,5.01
8/15/12,5.25
8/16/12,5.47
8/17/12,5.18
8/20/12,5.36
8/21/12,5.2
8/22/12,4.95
8/23/12,4.84
8/24/12,4.83
8/27/12,4.87
8/28/12,4.84
8/29/12,4.9
8/30/12,5.18
8/31/12,4.91
9/4/12,5.06
9/5/12,5.03
9/6/12,5.18
9/7/12,4.95
9/10/12,5.31
9/11/12,5.3
9/12/12,5.38
9/13/12,4.97
9/14/12,5.35
9/17/12,4.99
9/18/12,4.33
9/19/12,4.27
9/20/12,4.31
9/21/12,4.09
9/24/12,4.15
9/25/12,4.13
9/26/12,4.25
9/27/12,4.33
9/28/12,4.44
10/1/12,4.49
10/2/12,4.33
10/3/12,4.37
10/4/12,4.45
10/5/12,4.36
10/8/12,4.34
10/9/12,4.42
10/10/12,4.43
10/11/12,4.4
10/12/12,4.5
10/15/12,4.63
10/16/12,4.92
10/17/12,5.33
10/18/12,5.24
10/19/12,5.05
10/22/12,5.35
10/23/12,5.22
10/24/12,5.11
10/25/12,5.73
10/26/12,5.57
10/29/12,5.44
10/30/12,5.5
10/31/12,5.49
11/1/12,5.67
11/2/12,5.42
11/5/12,5.13
11/6/12,5.54
11/7/12,4.64
11/8/12,4.24
11/9/12,4.17
11/12/12,4.28
11/13/12,4.31
11/14/12,4.4
11/15/12,4.39
11/16/12,4.41
11/19/12,4.35
11/20/12,4.26
11/21/12,4.38
11/23/12,4.45
11/26/12,4.14
11/27/12,3.97
11/28/12,4.02
11/29/12,4.08
11/30/12,4.03
12/3/12,4.06
12/4/12,4
12/5/12,3.95
12/6/12,3.97
12/7/12,4.07
12/10/12,4.18
12/11/12,4.19
12/12/12,4.15
12/13/12,4.39
12/14/12,4.2
12/17/12,4.46
12/18/12,4.79
12/19/12,4.38
12/20/12,4.29
12/21/12,4.08
12/24/12,4.48
12/26/12,4.11
12/27/12,4.28
12/28/12,4.46
12/31/12,4.67
1/2/13,4.75
1/3/13,4.93
1/4/13,4.85
1/7/13,4.62
1/8/13,4.46
1/9/13,4.23
1/10/13,4.36
1/11/13,4.48
1/14/13,4.33
1/15/13,4.16
1/16/13,4.12
1/17/13,4.45
1/18/13,4.31
1/22/13,4.34
1/23/13,4.22
1/24/13,4.25
1/25/13,5.11
1/28/13,5.01
1/29/13,5.05
1/30/13,5.13
1/31/13,5.09
2/1/13,5.05
2/4/13,4.95
2/5/13,5.03
2/6/13,4.74
2/7/13,4.56
2/8/13,4.45
2/11/13,4.45
2/12/13,4.48
2/13/13,4.71
2/14/13,4.52
2/15/13,4.45
2/19/13,4.65
2/20/13,4.69
2/21/13,4.58
2/22/13,4.6
2/25/13,4.88
2/26/13,4.64
2/27/13,4.56
2/28/13,4.4
3/1/13,4.33
3/4/13,4.29
3/5/13,4.27
3/6/13,4.48
3/7/13,4.69
3/8/13,4.44
3/11/13,4.42
3/12/13,4.29
3/13/13,4.23
3/14/13,4.25
3/15/13,4.31
3/18/13,4.16
3/19/13,4.56
3/20/13,4.28
3/21/13,4.34
3/22/13,4.57
3/25/13,4.32
3/26/13,4.02
3/27/13,4.14
3/28/13,4.05
4/1/13,4.2
4/2/13,4.23
4/3/13,4.21
4/4/13,4.37
4/5/13,4.03
4/8/13,4.01
4/9/13,3.9
4/10/13,4.04
4/11/13,3.92
4/12/13,3.89
4/15/13,4.09
4/16/13,3.99
4/17/13,4.05
4/18/13,3.95
4/19/13,3.75
4/22/13,3.84
4/23/13,3.92
4/24/13,3.94
4/25/13,3.9
4/26/13,3.77
4/29/13,3.86
4/30/13,3.97
5/1/13,3.95
5/2/13,3.85
5/3/13,4.03
5/6/13,3.97
5/7/13,3.83
5/8/13,3.62
5/9/13,3.73
5/10/13,4.33
5/13/13,4.72
5/14/13,4.71
5/15/13,4.78
5/16/13,4.41
5/17/13,4.86
5/20/13,4.97
5/21/13,4.85
5/22/13,5.18
5/23/13,5.39
5/24/13,5.13
5/28/13,6.13
5/29/13,6.6
5/30/13,6.11
5/31/13,6.25
6/3/13,6.64
6/4/13,6.51
6/5/13,6.36
6/6/13,6.29
6/7/13,6.02
6/10/13,6
6/11/13,6
6/12/13,6.07
6/13/13,5.96
6/14/13,5.9
6/17/13,5.99
6/18/13,6.1
6/19/13,6.48
6/20/13,6.86
6/21/13,7.78
6/24/13,8.62
6/25/13,8.35
6/26/13,7.77
6/27/13,7.22
6/28/13,7.35
7/1/13,7.39
7/2/13,7.5
7/3/13,8
7/5/13,8.18
7/8/13,7.66
7/9/13,7.12
7/10/13,7.28
7/11/13,6.51
7/12/13,6.63
7/15/13,6.58
7/16/13,6.51
7/17/13,5.95
7/18/13,5.6
7/19/13,5.44
7/22/13,5.4
7/23/13,5.67
7/24/13,6.39
7/25/13,6.21
7/26/13,6.18
7/29/13,6.59
7/30/13,6.61
7/31/13,6.52
8/1/13,7.27
8/2/13,5.72
8/5/13,6.03
8/6/13,5.82
8/7/13,5.66
8/8/13,5.57
8/9/13,5.48
8/12/13,5.74
8/13/13,6.6
8/14/13,6.64
8/15/13,7.09
8/16/13,7.8
8/19/13,8.29
8/20/13,7.92
8/21/13,7.94
8/22/13,8.09
8/23/13,7.58
8/26/13,7.57
8/27/13,7.51
8/28/13,7.91
8/29/13,7.88
8/30/13,8.19
9/3/13,8.46
9/4/13,8.46
9/5/13,8.53
9/6/13,7.77
9/9/13,7.5
9/10/13,7.65
9/11/13,7.3
9/12/13,7.25
9/13/13,6.87
9/16/13,7.02
9/17/13,6.66
9/18/13,5.93
9/19/13,5.81
9/20/13,5.54
9/23/13,5.68
9/24/13,5.71
9/25/13,5.78
9/26/13,5.96
9/27/13,6.01
9/30/13,6.67
10/1/13,6.37
10/2/13,6.02
10/3/13,6.03
10/4/13,6.03
10/7/13,6.34
10/8/13,6.4
10/9/13,6.01
10/10/13,5.84
10/11/13,5.67
10/14/13,6.06
10/15/13,5.99
10/16/13,5.58
10/17/13,5.5
10/18/13,5.72
10/21/13,5.77
10/22/13,4.87
10/23/13,4.81
10/24/13,4.99
10/25/13,4.8
10/28/13,4.79
10/29/13,4.89
10/30/13,5
10/31/13,5.22
11/1/13,5.64
11/4/13,5.42
11/5/13,5.69
11/6/13,5.35
11/7/13,5.3
11/8/13,5.36
11/11/13,5.55
11/12/13,5.49
11/13/13,5.41
11/14/13,4.96
11/15/13,4.82
11/18/13,4.82
11/19/13,5.15
11/20/13,5.71
11/21/13,5.49
11/22/13,5.08
11/25/13,5.13
11/26/13,5.16
11/27/13,5.36
11/29/13,4.67
12/2/13,5.99
12/3/13,5.89
12/4/13,6.06
12/5/13,5.97
12/6/13,5.56
12/9/13,5.55
12/10/13,5.21
12/11/13,5.32
12/12/13,5.48
12/13/13,5.36
12/16/13,5.4
12/17/13,5.18
12/18/13,4.9
12/19/13,4.78
12/20/13,4.64
12/23/13,4.73
12/24/13,4.98
12/26/13,4.91
12/27/13,5.06
12/30/13,5.03
12/31/13,5.13
1/2/14,5.14
1/3/14,5.06
1/6/14,5.13
1/7/14,5
1/8/14,5.08
1/9/14,4.83
1/10/14,4.51
1/13/14,4.59
1/14/14,4.84
1/15/14,4.83
1/16/14,4.67
1/17/14,4.46
1/21/14,4.79
1/22/14,4.9
1/23/14,5.07
1/24/14,5.15
1/27/14,5.54
1/28/14,5.3
1/29/14,5.24
1/30/14,5.16
1/31/14,5.38
2/3/14,6.04
2/4/14,6.18
2/5/14,5.93
2/6/14,5.8
2/7/14,5.19
2/10/14,5.13
2/11/14,5.32
2/12/14,5.14
2/13/14,4.72
2/14/14,4.62
2/18/14,4.96
2/19/14,5
2/20/14,4.94
2/21/14,4.9
2/24/14,4.84
2/25/14,4.85
2/26/14,5.07
2/27/14,5.01
2/28/14,5.01
3/3/14,5.37
3/4/14,5.31
3/5/14,5.14
3/6/14,5.03
3/7/14,4.72
3/10/14,4.73
3/11/14,4.71
3/12/14,4.7
3/13/14,4.93
3/14/14,5.29
3/17/14,5.2
3/18/14,4.97
3/19/14,5.11
3/20/14,4.68
3/21/14,4.58
3/24/14,4.77
3/25/14,4.66
3/26/14,4.69
3/27/14,4.9
3/28/14,5.03
3/31/14,5.15
4/1/14,4.99
4/2/14,5.07
4/3/14,5.03
4/4/14,4.24
4/7/14,4.11
4/8/14,4.33
4/9/14,4.21
4/10/14,4.38
4/11/14,4.84
4/14/14,4.98
4/15/14,4.96
4/16/14,4.81
4/17/14,4.78
4/21/14,4.74
4/22/14,4.72
4/23/14,4.71
4/24/14,4.81
4/25/14,4.99
4/28/14,5.19
4/29/14,5.12
4/30/14,4.95
5/1/14,5.04
5/2/14,4.63
5/5/14,4.74
5/6/14,4.81
5/7/14,4.65
5/8/14,4.4
5/9/14,4.37
5/12/14,4.45
5/13/14,4.41
5/14/14,4.65
5/15/14,4.95
5/16/14,4.81
5/19/14,4.89
5/20/14,4.86
5/21/14,4.84
5/22/14,4.68
5/23/14,4.66
5/27/14,4.8
5/28/14,5.03
5/29/14,5.08
5/30/14,5.18
6/2/14,5.4
6/3/14,5.46
6/4/14,5.41
6/5/14,4.99
6/6/14,4.64
6/9/14,4.58
6/10/14,4.55
6/11/14,4.56
6/12/14,4.6
6/13/14,4.48
6/16/14,4.58
6/17/14,4.78
6/18/14,4.29
6/19/14,4.28
6/20/14,4.3
6/23/14,4.34
6/24/14,4.39
6/25/14,4.42
6/26/14,4.31
6/27/14,4.3
6/30/14,4.44
7/1/14,4.43
7/2/14,4.41
7/3/14,3.95
7/7/14,4.09
7/8/14,4.19
7/9/14,4.16
7/10/14,4.31
7/11/14,4.23
7/14/14,4.41
7/15/14,4.3
7/16/14,4.12
7/17/14,4.6
7/18/14,4.16
7/21/14,4.4
7/22/14,4.46
7/23/14,4.4
7/24/14,4.49
7/25/14,4.53
7/28/14,4.62
7/29/14,4.63
7/30/14,4.58
7/31/14,4.74
8/1/14,4.28
8/4/14,4.38
8/5/14,4.37
8/6/14,4.51
8/7/14,4.95
8/8/14,5.08
8/11/14,4.94
8/12/14,4.92
8/13/14,4.83
8/14/14,4.79
8/15/14,5.13
8/18/14,4.93
8/19/14,4.89
8/20/14,4.9
8/21/14,4.71
8/22/14,4.69
8/25/14,4.52
8/26/14,4.51
8/27/14,4.61
8/28/14,4.83
8/29/14,4.93
9/2/14,5.17
9/3/14,5.1
9/4/14,4.95
9/5/14,4.57
9/8/14,4.76
9/9/14,4.79
9/10/14,4.95
9/11/14,4.94
9/12/14,5.16
9/15/14,5.28
9/16/14,5.27
9/17/14,4.86
9/18/14,4.85
9/19/14,4.41
9/22/14,4.43
9/23/14,4.41
9/24/14,4.5
9/25/14,4.62
9/26/14,4.83
9/29/14,4.83
9/30/14,4.83
10/1/14,4.85
10/2/14,4.93
10/3/14,4.63
10/6/14,4.68
10/7/14,4.99
10/8/14,4.97
10/9/14,4.98
10/10/14,5.2
10/13/14,5.74
10/14/14,6.31
10/15/14,7.72
10/16/14,6.81
10/17/14,6.37
10/20/14,5.91
10/21/14,6.18
10/22/14,6
10/23/14,6.08
10/24/14,6.15
10/27/14,5.95
10/28/14,5.46
10/29/14,5.35
10/30/14,5.11
10/31/14,5.16
11/3/14,5.26
11/4/14,5.4
11/5/14,5.41
11/6/14,5.16
11/7/14,5.08
11/10/14,5.13
11/11/14,5.19
11/12/14,5.26
11/13/14,5.39
11/14/14,5.44
11/17/14,5.45
11/18/14,5.25
11/19/14,5.23
11/20/14,5.1
11/21/14,5.01
11/24/14,4.89
11/25/14,5.31
11/26/14,5.11
11/28/14,4.89
12/1/14,5.49
12/2/14,5.35
12/3/14,5.14
12/4/14,4.99
12/5/14,4.78
12/8/14,4.82
12/9/14,5
12/10/14,5.49
12/11/14,5.88
12/12/14,6.61
12/15/14,6.29
12/16/14,6.75
12/17/14,5.85
12/18/14,5.59
12/19/14,5.41
12/22/14,5.44
12/23/14,5.56
12/24/14,5.39
12/26/14,5.31
12/29/14,5.61
12/30/14,5.41
12/31/14,5.35
1/2/15,5.61
1/5/15,6.23
1/6/15,6.84
1/7/15,6.63
1/8/15,6.37
1/9/15,6.21
1/12/15,6.74
1/13/15,6.66
1/14/15,6.85
1/15/15,7.66
1/16/15,7.31
1/20/15,7.24
1/21/15,6.91
1/22/15,6.59
1/23/15,7.04
1/26/15,6.83
1/27/15,6.56
1/28/15,6.6
1/29/15,6.45
1/30/15,6.52
2/2/15,6.49
2/3/15,6.79
2/4/15,6.88
2/5/15,6.66
2/6/15,6.47
2/9/15,6.93
2/10/15,6.99
2/11/15,6.63
2/12/15,6.49
2/13/15,6.64
2/17/15,6.83
2/18/15,7.04
2/19/15,7.1
2/20/15,6.98
2/23/15,6.86
2/24/15,6.42
2/25/15,6.41
2/26/15,6.29
2/27/15,6.23
3/2/15,6.42
3/3/15,6.29
3/4/15,6.12
3/5/15,5.95
3/6/15,5.68
3/9/15,5.65
3/10/15,5.8
3/11/15,5.78
3/12/15,5.79
3/13/15,5.71
3/16/15,5.83
3/17/15,5.83
3/18/15,5.66
3/19/15,5.66
3/20/15,5.53
3/23/15,5.46
3/24/15,5.61
3/25/15,5.57
3/26/15,5.63
3/27/15,5.77
3/30/15,5.77
3/31/15,5.78
4/1/15,5.83
4/2/15,5.66
4/6/15,5.45
4/7/15,5.37
4/8/15,5.09
4/9/15,5.05
4/10/15,5.01
4/13/15,5.14
4/14/15,4.94
4/15/15,4.82
4/16/15,4.85
4/17/15,4.99
4/20/15,5.19
4/21/15,5.06
4/22/15,5.17
4/23/15,5.12
4/24/15,4.89
4/27/15,5.03
4/28/15,5.15
4/29/15,5.32
4/30/15,5.45
5/1/15,5.9
5/4/15,6.27
5/5/15,6.37
5/6/15,6.53
5/7/15,6.16
5/8/15,5.62
5/11/15,6.38
5/12/15,6.5
5/13/15,6.43
5/14/15,5.99
5/15/15,6
5/18/15,6.13
5/19/15,6.36
5/20/15,6.22
5/21/15,6.18
5/22/15,6
5/26/15,6.15
5/27/15,5.88
5/28/15,6.01
5/29/15,5.99
6/1/15,6.1
6/2/15,6.22
6/3/15,6.74
6/4/15,6.56
6/5/15,6.28
6/8/15,6.29
6/9/15,6.36
6/10/15,6.74
6/11/15,6.18
6/12/15,6.39
6/15/15,6.25
6/16/15,6.21
6/17/15,5.85
6/18/15,5.99
6/19/15,6.2
6/22/15,6.17
6/23/15,6.23
6/24/15,6.18
6/25/15,6.28
6/26/15,6.37
6/29/15,7.27
6/30/15,6.9
7/1/15,6.56
7/2/15,6.58
7/6/15,6.61
7/7/15,6.63
7/8/15,6.76
7/9/15,6.81
7/10/15,6.69
7/13/15,6.32
7/14/15,6.05
7/15/15,5.97
7/16/15,5.66
7/17/15,5.47
7/20/15,5.38
7/21/15,5.33
7/22/15,5.33
7/23/15,5.37
7/24/15,5.4
7/27/15,5.55
7/28/15,5.46
7/29/15,5.24
7/30/15,5.37
7/31/15,5.58
8/3/15,5.68
8/4/15,5.69
8/5/15,5.43
8/6/15,5.59
8/7/15,5.32
8/10/15,5.35
8/11/15,5.6
8/12/15,5.95
8/13/15,5.69
8/14/15,5.65
8/17/15,5.74
8/18/15,5.68
8/19/15,5.59
8/20/15,5.79
8/21/15,6.02
8/24/15,6.47
8/25/15,6.43
8/26/15,6.41
8/27/15,6.2
8/28/15,6.02
8/31/15,6.01
9/1/15,6.27
9/2/15,6.01
9/3/15,5.79
9/4/15,5.66
9/8/15,5.84
9/9/15,5.79
9/10/15,5.64
9/11/15,5.63
9/14/15,5.71
9/15/15,5.94
9/16/15,6.01
9/17/15,5.2
9/18/15,5.09
9/21/15,5.17
9/22/15,5.32
9/23/15,5.34
9/24/15,5.47
9/25/15,5.15
9/28/15,5.63
9/29/15,5.65
9/30/15,5.54
10/1/15,5.34
10/2/15,5.08
10/5/15,5.16
10/6/15,5.17
10/7/15,5.07
10/8/15,5.03
10/9/15,4.98
10/12/15,5.1
10/13/15,5.03
10/14/15,4.98
10/15/15,4.96
10/16/15,4.81
10/19/15,5.02
10/20/15,5.09
10/21/15,4.91
10/22/15,4.88
10/23/15,4.98
10/26/15,5.07
10/27/15,5.17
10/28/15,5.34
10/29/15,5.33
10/30/15,5.28
11/2/15,5.49
11/3/15,5.54
11/4/15,5.57
11/5/15,5.53
11/6/15,5.09
11/9/15,5.19
11/10/15,5.19
11/11/15,5.13
11/12/15,5.11
11/13/15,4.93
11/16/15,5.1
11/17/15,5.08
11/18/15,4.9
11/19/15,5.04
11/20/15,4.84
11/23/15,5.21
11/24/15,5.21
11/25/15,5.11
11/27/15,5.15
11/30/15,5.28
12/1/15,5.52
12/2/15,5.35
12/3/15,5.23
12/4/15,4.83
12/7/15,4.96
12/8/15,4.99
12/9/15,5.15
12/10/15,5.17
12/11/15,5.59
12/14/15,5.97
12/15/15,5.9
12/16/15,5.09
12/17/15,4.77
12/18/15,4.77
12/21/15,4.78
12/22/15,4.83
12/23/15,4.7
12/24/15,4.63
12/28/15,4.81
12/29/15,5.01
12/30/15,4.95
12/31/15,4.96
1/4/16,5.28
1/5/16,5.22
1/6/16,5.33
1/7/16,5.41
1/8/16,5.28
1/11/16,5.28
1/12/16,5.43
1/13/16,5.63
1/14/16,5.53
1/15/16,6.17
1/19/16,6.35
1/20/16,6.29
1/21/16,5.88
1/22/16,5.64
1/25/16,5.8
1/26/16,5.71
1/27/16,5.53
1/28/16,5.39
1/29/16,5.69
2/1/16,5.6
2/2/16,6.03
2/3/16,6.21
2/4/16,6.08
2/5/16,5.99
2/8/16,7.11
2/9/16,6.86
2/10/16,6.72
2/11/16,7.65
2/12/16,6.9
2/16/16,6.37
2/17/16,6.17
2/18/16,6.33
2/19/16,6.26
2/22/16,6.07
2/23/16,6.08
2/24/16,6.02
2/25/16,6.01
2/26/16,5.8
2/29/16,5.76
3/1/16,5.8
3/2/16,5.79
3/3/16,5.63
3/4/16,5.54
3/7/16,5.74
3/8/16,5.96
3/9/16,5.9
3/10/16,5.78
3/11/16,5.7
3/14/16,5.66
3/15/16,5.48
3/16/16,5.47
3/17/16,5.07
3/18/16,4.94
3/21/16,5.31
3/22/16,5.44
3/23/16,5.45
3/24/16,5.35
3/28/16,5.5
3/29/16,5.32
3/30/16,5.22
3/31/16,5.16
4/1/16,4.83
4/4/16,4.99
4/5/16,5.28
4/6/16,5.04
4/7/16,5.32
4/8/16,5.16
4/11/16,5.12
4/12/16,5.12
4/13/16,4.99
4/14/16,5.05
4/15/16,4.78
4/18/16,4.94
4/19/16,5.09
4/20/16,5.3
4/21/16,5.53
4/22/16,5.37
4/25/16,5.61
4/26/16,5.38
4/27/16,5.34
4/28/16,5.5
4/29/16,5.45
5/2/16,5.51
5/3/16,5.65
5/4/16,5.58
5/5/16,5.54
5/6/16,5.18
5/9/16,5.33
5/10/16,5.28
5/11/16,5.33
5/12/16,5.32
5/13/16,5.45
5/16/16,5.57
5/17/16,5.38
5/18/16,5.56
5/19/16,5.55
5/20/16,5.27
5/23/16,5.32
5/24/16,5.12
5/25/16,4.88
5/26/16,4.81
5/27/16,4.8
5/31/16,5.17
6/1/16,5.19
6/2/16,5.16
6/3/16,5.02
6/6/16,4.95
6/7/16,4.89
6/8/16,4.97
6/9/16,5.15
6/10/16,5.56
6/13/16,6.24
6/14/16,6.04
6/15/16,6.16
6/16/16,6.64
6/17/16,6.33
6/20/16,6.26
6/21/16,6.15
6/22/16,6.38
6/23/16,6.05
6/24/16,6.58
6/27/16,6.75
6/28/16,6.04
6/29/16,5.46
6/30/16,5.63
7/1/16,5.58
7/5/16,6.06
7/6/16,5.99
7/7/16,5.99
7/8/16,5.51
7/11/16,5.56
7/12/16,5.62
7/13/16,5.63
7/14/16,5.74
7/15/16,5.83
7/18/16,5.6
7/19/16,5.52
7/20/16,5.41
7/21/16,5.43
7/22/16,5.31
7/25/16,5.47
7/26/16,5.33
7/27/16,5.14
7/28/16,5.24
7/29/16,4.84
8/1/16,5.02
8/2/16,5.29
8/3/16,5.23
8/4/16,5.07
8/5/16,5.02
8/8/16,5.04
8/9/16,4.92
8/10/16,4.8
8/11/16,4.97
8/12/16,4.81
8/15/16,5.08
8/16/16,5.09
8/17/16,4.98
8/18/16,4.99
8/19/16,5.03
8/22/16,5.1
8/23/16,4.95
8/24/16,5.09
8/25/16,5.39
8/26/16,5.42
8/29/16,5.14
8/30/16,5.12
8/31/16,5.16
9/1/16,5.16
9/2/16,4.75
9/6/16,4.65
9/7/16,4.7
9/8/16,4.81
9/9/16,5.18
9/12/16,5.08
9/13/16,5.24
9/14/16,5.25
9/15/16,5.06
9/16/16,4.83
9/19/16,5.14
9/20/16,5.12
9/21/16,4.62
9/22/16,4.4
9/23/16,4.41
9/26/16,4.6
9/27/16,4.46
9/28/16,4.38
9/29/16,4.67
9/30/16,4.73
10/3/16,4.62
10/4/16,4.66
10/5/16,4.6
10/6/16,4.74
10/7/16,4.59
10/10/16,4.77
10/11/16,4.73
10/12/16,4.71
10/13/16,4.62
10/14/16,4.52
10/17/16,4.61
10/18/16,4.38
10/19/16,4.44
10/20/16,4.17
10/21/16,3.94
10/24/16,4.13
10/25/16,4.14
10/26/16,4.36
10/27/16,4.54
10/28/16,4.58
10/31/16,4.9
11/1/16,4.98
11/2/16,5.03
11/3/16,5.16
11/4/16,5.31
11/7/16,5.44
11/8/16,5.14
11/9/16,5.74
11/10/16,5.92
11/11/16,6.26
11/14/16,7.07
11/15/16,6.43
11/16/16,6.17
11/17/16,6.17
11/18/16,6.83
11/21/16,6.74
11/22/16,6.2
11/23/16,6.41
11/25/16,6.72
11/28/16,6.41
11/29/16,6.26
11/30/16,6.95
12/1/16,7.01
12/2/16,6.84
12/5/16,6.52
12/6/16,6.14
12/7/16,5.93
12/8/16,5.7
12/9/16,5.94
12/12/16,6.26
12/13/16,6.08
12/14/16,6.26
12/15/16,6.16
12/16/16,5.26
12/19/16,5.14
12/20/16,5.37
12/21/16,5.34
12/22/16,5.3
12/23/16,5.27
12/27/16,5.43
12/28/16,5.35
12/29/16,5.49
12/30/16,5.4
1/3/17,5.82
1/4/17,5.8
1/5/17,6.12
1/6/17,5.64
1/9/17,5.78
1/10/17,5.59
1/11/17,5.44
1/12/17,5.51
1/13/17,5.44
1/17/17,5.86
1/18/17,5.87
1/19/17,6
1/20/17,5.56
1/23/17,5.77
1/24/17,5.83
1/25/17,5.91
1/26/17,5.65
1/27/17,5.47
1/30/17,5.7
1/31/17,5.79
2/1/17,5.56
2/2/17,5.4
2/3/17,5.07
2/6/17,5.42
2/7/17,5.39
2/8/17,5.54
2/9/17,5.39
2/10/17,5.3
2/13/17,5.33
2/14/17,5.09
2/15/17,4.87
2/16/17,4.97
2/17/17,5.18
2/21/17,5.37
2/22/17,5.41
2/23/17,5.29
2/24/17,5.37
2/27/17,5.46
2/28/17,5.68
3/1/17,5.29
3/2/17,5.04
3/3/17,4.79
3/6/17,4.91
3/7/17,4.82
3/8/17,4.98
3/9/17,5.07
3/10/17,4.79
3/13/17,5.03
3/14/17,5.05
3/15/17,4.54
3/16/17,4.56
3/17/17,4.34
3/20/17,4.43
3/21/17,4.69
3/22/17,4.83
3/23/17,5.01
3/24/17,4.75
3/27/17,4.87
3/28/17,4.75
3/29/17,4.69
3/30/17,4.73
3/31/17,4.68
4/3/17,4.95
4/4/17,5.14
4/5/17,5.25
4/6/17,5.12
4/7/17,5.08
4/10/17,5.3
4/11/17,5.67
4/12/17,5.89
4/13/17,5.59
4/17/17,5.67
4/18/17,5.81
4/19/17,5.74
4/20/17,5.76
4/21/17,6.28
4/24/17,5.08
4/25/17,4.87
4/26/17,4.79
4/27/17,4.59
4/28/17,4.65
5/1/17,4.75
5/2/17,4.73
5/3/17,4.69
5/4/17,4.83
5/5/17,4.85
5/8/17,4.52
5/9/17,4.56
5/10/17,4.38
5/11/17,4.52
5/12/17,4.48
5/15/17,4.41
5/16/17,4.36
5/17/17,5
5/18/17,4.67
5/19/17,4.6
5/22/17,4.53
5/23/17,4.53
5/24/17,4.45
5/25/17,4.37
5/26/17,4.28
5/30/17,4.57
5/31/17,4.57
6/1/17,4.51
6/2/17,4.36
6/5/17,4.37
6/6/17,4.53
6/7/17,4.5
6/8/17,4.38
6/9/17,4.21
6/12/17,4.25
6/13/17,4.22
6/14/17,4.25
6/15/17,4.17
6/16/17,3.98
6/19/17,4.2
6/20/17,4.16
6/21/17,4.24
6/22/17,4.11
6/23/17,4.05
6/26/17,3.98
6/27/17,4.29
6/28/17,4.3
6/29/17,4.63
6/30/17,4.87
7/3/17,4.82
7/5/17,4.64
7/6/17,4.68
7/7/17,4.45
7/10/17,4.38
7/11/17,4.43
7/12/17,4.3
7/13/17,4.28
7/14/17,3.75
7/17/17,3.89
7/18/17,3.93
7/19/17,3.87
7/20/17,3.72
7/21/17,3.64
7/24/17,3.88
7/25/17,4.2
7/26/17,3.81
7/27/17,3.89
7/28/17,3.85
7/31/17,4
8/1/17,4.05
8/2/17,3.88
8/3/17,3.86
8/4/17,3.74
8/7/17,3.83
8/8/17,4
8/9/17,4.26
8/10/17,4.56
8/11/17,4.43
8/14/17,4.19
8/15/17,4.08
8/16/17,4.03
8/17/17,4.22
8/18/17,4.19
8/21/17,4.39
8/22/17,4.15
8/23/17,4.29
8/24/17,4.25
8/25/17,4.01
8/28/17,3.92
8/29/17,4.19
8/30/17,4.19
8/31/17,4.14
9/1/17,3.93
9/5/17,4.54
9/6/17,4.52
9/7/17,4.6
9/8/17,4.62
9/11/17,4.27
9/12/17,4.19
9/13/17,4.17
9/14/17,4.12
9/15/17,3.78
9/18/17,4.01
9/19/17,4.05
9/20/17,4.08
9/21/17,3.92
9/22/17,4.11
9/25/17,4.32
9/26/17,4.1
9/27/17,4.15
9/28/17,4.08
9/29/17,4.24
10/2/17,4.33
10/3/17,4.21
10/4/17,4.23
10/5/17,4.3
10/6/17,4.35
10/9/17,4.38
10/10/17,4.34
10/11/17,4.2
10/12/17,4.21
10/13/17,3.93
10/16/17,3.93
10/17/17,4.04
10/18/17,4.18
10/19/17,4.13
10/20/17,4.39
10/23/17,4.41
10/24/17,4.52
10/25/17,4.53
10/26/17,4.47
10/27/17,4.03
10/30/17,4.12
10/31/17,4.09
11/1/17,3.95
11/2/17,3.73
11/3/17,3.55
11/6/17,3.71
11/7/17,3.67
11/8/17,3.66
11/9/17,3.69
11/10/17,3.84
11/13/17,3.9
11/14/17,3.86
11/15/17,3.93
11/16/17,3.88
11/17/17,3.81
11/20/17,3.83
11/21/17,3.79
11/22/17,3.59
11/24/17,3.4
11/27/17,3.6
11/28/17,3.6
11/29/17,3.62
11/30/17,3.86
12/1/17,4.03
12/4/17,4.06
12/5/17,3.93
12/6/17,3.79
12/7/17,3.78
12/8/17,3.59
12/11/17,3.65
12/12/17,3.72
12/13/17,3.44
12/14/17,3.5
12/15/17,3.21
12/18/17,3.32
12/19/17,3.43
12/20/17,3.52
12/21/17,3.52
12/22/17,3.61
12/26/17,3.55
12/27/17,3.42
12/28/17,3.49
12/29/17,3.52
1/2/18,3.73
1/3/18,3.55
1/4/18,3.6
1/5/18,3.44
1/8/18,3.52
1/9/18,3.78
1/10/18,3.68
1/11/18,3.68
1/12/18,3.63
1/16/18,3.66
1/17/18,3.69
1/18/18,3.96
1/19/18,4.27
1/22/18,4.14
1/23/18,4.03
1/24/18,4.18
1/25/18,3.99
1/26/18,4.4
1/29/18,4.39
1/30/18,4.51
1/31/18,4.37
2/1/18,4.49
2/2/18,4.48
2/5/18,5.08
2/6/18,5.13
2/7/18,5.15
2/8/18,6.07
2/9/18,5.78
2/12/18,5.35
2/13/18,5.43
2/14/18,5.33
2/15/18,4.8
2/16/18,4.56
2/20/18,4.77
2/21/18,4.83
2/22/18,4.78
2/23/18,4.88
2/26/18,4.84
2/27/18,4.86
2/28/18,4.83
3/1/18,4.82
3/2/18,4.92
3/5/18,4.89
3/6/18,4.72
3/7/18,4.78
3/8/18,4.51
3/9/18,4.3
3/12/18,4.2
3/13/18,4.04
3/14/18,4.2
3/15/18,4.13
3/16/18,4.1
3/19/18,4.38
3/20/18,4.4
3/21/18,3.87
3/22/18,4
3/23/18,4.12
3/26/18,3.94
3/27/18,4.04
3/28/18,4.14
3/29/18,4.17
4/2/18,4.33
4/3/18,4.02
4/4/18,3.93
4/5/18,3.88
4/6/18,3.85
4/9/18,3.82
4/10/18,3.78
4/11/18,3.72
4/12/18,3.72
4/13/18,3.53
4/16/18,3.64
4/17/18,3.46
4/18/18,3.66
4/19/18,3.72
4/20/18,3.76
4/23/18,3.87
4/24/18,3.99
4/25/18,4.31
4/26/18,4.06
4/27/18,3.81
4/30/18,3.93
5/1/18,3.98
5/2/18,3.77
5/3/18,3.72
5/4/18,3.58
5/7/18,3.68
5/8/18,3.85
5/9/18,3.85
5/10/18,3.61
5/11/18,3.44
5/14/18,3.58
5/15/18,3.87
5/16/18,4.08
5/17/18,4.05
5/18/18,3.82
5/21/18,4.1
5/22/18,3.87
5/23/18,3.96
5/24/18,3.74
5/25/18,3.81
5/29/18,5.08
5/30/18,4.8
5/31/18,4.54
6/1/18,4.08
6/4/18,4.08
6/5/18,4.08
6/6/18,4.22
6/7/18,4.31
6/8/18,4.38
6/11/18,4.43
6/12/18,4.34
6/13/18,4.07
6/14/18,3.95
6/15/18,3.66
6/18/18,3.74
6/19/18,3.95
6/20/18,3.79
6/21/18,4.01
6/22/18,3.76
6/25/18,4.01
6/26/18,3.79
6/27/18,3.98
6/28/18,3.92
6/29/18,3.72
7/2/18,3.79
7/3/18,3.87
7/5/18,3.87
7/6/18,3.71
7/9/18,3.77
7/10/18,3.79
7/11/18,3.86
7/12/18,3.69
7/13/18,3.63
7/16/18,3.76
7/17/18,3.65
7/18/18,3.62
7/19/18,3.65
7/20/18,3.76
7/23/18,4.09
7/24/18,3.94
7/25/18,3.92
7/26/18,3.91
7/27/18,3.74
7/30/18,3.97
7/31/18,3.65
8/1/18,3.79
8/2/18,3.78
8/3/18,3.69
8/6/18,3.68
8/7/18,3.65
8/8/18,3.63
8/9/18,3.58
8/10/18,3.94
8/13/18,4.15
8/14/18,3.86
8/15/18,3.99
8/16/18,3.88
8/17/18,3.87
8/20/18,3.97
8/21/18,3.73
8/22/18,3.8
8/23/18,3.72
8/24/18,3.51
8/27/18,3.58
8/28/18,3.69
8/29/18,3.58
8/30/18,3.74
8/31/18,3.65
9/4/18,3.81
9/5/18,3.72
9/6/18,3.72
9/7/18,3.58
9/10/18,3.6
9/11/18,3.52
9/12/18,3.42
9/13/18,3.33
9/14/18,3.16
9/17/18,3.27
9/18/18,3.37
9/19/18,3.54
9/20/18,3.5
9/21/18,3.41
9/24/18,3.62
9/25/18,3.71
9/26/18,3.45
9/27/18,3.33
9/28/18,3.34
10/1/18,3.47
10/2/18,3.46
10/3/18,3.87
10/4/18,4.14
10/5/18,4.21
10/8/18,4.32
10/9/18,4.1
10/10/18,4.42
10/11/18,4.16
10/12/18,3.93
10/15/18,3.89
10/16/18,3.71
10/17/18,3.67
10/18/18,3.78
10/19/18,3.74
10/22/18,3.93
10/23/18,4.16
10/24/18,4.69
10/25/18,4.28
10/26/18,4.69
10/29/18,4.67
10/30/18,4.64
10/31/18,4.41
11/1/18,4.34
11/2/18,4.58
11/5/18,4.43
11/6/18,4.66
11/7/18,4.01
11/8/18,4.01
11/9/18,3.82
11/12/18,3.9
11/13/18,4.08
11/14/18,4.17
11/15/18,4.07
11/16/18,4.21
11/19/18,4.37
11/20/18,4.29
11/21/18,4.32
11/23/18,4.01
11/26/18,3.94
11/27/18,3.89
11/28/18,3.83
11/29/18,3.85
11/30/18,3.88
12/3/18,3.76
12/4/18,3.99
12/6/18,4.23
12/7/18,4.35
12/10/18,4.38
12/11/18,4.29
12/12/18,4.01
12/13/18,3.81
12/14/18,3.66
12/17/18,4.04
12/18/18,4.11
12/19/18,3.83
12/20/18,4.31
12/21/18,4.89
12/24/18,4.91
12/26/18,4.41
12/27/18,4.57
12/28/18,4.55
12/31/18,4.58
1/2/19,4.39
1/3/19,5.04
1/4/19,4.63
1/7/19,4.48
1/8/19,4.42
1/9/19,4.29
1/10/19,4.16
1/11/19,4.02
1/14/19,4.05
1/15/19,3.97
1/16/19,3.92
1/17/19,4.02
1/18/19,3.84
1/22/19,4.25
1/23/19,4.1
1/24/19,4.07
1/25/19,3.8
1/28/19,3.87
1/29/19,3.92
1/30/19,3.79
1/31/19,3.83
2/1/19,3.66
2/4/19,3.73
2/5/19,3.64
2/6/19,3.6
2/7/19,3.66
2/8/19,3.64
2/11/19,3.68
2/12/19,3.72
2/13/19,3.6
2/14/19,3.62
2/15/19,3.42
2/19/19,3.64
2/20/19,3.47
2/21/19,3.61
2/22/19,3.55
2/25/19,3.58
2/26/19,3.69
2/27/19,3.89
2/28/19,3.86
3/1/19,3.88
3/4/19,3.86
3/5/19,3.72
3/6/19,3.64
3/7/19,3.71
3/8/19,3.62
3/11/19,3.69
3/12/19,3.76
3/13/19,3.75
3/14/19,3.76
3/15/19,3.76
3/18/19,3.55
3/19/19,3.45
3/20/19,3.42
3/21/19,3.55
3/22/19,4.29
3/25/19,5.24
3/26/19,4.54
3/27/19,4.78
3/28/19,4.42
3/29/19,4.39
4/1/19,3.91
4/2/19,3.97
4/3/19,3.77
4/4/19,3.78
4/5/19,3.62
4/8/19,3.64
4/9/19,3.68
4/10/19,3.59
4/11/19,3.42
4/12/19,3.45
4/15/19,3.5
4/16/19,3.62
4/17/19,3.68
4/18/19,3.56
4/22/19,3.56
4/23/19,3.91
4/24/19,3.9
4/25/19,3.81
4/26/19,3.64
4/29/19,4.07
4/30/19,3.96
5/1/19,3.83
5/2/19,3.72
5/3/19,3.59
5/6/19,3.99
5/7/19,4.35
5/8/19,4.18
5/9/19,4.31
5/10/19,4.03
5/13/19,4.37
5/14/19,4.15
5/15/19,4.11
5/16/19,4
5/17/19,4.1
5/20/19,4.18
5/21/19,4.08
5/22/19,4.08
5/23/19,4.41
5/24/19,4.22
5/28/19,4.77
5/29/19,4.69
5/30/19,4.66
5/31/19,5.61
6/3/19,5.72
6/4/19,5.21
6/5/19,5.28
6/6/19,5.08
6/7/19,4.64
6/10/19,4.42
6/11/19,4.49
6/12/19,4.69
6/13/19,5.28
6/14/19,5.41
6/17/19,5.36
6/18/19,5.22
6/19/19,4.85
6/20/19,4.84
6/21/19,4.85
6/24/19,4.96
6/25/19,5.05
6/26/19,4.75